Sample_ID,lat,lon,dissolvedO2,orp,pH,tds,temp,time,turbidity,bga,bga_temp,chl_temp,chlorophyll
S1-Ulhas River,19.25431633,73.22120583,18.779,0,10.89,541.33392,35.8125,18-05-2025 16:11,0,22422.668,32.5,29.6,17.6
S1-Ulhas River,19.25432967,73.22122333,19.373,-3897,10.89,1715.1521,35.75,18-05-2025 16:11,0,26715.1152,32.5,29.7,31.4
S1-Ulhas River,19.25432567,73.22122917,19.373,-5423,10.89,1715.1521,35.75,18-05-2025 16:12,0,23560.6719,32.5,29.8,14.4
S1-Ulhas River,19.25432817,73.22122283,19.373,-5395,10.89,1715.1521,35.75,18-05-2025 16:12,0,20248.1699,32.5,29.9,19.7
S1-Ulhas River,19.2543245,73.22123267,19.373,-5460,10.89,1715.1521,35.5625,18-05-2025 16:12,0,20273.3301,32.4,29.9,24.8
S1-Ulhas River,19.25430467,73.22125967,19.688,-5401,10.89,1715.1521,35.0625,18-05-2025 16:13,0,20295.3477,32.4,29.9,21.6
S1-Ulhas River,19.254257,73.22132283,19.688,-5307,10.89,1715.1521,34.6875,18-05-2025 16:13,0,19299.3926,32.4,30,14.4
S1-Ulhas River,19.25418633,73.22141467,19.688,-5305,10.89,1715.1521,34.4375,18-05-2025 16:13,0,20046.9238,32.4,29.9,31.2
S1-Ulhas River,19.254183,73.22142033,19.688,-5300,10.89,1719.18884,34.1875,18-05-2025 16:14,0,20062.6426,32.4,30,31.9
S1-Ulhas River,19.25418883,73.22141733,19.688,-5201,10.89,1715.1521,34,18-05-2025 16:14,0,20068.9316,32.4,30,23
S1-Ulhas River,19.25418067,73.22140517,19.688,-5131,10.89,1715.1521,33.9375,18-05-2025 16:14,0,20106.6602,32.4,30,33.9
S1-Ulhas River,19.25417333,73.22140183,20.823,-4417,5.55004,1719.18884,33.0625,18-05-2025 16:15,0,20116.0938,32.4,29.9,13.1
S1-Ulhas River,19.254153,73.22141333,22.623,-3359,6.31593,1715.1521,33.125,18-05-2025 16:15,0,20138.1035,32.4,30,13.4
S1-Ulhas River,19.25414783,73.22140967,22.623,-3605,6.76536,1715.1521,33.0625,18-05-2025 16:16,0,20134.959,32.4,29.9,29.1
S1-Ulhas River,19.2541425,73.22140717,21.26,-3763,6.90897,1715.1521,33.0625,18-05-2025 16:16,0,20131.8145,32.4,30,32.5
S1-Ulhas River,19.25413733,73.22140767,20.334,-3850,6.80525,1715.1521,33.0625,18-05-2025 16:16,0,20150.6816,32.4,30,29.3
S1-Ulhas River,19.25414133,73.22140383,19.897,-3872,7.07119,1715.1521,33.0625,18-05-2025 16:17,0,20232.4434,32.3,29.6,17.6
S1-Ulhas River,19.254138,73.22140017,19.216,-3913,6.776,1719.18884,33.0625,18-05-2025 16:17,0,20273.3301,32.3,29.7,31.4
S1-Ulhas River,19.25413817,73.22140183,21.181,-3942,7.03396,1719.18884,33.0625,18-05-2025 16:17,0,20285.9121,32.3,29.8,14.4
S1-Ulhas River,19.2541375,73.2214005,21.181,-3934,7.018,1723.24219,33.0625,18-05-2025 16:18,0,20263.8945,32.3,29.9,19.7
S1-Ulhas River,19.254134,73.22139917,19.059,-3935,6.66697,1723.24219,33,18-05-2025 16:18,0,22422.668,32.5,29.9,24.8
S1-Ulhas River,19.25413583,73.22140167,23.771,-3919,6.80525,1715.1521,33.0625,18-05-2025 16:18,0,26715.1152,32.5,29.9,21.6
S1-Ulhas River,19.25413917,73.22140117,30.958,-3936,6.94354,1848.63745,33.0625,18-05-2025 16:19,0,23560.6719,32.5,30,14.4
S1-Ulhas River,19.2541415,73.22140383,30.958,-3960,6.71749,1939.80701,33,18-05-2025 16:19,0,20248.1699,32.5,29.9,31.2
S1-Ulhas River,19.25414083,73.22140917,31.214,-3987,5.2522,1985.76587,33.0625,18-05-2025 16:20,0,20273.3301,32.4,30,31.9
S1-Ulhas River,19.2541445,73.22141767,31.582,-3925,4.46237,1996.23499,33.0625,18-05-2025 16:20,0,20295.3477,32.4,30,23
S1-Ulhas River,19.25414417,73.22143017,32.178,-3890,3.96242,2001.50586,33.0625,18-05-2025 16:20,0,19299.3926,32.4,30,33.9
S1-Ulhas River,19.254148,73.22143083,33.03,-3898,4.89585,2012.11951,33.0625,18-05-2025 16:21,0,20046.9238,32.4,29.9,13.1
S1-Ulhas River,19.254144,73.22143783,18.779,-4002,4.38259,1985.76587,33.0625,18-05-2025 16:21,0,20062.6426,32.4,30,13.4
S1-Ulhas River,19.254142,73.2214245,19.373,-3989,4.59534,541.33392,33,18-05-2025 16:21,0,20068.9316,32.4,29.9,29.1
S1-Ulhas River,19.2541325,73.2214175,19.373,-3966,4.39589,1715.1521,33.0625,18-05-2025 16:22,0,20106.6602,32.4,30,32.5
S1-Ulhas River,19.25413633,73.22140867,19.373,-3969,4.46503,1715.1521,32.9375,18-05-2025 16:23,0,20116.0938,32.4,30,29.3
S1-Ulhas River,19.2541355,73.22141533,19.373,-4018,4.52354,1715.1521,32.9375,18-05-2025 16:25,0,20138.1035,32.4,29.6,17.6
S1-Ulhas River,19.2541455,73.221419,19.688,-3982,1.61156,1715.1521,33.0625,18-05-2025 16:26,0,20134.959,32.4,29.7,31.4
S1-Ulhas River,19.254159,73.2214305,19.688,-4077,5.28145,1715.1521,31.125,18-05-2025 16:26,0,20131.8145,32.4,29.8,14.4
S1-Ulhas River,19.25417,73.22143517,19.688,-4446,5.93831,1715.1521,29.9375,18-05-2025 16:26,0,20150.6816,32.4,29.9,19.7
S1-Ulhas River,19.2541775,73.221436,19.688,-4862,6.11648,1715.1521,29.375,18-05-2025 16:27,0,20232.4434,32.3,29.9,24.8
S1-Ulhas River,19.2542425,73.22133667,19.688,-5321,6.16967,1719.18884,29.25,18-05-2025 16:27,0,20273.3301,32.3,29.9,21.6
S1-Ulhas River,19.25432867,73.22123633,19.688,-5543,6.16701,1715.1521,29.1875,18-05-2025 16:27,0,20285.9121,32.3,30,14.4
S1-Ulhas River,19.25433867,73.22121567,20.823,-5553,6.16967,1715.1521,29.0625,18-05-2025 16:28,0,20263.8945,32.3,29.9,31.2
S1-Ulhas River,19.25433883,73.22121167,22.623,-5527,6.59516,1719.18884,29.375,18-05-2025 16:28,0,22422.668,32.5,30,31.9
S1-Ulhas River,19.2543415,73.22121283,22.623,-5516,5.83725,1715.1521,29.4375,18-05-2025 16:28,0,26715.1152,32.5,30,23
S1-Ulhas River,19.254349,73.22121433,21.26,-5522,4.97829,1715.1521,29.0625,18-05-2025 16:29,0,23560.6719,32.5,30,33.9
S1-Ulhas River,19.25431633,73.22120583,71.323,0,6.33987,0,28,27-08-2025 11:16,0,12061.6836,28.7,28.3,2.7
S1-Ulhas River,19.25432967,73.22122333,71.402,-3937,6.33721,0,28.25,27-08-2025 11:16,0,16952.8711,28.7,28.3,2.7
S1-Ulhas River,19.25432567,73.22122917,72.075,-7460,6.33189,0,28.25,27-08-2025 11:17,0,17009.8691,28.7,28.3,2.5
S1-Ulhas River,19.25432817,73.22122283,72.986,-7398,6.34785,0,28.25,27-08-2025 11:17,0,16981.4434,28.7,28.4,2.8
S1-Ulhas River,19.2543245,73.22123267,73.778,-6420,5.03945,0,28.25,27-08-2025 11:17,0,16924.1367,28.7,28.4,2.5
S1-Ulhas River,19.25430467,73.22125967,74.887,-5217,2.72051,0,27.8125,27-08-2025 11:18,0,16924.1367,28.7,28.4,2.8
S1-Ulhas River,19.254257,73.22132283,75.56,-4996,2.74444,0,27.75,27-08-2025 11:18,0,16941.3984,28.8,28.4,2.8
S1-Ulhas River,19.25418633,73.22141467,76.075,-5048,2.2498,0,27.75,27-08-2025 11:18,0,17009.8691,28.8,28.4,2.8
S1-Ulhas River,19.254183,73.22142033,76.788,-5130,4.69374,0,27.75,27-08-2025 11:19,0,17038.166,28.8,28.4,3
S1-Ulhas River,19.25418883,73.22141733,76.986,-5284,5.14848,0,27.75,27-08-2025 11:19,0,17094.4316,28.8,28.4,3
S1-Ulhas River,19.25418067,73.22140517,77.065,-5405,5.1538,0,27.8125,27-08-2025 11:19,0,17144.7969,28.8,28.4,3.7
S1-Ulhas River,19.25417333,73.22140183,77.184,-5435,5.04477,0,27.75,27-08-2025 11:20,0,17144.7969,28.9,28.4,3
S1-Ulhas River,19.254153,73.22141333,77.184,-5425,4.97031,0,27.75,27-08-2025 11:20,0,17139.2109,28.9,28.5,3
S1-Ulhas River,19.25414783,73.22140967,77.184,-5415,4.8267,0,27.8125,27-08-2025 11:20,0,16970.0332,28.9,28.5,3.3
S1-Ulhas River,19.2541425,73.22140717,77.184,-5386,4.70437,0,27.8125,27-08-2025 11:21,0,15031.5361,29,28.5,2.8
S1-Ulhas River,19.25413733,73.22140767,34.889,-5367,4.6964,611.59668,27.8125,27-08-2025 11:21,0,16981.4434,29,28.5,54.8
S1-Ulhas River,19.25414133,73.22140383,70.174,-5345,4.81607,2123.80542,27.8125,27-08-2025 11:21,0,16924.1367,29,28.4,53.8
S1-Ulhas River,19.254138,73.22140017,70.927,-5271,3.62468,2123.80542,27.8125,27-08-2025 11:22,0,16924.1367,28.9,28.2,52.1
S1-Ulhas River,19.25413817,73.22140183,71.323,-5185,3.57681,2123.80542,27.75,27-08-2025 11:22,0,16941.3984,28.9,28.2,52.1
S1-Ulhas River,19.2541375,73.2214005,71.402,-5187,4.598,2129.66724,27.8125,27-08-2025 11:23,0,17009.8691,28.9,28.2,52.2
S1-Ulhas River,19.254134,73.22139917,72.075,-5309,4.47035,2123.80542,27.8125,27-08-2025 11:23,0,17038.166,28.9,28.1,52.1
S1-Ulhas River,19.25413583,73.22140167,72.986,-5398,4.29749,2123.80542,27.8125,27-08-2025 11:23,0,17094.4316,28.9,28.1,52.1
S1-Ulhas River,19.25413917,73.22140117,73.778,-5393,4.26026,2123.80542,27.8125,27-08-2025 11:24,0,17144.7969,28.9,28.1,52.1
S1-Ulhas River,19.2541415,73.22140383,74.887,-5387,4.29749,2123.80542,27.8125,27-08-2025 11:24,0,17144.7969,28.9,28.1,52.1
S1-Ulhas River,19.25414083,73.22140917,75.56,-5379,4.26824,2123.80542,27.8125,27-08-2025 11:24,0,17139.2109,28.9,28.1,52.1
S1-Ulhas River,19.2541445,73.22141767,76.075,-5375,4.21505,2123.80542,27.8125,27-08-2025 11:25,0,16970.0332,28.8,28.1,52
S1-Ulhas River,19.25414417,73.22143017,76.788,-5400,4.2124,2123.80542,27.8125,27-08-2025 11:25,0,15031.5361,28.8,28.1,51.9
S1-Ulhas River,19.254148,73.22143083,76.986,-5428,4.17251,2123.80542,27.8125,27-08-2025 11:25,0,25710.3477,28.8,28.2,51.9
S1-Ulhas River,19.254144,73.22143783,77.065,-5427,4.12996,2123.80542,27.875,27-08-2025 11:26,0,13479.0771,28.8,28.1,50.2
S1-Ulhas River,19.254142,73.2214245,77.184,-5391,4.08209,2117.97095,27.875,27-08-2025 11:26,0,29589.8496,28.8,28.1,50.5
S1-Ulhas River,19.2541325,73.2214175,77.184,-5385,4.08209,2117.97095,27.875,27-08-2025 11:26,0,29599.4453,28.8,28.1,50.4
S1-Ulhas River,19.25413633,73.22140867,77.184,-5378,4.0289,2117.97095,27.875,27-08-2025 11:27,0,25710.3477,28.8,28.1,50.5
S1-Ulhas River,19.2541355,73.22141533,77.184,-5385,3.99433,2117.97095,27.875,27-08-2025 11:27,0,8067.2266,28.8,28.1,50.5
S1-Ulhas River,19.2541455,73.221419,77.184,-5387,3.98635,2117.97095,27.875,27-08-2025 11:27,0,7938.0542,28.8,28.2,50.5
S1-Ulhas River,19.254159,73.2214305,77.184,-5347,3.93848,2117.97095,27.875,27-08-2025 11:28,0,8446.751,28.8,28.2,50.4
S1-Ulhas River,19.25417,73.22143517,77.184,-5362,3.76829,2117.97095,27.875,27-08-2025 11:28,0,8352.9863,28.8,28.1,50.5
S1-Ulhas River,19.2541775,73.221436,77.184,-5377,3.84541,2117.97095,27.875,27-08-2025 11:28,0,8352.9863,28.8,28.1,50.4
S1-Ulhas River,19.2542425,73.22133667,77.184,-5359,3.86668,2117.97095,27.875,27-08-2025 11:29,0,8099.3101,28.8,28.2,50.4
S1-Ulhas River,19.25432867,73.22123633,77.184,-5385,4.05815,2117.97095,27.875,27-08-2025 11:29,0,8384.3232,28.8,28.2,50.4
S1-Ulhas River,19.25433867,73.22121567,77.184,-5380,3.8002,2117.97095,27.875,27-08-2025 11:29,0,8226.8115,28.8,28.2,50.4
S1-Ulhas River,19.25433883,73.22121167,77.342,-5368,3.76031,2117.97095,27.875,27-08-2025 11:30,0,8477.8418,28.8,28.2,50.5
S1-Ulhas River,19.2543415,73.22121283,77.501,-5383,3.77094,2117.97095,27.875,27-08-2025 11:30,0,8195.0605,28.8,28.2,50.4
S1-Ulhas River,19.254349,73.22121433,77.897,-5368,3.73637,2117.97095,27.875,27-08-2025 11:30,0,8067.2266,28.8,28.2,50.5
S1-Ulhas River,19.25431633,73.22120583,78.411,-5354,3.7018,2117.97095,27.9375,27-08-2025 11:31,0,7340.0054,28.8,28.2,50.4
S1-Ulhas River,19.25432967,73.22122333,78.728,-5366,3.71244,2112.16382,27.9375,27-08-2025 11:31,0,7340.0054,28.8,28.2,50.5
S1-Ulhas River,19.25432567,73.22122917,79.005,-5374,3.61936,2112.16382,27.9375,27-08-2025 11:31,0,7575.8672,28.8,28.2,50.5
S1-Ulhas River,19.25432817,73.22122283,79.085,-5379,3.60873,2112.16382,27.9375,27-08-2025 11:32,0,7807.5371,28.8,28.2,50.4
S1-Ulhas River,19.2543245,73.22123267,79.639,-5366,3.57947,2112.16382,27.9375,27-08-2025 11:32,0,7542.4302,28.8,28.2,50.4
S1-Ulhas River,19.25430467,73.22125967,79.639,-5347,3.5449,2112.16382,27.9375,27-08-2025 11:32,0,7203.3271,28.8,28.2,50.4
S1-Ulhas River,19.254257,73.22132283,79.639,-5364,3.53426,2112.16382,27.9375,27-08-2025 11:33,0,6960.7856,28.8,28.2,50.4
S1-Ulhas River,19.25418633,73.22141467,80.194,-5369,3.49703,2112.16382,27.9375,27-08-2025 11:33,0,6925.7861,28.8,28.2,50.5
S1-Ulhas River,19.254183,73.22142033,80.312,-5346,3.47044,2112.16382,27.9375,27-08-2025 11:33,0,7271.8394,28.8,28.2,50.4
S1-Ulhas River,19.25418883,73.22141733,80.431,-5333,3.44385,2112.16382,27.9375,27-08-2025 11:34,0,7807.5371,28.8,28.2,50.4
S1-Ulhas River,19.25418067,73.22140517,80.708,-5356,3.37736,2112.16382,27.9375,27-08-2025 11:34,0,8632.0713,28.8,28.2,50.5
S1-Ulhas River,19.25417333,73.22140183,81.263,-5333,3.33747,2112.16382,27.9375,27-08-2025 11:34,0,9082.6406,28.8,28.2,50.5
S1-Ulhas River,19.254153,73.22141333,82.015,-5327,3.27631,2112.16382,27.9375,27-08-2025 11:35,0,9821.6455,28.8,28.2,50.4
S1-Ulhas River,19.25414783,73.22140967,82.332,-5322,3.22578,2112.16382,27.9375,27-08-2025 11:35,0,9711.3467,28.8,28.2,50.5
S1-Ulhas River,19.2541425,73.22140717,82.49,-5323,3.16196,2112.16382,27.9375,27-08-2025 11:35,0,9794.1846,28.8,28.2,50.4
S1-Ulhas River,19.25413733,73.22140767,82.649,-5312,3.10877,2112.16382,28,27-08-2025 11:36,0,9627.8213,28.8,28.2,50.4
S1-Ulhas River,19.25414133,73.22140383,69.319,-5291,3.07952,2106.38452,27.9375,27-08-2025 11:36,0,10038.6123,28.8,28.2,50.4
S1-Ulhas River,19.254138,73.22140017,83.084,-5297,3.06356,2112.16382,27.9375,27-08-2025 11:36,0,9739.0352,28.8,28.2,50.4
S1-Ulhas River,19.25413817,73.22140183,83.243,-5282,3.06888,2112.16382,27.9375,27-08-2025 11:37,0,9683.5811,28.8,28.2,50.4
S1-Ulhas River,19.2541375,73.2214005,83.322,-5279,3.05292,2112.16382,28,27-08-2025 11:37,0,9487.0752,28.8,28.2,50.4
S1-Ulhas River,19.254134,73.22139917,69.783,-5289,3.10611,2106.38452,27.9375,27-08-2025 11:37,0,9683.5811,28.8,28.2,50.5
S1-Ulhas River,19.25413583,73.22140167,83.441,-5296,3.19919,2112.16382,28,27-08-2025 11:38,0,9515.3789,28.8,28.2,50.4
S1-Ulhas River,19.25413917,73.22140117,69.849,-5321,3.21514,2106.38452,28,27-08-2025 11:38,0,8067.2266,28.8,28.2,50.4
S1-Ulhas River,19.2541415,73.22140383,70.28,-5298,3.18855,2106.38452,28,27-08-2025 11:38,0,7938.0542,28.8,28.2,50.4
S1-Ulhas River,19.25414083,73.22140917,70.645,-5281,3.14068,2106.38452,28,27-08-2025 11:39,0,8446.751,28.8,28.2,50.5
S1-Ulhas River,19.2541445,73.22141767,70.645,-5261,3.10345,2106.38452,28,27-08-2025 11:39,0,8352.9863,28.8,28.2,50.4
S1-Ulhas River,19.25414417,73.22143017,70.744,-5292,3.04495,2106.38452,28,27-08-2025 11:40,0,8352.9863,28.8,28.2,50.3
S1-Ulhas River,19.254148,73.22143083,70.943,-5360,3.01835,2106.38452,28,27-08-2025 11:40,0,8099.3101,28.9,28.2,50.5
S1-Ulhas River,19.254144,73.22143783,71.142,-5334,2.94123,2106.38452,28,27-08-2025 11:40,0,8384.3232,28.9,28.2,50.4
S1-Ulhas River,19.254142,73.2214245,71.473,-5311,2.79231,2106.38452,28,27-08-2025 11:41,0,8226.8115,28.9,28.3,50.6
S1-Ulhas River,19.2541325,73.2214175,72.003,-5280,2.64604,2106.38452,28,27-08-2025 11:41,0,8477.8418,28.9,28.3,50.6
S1-Ulhas River,19.25413633,73.22140867,72.335,-5240,2.55297,2106.38452,28,27-08-2025 11:41,0,8195.0605,28.9,28.3,50.6
S1-Ulhas River,19.2541355,73.22141533,72.467,-5182,2.57956,2106.38452,28,27-08-2025 11:42,0,8067.2266,28.9,28.3,50.6
S1-Ulhas River,19.2541455,73.221419,73.03,-5108,2.59552,2106.38452,28,27-08-2025 11:42,0,7340.0054,28.9,28.3,50.6
S1-Ulhas River,19.254159,73.2214305,73.826,-5070,2.59818,2106.38452,28,27-08-2025 11:42,0,7340.0054,28.9,28.3,50.6
S1-Ulhas River,19.25417,73.22143517,74.356,-5069,2.60881,2106.38452,28,27-08-2025 11:43,0,7575.8672,28.9,28.3,50.6
S1-Ulhas River,19.2541775,73.221436,74.621,-5065,2.60349,2106.38452,28.0625,27-08-2025 11:43,0,7807.5371,28.9,28.3,50.6
S1-Ulhas River,19.2542425,73.22133667,74.687,-5048,2.63009,2100.63135,28,27-08-2025 11:43,0,7542.4302,28.9,28.3,50.6
S1-Ulhas River,19.25432867,73.22123633,74.72,-5094,2.64604,2106.38452,28.0625,27-08-2025 11:44,0,7203.3271,28.9,28.3,50.6
S1-Ulhas River,19.25433867,73.22121567,74.753,-5135,2.64338,2100.63135,28.0625,27-08-2025 11:44,0,6960.7856,28.9,28.3,50.6
S1-Ulhas River,19.25433883,73.22121167,74.952,-5155,2.67796,2100.63135,28.0625,27-08-2025 11:44,0,6925.7861,28.9,28.3,50.4
S1-Ulhas River,19.2543415,73.22121283,75.217,-5197,2.68062,2100.63135,28.0625,27-08-2025 11:45,0,7271.8394,28.9,28.3,50.6
S1-Ulhas River,19.254349,73.22121433,75.416,-5246,2.42,2100.63135,28,27-08-2025 11:45,0,7807.5371,28.9,28.3,50.6
S1-Ulhas River,19.25431633,73.22120583,75.913,-5271,2.77901,2106.38452,28.0625,27-08-2025 11:45,0,8632.0713,28.9,28.3,50.6
S1-Ulhas River,19.25432967,73.22122333,75.913,-5283,2.79231,2100.63135,28.0625,27-08-2025 11:46,0,9082.6406,28.9,28.3,50.6
S1-Ulhas River,19.25432567,73.22122917,76.708,-5308,2.80294,2100.63135,28.0625,27-08-2025 11:46,0,9821.6455,28.9,28.3,50.6
S1-Ulhas River,19.25432817,73.22122283,76.708,-5302,2.7604,2100.63135,28.0625,27-08-2025 11:46,0,9711.3467,28.9,28.3,50.6
S1-Ulhas River,19.2543245,73.22123267,76.708,-5294,2.78167,2100.63135,28.0625,27-08-2025 11:47,0,9794.1846,28.9,28.3,50.6
S1-Ulhas River,19.25430467,73.22125967,76.874,-5301,2.20459,2100.63135,28.0625,27-08-2025 11:47,0,9627.8213,28.9,28.3,50.6
S1-Ulhas River,19.254257,73.22132283,76.874,-5305,2.82156,2100.63135,28.0625,27-08-2025 11:47,0,10038.6123,28.9,28.3,50.4
S1-Ulhas River,19.25418633,73.22141467,76.874,-5318,2.83752,2100.63135,28.0625,27-08-2025 11:48,0,9739.0352,28.9,28.3,50.6
S1-Ulhas River,19.254183,73.22142033,76.874,-5331,2.86145,2100.63135,28.0625,27-08-2025 11:48,0,9683.5811,28.9,28.4,50.6
S1-Ulhas River,19.25418883,73.22141733,76.874,-5333,2.8189,2100.63135,28.0625,27-08-2025 11:48,0,9487.0752,28.9,28.4,50.6
S1-Ulhas River,19.25418067,73.22140517,76.907,-5331,2.78433,2100.63135,28.0625,27-08-2025 11:49,0,9683.5811,28.9,28.4,50.6
S1-Ulhas River,19.25417333,73.22140183,77.007,-5320,2.78167,2100.63135,28.0625,27-08-2025 11:49,0,9515.3789,28.9,28.3,50.6
S1-Ulhas River,19.254153,73.22141333,77.239,-5272,2.82688,2100.63135,28.0625,27-08-2025 11:49,0,8067.2266,28.9,28.4,50.5
S1-Ulhas River,19.25414783,73.22140967,77.504,-5234,2.83486,2100.63135,28.0625,27-08-2025 11:50,0,7938.0542,28.9,28.4,50.5
S1-Ulhas River,19.2541425,73.22140717,78.166,-5237,2.82156,2100.63135,28.0625,27-08-2025 11:50,0,8446.751,28.9,28.4,50.6
S1-Ulhas River,19.25413733,73.22140767,78.829,-5263,2.85347,2100.63135,28.125,27-08-2025 11:50,0,8352.9863,28.9,28.4,50.6
S1-Ulhas River,19.25414133,73.22140383,80.055,-5261,2.86411,2094.90503,28.125,27-08-2025 11:51,0,8352.9863,28.9,28.4,50.5
S1-Ulhas River,19.254138,73.22140017,81.248,-5250,2.83752,2094.90503,28.0625,27-08-2025 11:51,0,8099.3101,28.9,28.4,50.5
S1-Ulhas River,19.25413817,73.22140183,81.48,-5239,2.85613,2100.63135,28.0625,27-08-2025 11:51,0,8384.3232,28.9,28.4,50.6
S1-Ulhas River,19.2541375,73.2214005,81.612,-5198,2.86145,2100.63135,28.125,27-08-2025 11:52,0,8226.8115,29,28.4,50.5
S1-Ulhas River,19.254134,73.22139917,81.612,-5189,2.86943,2094.90503,28.125,27-08-2025 11:52,0,8477.8418,29,28.4,50.6
S1-Ulhas River,19.25413583,73.22140167,81.612,-5149,2.87741,2094.90503,28.125,27-08-2025 11:52,0,8195.0605,29,28.4,50.6
S1-Ulhas River,19.25413917,73.22140117,81.612,-5113,2.86677,2094.90503,28.125,27-08-2025 11:53,0,8067.2266,29,28.4,50.6
S1-Ulhas River,19.2541415,73.22140383,81.612,-5090,2.88538,2094.90503,28.0625,27-08-2025 11:53,0,7340.0054,29,28.4,50.5
S1-Ulhas River,19.25414083,73.22140917,81.612,-5070,2.89336,2100.63135,28.125,27-08-2025 11:53,0,7340.0054,29,28.4,50.6
S1-Ulhas River,19.2541445,73.22141767,81.612,-5061,2.90134,2094.90503,28.125,27-08-2025 11:54,0,7575.8672,29,28.4,50.6
S1-Ulhas River,19.25414417,73.22143017,81.612,-5079,2.89336,2094.90503,28.125,27-08-2025 11:54,0,7807.5371,29,28.4,50.5
S1-Ulhas River,19.254148,73.22143083,81.612,-5096,2.93857,2094.90503,28.125,27-08-2025 11:54,0,7542.4302,29,28.4,50.5
S1-Ulhas River,19.254144,73.22143783,81.612,-5082,2.94389,2094.90503,28.125,27-08-2025 11:55,0,7203.3271,29,28.4,50.6
S1-Ulhas River,19.254142,73.2214245,81.811,-5091,2.93591,2094.90503,28.125,27-08-2025 11:55,0,6960.7856,29,28.4,50.6
S1-Ulhas River,19.2541325,73.2214175,81.911,-5100,2.94655,2094.90503,28.125,27-08-2025 11:55,0,6925.7861,29,28.4,50.6
S1-Ulhas River,19.25413633,73.22140867,82.11,-5106,2.93059,2094.90503,28.125,27-08-2025 11:56,0,7271.8394,29,28.4,50.6
S1-Ulhas River,19.2541355,73.22141533,82.507,-5123,2.95985,2094.90503,28.125,27-08-2025 11:56,0,7807.5371,29,28.4,50.5
S1-Ulhas River,19.2541455,73.221419,83.435,-5109,2.95453,2094.90503,28.125,27-08-2025 11:56,0,8632.0713,29,28.4,50.6
S1-Ulhas River,19.254159,73.2214305,84.528,-5114,2.95453,2094.90503,28.125,27-08-2025 11:57,0,9082.6406,29,28.4,50.6
S1-Ulhas River,19.25417,73.22143517,87.246,-5113,2.97846,2094.90503,28.125,27-08-2025 11:57,0,9821.6455,29,28.4,50.6
S1-Ulhas River,19.2541775,73.221436,89.93,-4903,1.3802,2094.90503,28.125,27-08-2025 11:57,5,9711.3467,29,28.4,50.6
S1-Ulhas River,19.2542425,73.22133667,90.393,-3488,1.35892,2094.90503,28.125,27-08-2025 11:58,5,9794.1846,29,28.4,50.5
S1-Ulhas River,19.25432867,73.22123633,91.023,-1969,1.39084,2094.90503,28.125,27-08-2025 11:58,5,9627.8213,29,28.4,50.6
S1-Ulhas River,19.25433867,73.22121567,91.653,-1453,1.41211,2094.90503,28.125,27-08-2025 11:59,5,10038.6123,29,28.4,50.6
S1-Ulhas River,19.25433883,73.22121167,91.951,-1240,1.41477,2094.90503,28.125,27-08-2025 11:59,5,9739.0352,29,28.4,50.5
S1-Ulhas River,19.2543415,73.22121283,92.15,-1168,1.40945,2094.90503,28.125,27-08-2025 11:59,5,9683.5811,29,28.4,50.6
S1-Ulhas River,19.254349,73.22121433,92.216,-1186,1.41743,2094.90503,28.125,27-08-2025 12:00,5,9487.0752,29,28.4,50.5
S1-Ulhas River,19.25431633,73.22120583,92.547,-1192,1.51848,2094.90503,28.125,27-08-2025 12:00,5,9683.5811,29,28.4,50.6
S1-Ulhas River,19.25432967,73.22122333,93.177,-1162,1.43073,2094.90503,28.125,27-08-2025 12:00,5,9515.3789,29,28.4,50.6
S1-Ulhas River,19.25432567,73.22122917,93.972,-1162,1.43338,2094.90503,28.125,27-08-2025 12:01,5,9711.3467,29,28.4,49.2
S1-Ulhas River,19.25432817,73.22122283,94.834,-1194,1.44934,2094.90503,28.0625,27-08-2025 12:01,5,9794.1846,29,28.4,49.4
S1-Ulhas River,19.2543245,73.22123267,95.297,-1184,1.47327,2100.63135,28.0625,27-08-2025 12:01,5,1145.1538,29,28.4,49.5
S1-Ulhas River,19.25430467,73.22125967,95.529,-1155,1.45998,2100.63135,28.125,27-08-2025 12:02,5,27081.2227,29,28.4,49.3
S1-Ulhas River,19.254257,73.22132283,96.457,-1149,1.47593,2094.90503,28.0625,27-08-2025 12:02,5,27017.5332,29.1,28.4,49.2
S1-Ulhas River,19.25418633,73.22141467,97.385,-1610,3.02101,2100.63135,28.125,27-08-2025 12:02,0,21627.4844,29.1,28.4,49.2
S1-Ulhas River,19.254183,73.22142033,100.864,-2520,3.19653,2094.90503,28.125,27-08-2025 12:03,0,6960.7856,29.1,28.4,49.2
S1-Ulhas River,19.25418883,73.22141733,106.762,-2888,3.07952,2094.90503,28.0625,27-08-2025 12:03,0,6925.7861,29.1,28.4,49.2
S1-Ulhas River,19.25418067,73.22140517,109.347,-2865,3.17791,2100.63135,28.0625,27-08-2025 12:03,0,7271.8394,29.1,28.4,49.2
S1-Ulhas River,19.25417333,73.22140183,109.347,-2003,1.48923,2100.63135,28.0625,27-08-2025 12:04,5,7807.5371,29.1,28.4,49.2
S1-Ulhas River,19.254153,73.22141333,109.347,-1112,1.5371,712.73163,28.125,27-08-2025 12:04,5,8632.0713,29.1,28.4,49.2
S1-Ulhas River,19.25414783,73.22140967,109.347,-1070,1.56901,147.91679,28.125,27-08-2025 12:04,5,9082.6406,29.1,28.4,49.2
S1-Ulhas River,19.2541425,73.22140717,109.347,-1071,1.58763,145.31776,28.0625,27-08-2025 12:05,5,9821.6455,29.1,28.4,49.1
S1-Ulhas River,19.25413733,73.22140767,109.347,-1078,1.56369,142.73146,28.125,27-08-2025 12:05,5,9711.3467,29.1,28.4,49.2
S1-Ulhas River,19.25414133,73.22140383,109.347,-1085,1.56901,141.06529,28.125,27-08-2025 12:05,5,9794.1846,29.1,28.4,49.2
S1-Ulhas River,19.254138,73.22140017,109.347,-1079,1.45998,139.27745,28.125,27-08-2025 12:06,5,9627.8213,29.1,28.4,49.2
S1-Ulhas River,19.25413817,73.22140183,109.347,-1067,1.57433,138.31363,28.0625,27-08-2025 12:06,5,10038.6123,29.1,28.4,49.1
S1-Ulhas River,19.2541375,73.2214005,109.347,-1070,1.63284,138.05093,28.0625,27-08-2025 12:06,5,9739.0352,29.1,28.4,49
S1-Ulhas River,19.254134,73.22139917,109.347,-1088,1.53444,138.05093,28.125,27-08-2025 12:07,5,9683.5811,29.1,28.4,49.1
S1-Ulhas River,19.25413583,73.22140167,109.347,-1092,1.53444,137.48685,28.125,27-08-2025 12:07,5,9487.0752,29.1,28.4,49.1
S1-Ulhas River,19.25413917,73.22140117,109.347,-1082,1.58763,137.07323,28.125,27-08-2025 12:07,5,9683.5811,29.1,28.4,49.2
S1-Ulhas River,19.2541415,73.22140383,109.347,-1064,1.63018,136.93533,28.1875,27-08-2025 12:08,5,9515.3789,29.1,28.4,49.1
S1-Ulhas River,19.25414083,73.22140917,109.347,-1060,1.59826,136.51048,28.125,27-08-2025 12:08,5,6960.7856,29.1,28.4,49.1
S1-Ulhas River,19.2541445,73.22141767,109.347,-1071,1.68602,136.65947,28.125,27-08-2025 12:08,5,6925.7861,29.1,28.4,49.2
S1-Ulhas River,19.25414417,73.22143017,109.347,-1067,1.57167,136.10756,28.125,27-08-2025 12:09,5,7271.8394,29.1,28.4,49.1
S1-Ulhas River,19.254148,73.22143083,109.347,-1080,1.58763,136.10756,28.125,27-08-2025 12:09,5,7807.5371,29.1,28.4,49.2
S1-Ulhas River,19.254144,73.22143783,109.347,-1088,1.70198,136.10756,28.125,27-08-2025 12:09,5,8632.0713,29.1,28.4,49.1
S1-Ulhas River,19.254142,73.2214245,109.347,-1086,1.69932,135.27917,28.125,27-08-2025 12:10,5,9082.6406,29.1,28.4,49.1
S1-Ulhas River,19.2541325,73.2214175,109.347,-1081,1.74453,135.14105,28.125,27-08-2025 12:10,5,9821.6455,29.1,28.4,49.1
S1-Ulhas River,19.25413633,73.22140867,109.347,-1073,1.61954,135.00291,28.125,27-08-2025 12:10,5,9711.3467,29.1,28.4,49.1
S1-Ulhas River,19.2541355,73.22141533,109.347,-1072,1.72059,135.00291,28.125,27-08-2025 12:11,5,9794.1846,29.1,28.4,49.1
S1-Ulhas River,19.2541455,73.221419,0,0,3.5316,138.05093,28,27-08-2025 12:25,0,9627.8213,29.1,28.4,49.1
S1-Ulhas River,19.254159,73.2214305,0,-3217,3.58213,137.48685,28.1875,27-08-2025 12:25,0,10038.6123,29.1,28.4,49.1
S1-Ulhas River,19.25417,73.22143517,0,-4454,3.56352,137.07323,28.1875,27-08-2025 12:25,0,9739.0352,29.1,28.4,49
S1-Ulhas River,19.2541775,73.221436,0,-4309,3.56086,136.93533,28.1875,27-08-2025 12:26,0,9683.5811,29.1,28.4,49
S1-Ulhas River,19.2542425,73.22133667,0,-4240,3.56618,136.51048,28.1875,27-08-2025 12:26,0,9487.0752,29.1,28.4,49
S1-Ulhas River,19.25432867,73.22123633,0,-4191,3.60075,136.65947,28.1875,27-08-2025 12:26,0,9683.5811,29.1,28.4,49
S1-Ulhas River,19.25433867,73.22121567,0,-4140,3.56618,136.10756,28.1875,27-08-2025 12:27,0,9515.3789,29.1,28.5,49.1
S1-Ulhas River,19.25433883,73.22121167,0,-4091,3.59011,136.10756,28.1875,27-08-2025 12:27,0,9627.8213,29.1,28.4,49
S1-Ulhas River,19.2543415,73.22121283,0,-3923,1.98653,136.10756,28.1875,27-08-2025 12:27,5,10038.6123,29.1,28.4,49.1
S1-Ulhas River,19.254349,73.22121433,0,-3885,3.60873,135.27917,28.1875,27-08-2025 12:28,0,9739.0352,29.1,28.4,49
S1-Ulhas River,19.25431633,73.22120583,0,-3946,3.6167,135.14105,28.1875,27-08-2025 12:28,0,9683.5811,29.2,28.4,49
S1-Ulhas River,19.25432967,73.22122333,0,-3907,3.6167,135.00291,28.1875,27-08-2025 12:28,0,9487.0752,29.2,28.4,48.9
S1-Ulhas River,19.25432567,73.22122917,0,-3870,3.60075,135.00291,28.1875,27-08-2025 12:29,0,9683.5811,29.1,28.4,49
S1-Ulhas River,19.25432817,73.22122283,0,-3842,3.6167,135.27917,28.1875,27-08-2025 12:29,0,9515.3789,29.1,28.5,49.1
S1-Ulhas River,19.2543245,73.22123267,0,-3842,3.63532,135.14105,28.1875,27-08-2025 12:29,0,2690.342,29.1,28.5,49.1
S1-Ulhas River,19.25430467,73.22125967,36.25,-3849,3.62202,74.39266,28.1875,27-08-2025 12:30,0,8067.2266,29.1,28.4,49.1
S1-Ulhas River,19.254257,73.22132283,76.112,-3816,3.63,706.07941,28.25,27-08-2025 12:30,0,7938.0542,29.2,28.4,49
S1-Ulhas River,19.25418633,73.22141467,79.79,-3788,3.61936,2083.53198,28.1875,27-08-2025 12:30,0,8446.751,29.1,28.4,49
S1-Ulhas River,19.254183,73.22142033,80.453,-3755,3.64862,2089.20557,28.1875,27-08-2025 12:31,0,8352.9863,29.2,28.4,49
S1-Ulhas River,19.25418883,73.22141733,81.347,-3664,3.66457,2089.20557,28.1875,27-08-2025 12:31,0,8352.9863,29.2,28.5,49.1
S1-Ulhas River,19.25418067,73.22140517,81.811,-3654,3.68851,2089.20557,28.1875,27-08-2025 12:31,0,8099.3101,29.2,28.4,49
S1-Ulhas River,19.25417333,73.22140183,82.838,-3733,3.65393,2089.20557,28.25,27-08-2025 12:32,0,8384.3232,29.2,28.4,49
S1-Ulhas River,19.254153,73.22141333,84.959,-3759,3.68851,2083.53198,28.1875,27-08-2025 12:32,0,8226.8115,29.2,28.4,49.1
S1-Ulhas River,19.25414783,73.22140967,87.61,-3743,3.66457,2089.20557,28.25,27-08-2025 12:32,0,8477.8418,29.2,28.4,49
S1-Ulhas River,19.2541425,73.22140717,89.499,-3693,3.69914,2083.53198,28.1875,27-08-2025 12:33,0,8195.0605,29.2,28.4,49
S1-Ulhas River,19.25413733,73.22140767,91.321,-3695,3.7018,2083.53198,28.1875,27-08-2025 12:33,0,8067.2266,29.2,28.4,49
S1-Ulhas River,19.25414133,73.22140383,91.421,-3704,3.68319,2089.20557,28.25,27-08-2025 12:34,0,7340.0054,29.2,28.4,49
S1-Ulhas River,19.254138,73.22140017,93.243,-3680,3.73106,2089.20557,28.25,27-08-2025 12:34,0,7340.0054,29.2,28.5,49.1
S1-Ulhas River,19.25413817,73.22140183,93.475,-3663,3.7018,2083.53198,28.25,27-08-2025 12:35,0,7575.8672,29.2,28.5,49.1
S1-Ulhas River,19.2541375,73.2214005,93.773,-3662,3.72042,2083.53198,28.25,27-08-2025 12:35,0,7807.5371,29.2,28.5,49.1
S1-Ulhas River,19.254134,73.22139917,94.071,-3677,3.70978,2083.53198,28.25,27-08-2025 12:35,0,7542.4302,29.2,28.5,49.1
S1-Ulhas River,19.25413583,73.22140167,94.303,-3644,3.74435,2083.53198,28.1875,27-08-2025 12:36,0,7203.3271,29.2,28.4,49
S1-Ulhas River,19.25413917,73.22140117,94.602,-3635,3.74435,2089.20557,28.1875,27-08-2025 12:36,0,6960.7856,29.2,28.5,49.1
S1-Ulhas River,19.2541415,73.22140383,94.834,-3650,3.78158,2089.20557,28.1875,27-08-2025 12:36,0,6925.7861,29.2,28.5,49
S1-Ulhas River,19.25414083,73.22140917,94.933,-3647,3.7736,2089.20557,28.25,27-08-2025 12:37,0,7271.8394,29.2,28.4,49
S1-Ulhas River,19.2541445,73.22141767,95.032,-3611,3.74435,2083.53198,28.25,27-08-2025 12:37,0,7807.5371,29.2,28.5,49.2
S1-Ulhas River,19.25414417,73.22143017,95.231,-3594,3.69382,2083.53198,28.25,27-08-2025 12:38,0,8632.0713,29.2,28.5,49.3
S1-Ulhas River,19.254148,73.22143083,95.529,-3676,3.77892,2083.53198,28.25,27-08-2025 12:38,0,9082.6406,29.2,28.5,49.2
S1-Ulhas River,19.254144,73.22143783,95.861,-3667,3.76031,2083.53198,28.25,27-08-2025 12:38,0,9821.6455,29.2,28.5,49.2
S1-Ulhas River,19.254142,73.2214245,96.59,-3608,3.78424,2083.53198,28.25,27-08-2025 12:39,0,9711.3467,29.2,28.5,49.1
S1-Ulhas River,19.2541325,73.2214175,97.12,-3624,3.76297,2083.53198,28.25,27-08-2025 12:39,0,9794.1846,29.2,28.5,49.1
S1-Ulhas River,19.25413633,73.22140867,97.617,-3617,3.79222,2083.53198,28.25,27-08-2025 12:39,0,9627.8213,29.2,28.5,49.1
S1-Ulhas River,19.2541355,73.22141533,97.816,-2879,2.18066,2083.53198,28.25,27-08-2025 12:40,5,10038.6123,29.2,28.5,49.2
S1-Ulhas River,19.2541455,73.221419,98.081,-1490,2.178,2083.53198,28.25,27-08-2025 12:40,5,9739.0352,29.2,28.5,49.2
S1-Ulhas River,19.254159,73.2214305,98.18,-774,2.21257,2083.53198,28.25,27-08-2025 12:40,5,9683.5811,29.2,28.5,49.1
S1-Ulhas River,19.25417,73.22143517,98.28,-586,2.18332,2083.53198,28.25,27-08-2025 12:41,5,9487.0752,29.2,28.5,49.1
S1-Ulhas River,19.2541775,73.221436,98.346,-434,2.21523,2083.53198,28.25,27-08-2025 12:41,5,9683.5811,29.2,28.5,49.1
S1-Ulhas River,19.2542425,73.22133667,98.412,-411,2.24182,2083.53198,28.25,27-08-2025 12:41,5,9515.3789,29.2,28.5,49.1
S1-Ulhas River,19.25432867,73.22123633,98.545,-393,2.26842,2083.53198,28.25,27-08-2025 12:42,5,9683.5811,29.2,28.5,49.1
S1-Ulhas River,19.25433867,73.22121567,98.744,-361,2.20459,2083.53198,28.25,27-08-2025 12:42,5,9683.5811,29.2,28.5,49
S1-Ulhas River,19.25433883,73.22121167,98.976,-359,2.24182,2083.53198,28.25,27-08-2025 12:42,5,9794.1846,29.2,28.5,49.2
S1-Ulhas River,19.2543415,73.22121283,99.473,-383,2.24714,2083.53198,28.3125,27-08-2025 12:43,5,10118.7373,29.2,28.5,49.1
S1-Ulhas River,19.254349,73.22121433,99.97,-380,2.25246,2077.88574,28.25,27-08-2025 12:43,5,10038.6123,29.2,28.5,49.2
S1-Ulhas River,19.25431633,73.22120583,100.135,-370,2.27374,2083.53198,28.25,27-08-2025 12:43,5,10276.9824,29.2,28.5,49.1
S1-Ulhas River,19.25432967,73.22122333,100.798,-358,2.25778,2083.53198,28.25,27-08-2025 12:44,5,10011.7549,29.2,28.5,49.1
S1-Ulhas River,19.25432567,73.22122917,101.56,-355,2.26576,2083.53198,28.25,27-08-2025 12:44,5,10092.1035,29.2,28.5,49.1
S1-Ulhas River,19.25432817,73.22122283,102.09,-347,2.27374,2083.53198,28.25,27-08-2025 12:44,5,9401.7012,29.2,28.5,49.1
S1-Ulhas River,19.2543245,73.22123267,102.919,-405,2.30033,723.94177,28.25,27-08-2025 12:45,5,9053.1621,29.2,28.5,49.1
S1-Ulhas River,19.25430467,73.22125967,106.365,-438,2.30299,166.01187,28.25,27-08-2025 12:45,5,8723.6328,29.2,28.5,49.1
S1-Ulhas River,19.254257,73.22132283,109.347,-385,2.27374,164.8006,28.3125,27-08-2025 12:45,5,9199.7627,29.2,28.5,49
S1-Ulhas River,19.25418633,73.22141467,109.347,-473,1.75516,163.81534,28.3125,27-08-2025 12:46,5,9286.7764,29.3,28.5,49
S1-Ulhas River,19.254183,73.22142033,109.347,-703,2.30033,163.68077,28.3125,27-08-2025 12:46,5,9141.3594,29.3,28.5,49.1
S1-Ulhas River,19.25418883,73.22141733,109.347,-907,2.31895,163.54617,28.3125,27-08-2025 12:46,5,8934.4531,29.3,28.5,49
S1-Ulhas River,19.25418067,73.22140517,109.347,-789,2.32426,162.33429,28.3125,27-08-2025 12:47,5,8934.4531,29.3,28.5,49
S1-Ulhas River,19.25417333,73.22140183,109.347,-410,2.34288,160.17734,28.3125,27-08-2025 12:47,5,8904.5771,29.3,28.5,48.9
S1-Ulhas River,19.254153,73.22141333,109.347,-77,2.34022,158.28729,28.3125,27-08-2025 12:47,5,9141.3594,29.3,28.5,49
S1-Ulhas River,19.25414783,73.22140967,109.347,96,2.31097,156.52992,28.3125,27-08-2025 12:48,5,9286.7764,29.3,28.5,49
S1-Ulhas River,19.2541425,73.22140717,109.347,212,2.35883,155.31195,28.3125,27-08-2025 12:48,5,9401.7012,29.3,28.5,48.9
S1-Ulhas River,19.25413733,73.22140767,109.347,225,2.34288,154.77029,28.3125,27-08-2025 12:48,5,9112.0391,29.3,28.5,49
S1-Ulhas River,19.25414133,73.22140383,109.347,196,2.32692,154.49936,28.3125,27-08-2025 12:49,5,8904.5771,29.3,28.5,49
S1-Ulhas River,19.254138,73.22140017,109.347,194,2.39607,154.36388,28.3125,27-08-2025 12:49,5,9257.8506,29.3,28.5,48.9
S1-Ulhas River,19.25413817,73.22140183,109.347,197,2.39607,154.22839,28.3125,27-08-2025 12:49,5,9794.1846,29.3,28.5,49
S1-Ulhas River,19.2541375,73.2214005,109.347,184,2.37479,152.19432,28.3125,27-08-2025 12:50,5,10171.7822,29.3,28.5,49
S1-Ulhas River,19.254134,73.22139917,109.347,197,2.38011,152.19432,28.3125,27-08-2025 12:50,5,9984.8223,29.3,28.5,49
S1-Ulhas River,19.25413583,73.22140167,109.347,207,2.40138,152.19432,28.3125,27-08-2025 12:50,5,9903.5732,29.3,28.5,48.9
S1-Ulhas River,19.25413917,73.22140117,109.347,205,2.42532,152.19432,28.3125,27-08-2025 12:51,5,9849.0303,29.3,28.5,49
S1-Ulhas River,19.2541415,73.22140383,109.347,203,2.41734,150.02112,28.3125,27-08-2025 12:51,5,10381.0059,29.3,28.5,49
S1-Ulhas River,19.25414083,73.22140917,109.347,210,2.42532,149.61324,28.375,27-08-2025 12:51,5,10760.751,29.3,28.5,49
S1-Ulhas River,19.2541445,73.22141767,109.347,225,2.41202,152.02968,28.3125,27-08-2025 12:52,5,10760.751,29.3,28.5,49
S1-Ulhas River,19.25414417,73.22143017,109.347,228,2.43862,149.47726,28.3125,27-08-2025 12:52,5,10760.751,29.3,28.5,48.9
S1-Ulhas River,19.254148,73.22143083,109.347,217,2.44925,149.47726,28.375,27-08-2025 12:53,5,10956.7129,29.3,28.5,49
S1-Ulhas River,19.254144,73.22143783,109.347,205,2.45457,148.36409,28.375,27-08-2025 12:53,5,11288.9014,29.3,28.5,49
S1-Ulhas River,19.254142,73.2214245,109.347,191,2.46787,148.09215,28.3125,27-08-2025 12:53,5,11288.9014,29.3,28.5,48.9
S1-Ulhas River,19.2541325,73.2214175,109.347,212,2.45989,147.98039,28.375,27-08-2025 12:54,5,11100.7393,29.3,28.5,49
S1-Ulhas River,19.25413633,73.22140867,109.347,254,2.47319,147.68411,28.375,27-08-2025 12:54,5,11005,29.3,28.5,49
S1-Ulhas River,19.2541355,73.22141533,109.347,239,2.48116,147.27596,28.375,27-08-2025 12:54,5,10610.7979,29.3,28.5,49
S1-Ulhas River,19.2541455,73.221419,109.347,252,2.47319,146.86765,28.375,27-08-2025 12:55,5,10560.2393,29.3,28.5,48.9
S1-Ulhas River,19.254159,73.2214305,109.347,294,2.5051,146.45921,28.375,27-08-2025 12:55,5,10760.751,29.3,28.5,49
S1-Ulhas River,19.25417,73.22143517,109.347,300,2.51042,146.05064,28.375,27-08-2025 12:55,5,10956.7129,29.3,28.5,49
S1-Ulhas River,19.2541775,73.221436,109.347,308,2.49978,145.50568,28.375,27-08-2025 12:56,5,10908.1465,29.3,28.5,49
S1-Ulhas River,19.2542425,73.22133667,109.347,306,2.49712,144.55141,28.375,27-08-2025 12:56,5,11005,29.3,28.5,49
S1-Ulhas River,19.25432867,73.22123633,109.347,292,2.51042,144.14218,28.375,27-08-2025 12:56,5,11288.9014,29.3,28.5,49
S1-Ulhas River,19.25433867,73.22121567,109.347,292,2.5184,144.14218,28.375,27-08-2025 12:57,5,11892.1191,29.3,28.5,48.9
S1-Ulhas River,19.25433883,73.22121167,109.347,313,2.52371,144.14218,28.375,27-08-2025 12:57,5,12247.582,29.3,28.5,48.9
S1-Ulhas River,19.2543415,73.22121283,109.347,326,2.53701,144.14218,28.375,27-08-2025 12:57,5,12623.5508,29.3,28.5,49
S1-Ulhas River,19.254349,73.22121433,109.347,334,2.55297,144.14218,28.375,27-08-2025 12:58,5,12604.3105,29.3,28.5,49
S1-Ulhas River,19.25431633,73.22120583,109.347,332,2.53967,144.14218,28.375,27-08-2025 12:58,5,12718.8584,29.3,28.5,48.9
S1-Ulhas River,19.25432967,73.22122333,109.347,337,2.54499,144.14218,28.375,27-08-2025 12:58,5,12487.5996,29.3,28.5,48.9
S1-Ulhas River,19.25432567,73.22122917,109.347,287,2.5769,145.09679,28.375,27-08-2025 12:59,5,12585.0098,29.3,28.5,48.9
S1-Ulhas River,19.25432817,73.22122283,109.347,280,2.58488,146.05064,28.375,27-08-2025 12:59,5,12565.6475,29.3,28.6,49.1
S1-Ulhas River,19.2543245,73.22123267,109.347,317,2.59552,146.45921,28.375,27-08-2025 12:59,5,12604.3105,29.3,28.5,49
S1-Ulhas River,19.25430467,73.22125967,109.347,277,2.59552,146.86765,28.375,27-08-2025 13:00,5,12604.3105,29.3,28.6,49.1
S1-Ulhas River,19.254257,73.22132283,109.347,237,2.60881,147.13986,28.375,27-08-2025 13:00,5,12546.2266,29.3,28.6,49
S1-Ulhas River,19.25418633,73.22141467,109.347,264,2.58754,147.54808,28.4375,27-08-2025 13:00,5,12718.8584,29.3,28.6,49
S1-Ulhas River,19.254183,73.22142033,109.347,306,2.62743,147.52437,28.4375,27-08-2025 13:01,5,12718.8584,29.3,28.5,49
S1-Ulhas River,19.25418883,73.22141733,109.347,303,2.61147,147.66025,28.4375,27-08-2025 13:01,5,12661.8525,29.3,28.5,48.9
S1-Ulhas River,19.25418067,73.22140517,109.347,292,2.63275,147.93196,28.4375,27-08-2025 13:01,5,12604.3105,29.3,28.6,49.1
S1-Ulhas River,19.25417333,73.22140183,109.347,315,2.64604,149.01826,28.4375,27-08-2025 13:02,5,12487.5996,29.3,28.6,49
S1-Ulhas River,19.254153,73.22141333,109.347,354,2.65136,149.01826,28.4375,27-08-2025 13:02,5,12448.2109,29.3,28.6,48.9
S1-Ulhas River,19.25414783,73.22140967,109.347,336,2.662,149.96802,28.4375,27-08-2025 13:02,5,4082.5757,29.3,28.6,48.9
S1-Ulhas River,19.2541425,73.22140717,109.347,313,2.68062,151.45905,28.4375,27-08-2025 13:03,5,12061.6836,29.3,28.6,48.9
S1-Ulhas River,19.25413733,73.22140767,109.347,324,2.66732,153.62476,28.4375,27-08-2025 13:03,5,16952.8711,29.3,28.6,48.9
S1-Ulhas River,19.25414133,73.22140383,109.347,329,2.66732,154.43597,28.4375,27-08-2025 13:03,5,17009.8691,29.3,28.5,48.7
S1-Ulhas River,19.254138,73.22140017,82.332,-5322,3.22578,2112.16382,28.375,27-08-2025 13:04,0,16981.4434,29.3,28.6,48.9
S1-Ulhas River,19.25413817,73.22140183,82.49,-5323,3.16196,2112.16382,28.3125,27-08-2025 13:04,0,16924.1367,29.3,28.6,48.8
S1-Ulhas River,19.2541375,73.2214005,82.649,-5312,3.10877,2112.16382,28.3125,27-08-2025 13:04,0,16924.1367,29.3,28.6,48.8
S1-Ulhas River,19.254134,73.22139917,69.319,-5291,3.07952,2106.38452,28.375,27-08-2025 13:05,0,16941.3984,29.3,28.6,48.8
S1-Ulhas River,19.25413583,73.22140167,83.084,-5297,3.06356,2112.16382,28.375,27-08-2025 13:05,0,17009.8691,29.3,28.6,48.8
S1-Ulhas River,19.25413917,73.22140117,83.243,-5282,3.06888,2112.16382,28.3125,27-08-2025 13:05,0,17038.166,29.3,28.6,48.8
S1-Ulhas River,19.2541415,73.22140383,83.322,-5279,3.05292,2112.16382,28.375,27-08-2025 13:06,0,17094.4316,29.3,28.6,48.8
S1-Ulhas River,19.25414083,73.22140917,69.783,-5289,3.10611,2106.38452,28.375,27-08-2025 13:06,0,17144.7969,29.3,28.6,48.8
S1-Ulhas River,19.2541445,73.22141767,83.441,-5296,3.19919,2112.16382,28.375,27-08-2025 13:06,0,17144.7969,29.3,28.6,48.8
S1-Ulhas River,19.25414417,73.22143017,69.849,-5321,3.21514,2106.38452,28.375,27-08-2025 13:07,5,17139.2109,29.3,28.6,48.8
S1-Ulhas River,19.254148,73.22143083,70.28,-5298,3.18855,2106.38452,28.375,27-08-2025 13:07,5,16970.0332,29.3,28.6,48.8
S1-Ulhas River,19.254144,73.22143783,70.645,-5281,3.14068,2106.38452,28.375,27-08-2025 13:07,5,15031.5361,29.3,28.6,48.8
S1-Ulhas River,19.254142,73.2214245,70.645,-5261,3.10345,2106.38452,28.375,27-08-2025 13:08,5,3956.3745,29.3,28.6,48.8
S1-Ulhas River,19.2541325,73.2214175,70.744,-5292,3.04495,2106.38452,28.375,27-08-2025 13:08,5,12061.6836,29.3,28.6,48.8
S1-Ulhas River,19.25413633,73.22140867,70.943,-5360,3.01835,2106.38452,28.375,27-08-2025 13:08,5,16952.8711,29.3,28.6,48.8
S1-Ulhas River,19.2541355,73.22141533,71.142,-5334,2.94123,2106.38452,28.375,27-08-2025 13:09,5,17009.8691,29.3,28.6,48.8
S1-Ulhas River,19.2541455,73.221419,71.473,-5311,2.79231,2106.38452,28.375,27-08-2025 13:09,5,16981.4434,29.3,28.6,48.8
S1-Ulhas River,19.254159,73.2214305,72.003,-5280,2.64604,2106.38452,28.375,27-08-2025 13:09,5,16924.1367,29.3,28.6,48.8
S1-Ulhas River,19.25417,73.22143517,72.335,-5240,2.55297,2106.38452,28.375,27-08-2025 13:10,5,16924.1367,29.3,28.6,48.9
S1-Ulhas River,19.2541775,73.221436,72.467,-5182,2.57956,2106.38452,28.375,27-08-2025 13:10,5,12061.6836,29.3,28.6,48.9
S1-Ulhas River,19.2542425,73.22133667,73.03,-5108,2.59552,2106.38452,28.375,27-08-2025 13:10,5,16952.8711,29.3,28.6,48.9
S1-Ulhas River,19.25432867,73.22123633,73.826,-5070,2.59818,2106.38452,28.375,27-08-2025 13:11,5,17009.8691,29.3,28.6,48.9
S1-Ulhas River,19.25433867,73.22121567,74.356,-5069,2.60881,2106.38452,28.375,27-08-2025 13:11,5,16981.4434,29.3,28.6,48.9
S1-Ulhas River,19.25433883,73.22121167,74.621,-5065,2.60349,2106.38452,28.375,27-08-2025 13:11,0,16924.1367,29.3,28.6,48.9
S1-Ulhas River,19.2543415,73.22121283,74.687,-5048,2.63009,2100.63135,28.375,27-08-2025 13:12,0,16924.1367,29.3,28.6,48.9
S1-Ulhas River,19.254349,73.22121433,74.72,-5094,2.64604,2106.38452,28.375,27-08-2025 13:12,0,16941.3984,29.3,28.6,48.9
S1-Ulhas River,19.25431633,73.22120583,74.753,-5135,2.64338,2100.63135,28.4375,27-08-2025 13:12,0,17009.8691,29.3,28.6,48.9
S1-Ulhas River,19.25432967,73.22122333,74.952,-5155,2.67796,2100.63135,28.4375,27-08-2025 13:13,5,17038.166,29.3,28.6,48.9
S1-Ulhas River,19.25432567,73.22122917,75.217,-5197,2.68062,2100.63135,28.4375,27-08-2025 13:13,5,17094.4316,29.3,28.6,48.9
S1-Ulhas River,19.25432817,73.22122283,75.416,-5246,2.42,2100.63135,28.4375,27-08-2025 13:13,5,17144.7969,29.3,28.6,48.9
S1-Ulhas River,19.2543245,73.22123267,75.913,-5271,2.77901,2106.38452,28.4375,27-08-2025 13:14,5,17144.7969,29.3,28.6,48.9
S1-Ulhas River,19.25430467,73.22125967,75.913,-5283,2.79231,2100.63135,28.4375,27-08-2025 13:14,5,17139.2109,29.3,28.6,49
S1-Ulhas River,19.254257,73.22132283,76.708,-5308,2.80294,2100.63135,28.4375,27-08-2025 13:14,5,16970.0332,29.4,28.6,48.9
S1-Ulhas River,19.25418633,73.22141467,76.708,-5302,2.7604,2100.63135,28.4375,27-08-2025 13:15,5,15031.5361,29.4,28.6,48.5
S1-Ulhas River,19.254183,73.22142033,76.708,-5294,2.78167,2100.63135,28.4375,27-08-2025 13:15,5,3956.3745,29.3,28.6,48.6
S1-Ulhas River,19.25418883,73.22141733,76.874,-5301,2.20459,2100.63135,28.4375,27-08-2025 13:15,5,13479.0771,28.8,28.1,50.2
S1-Ulhas River,19.25418067,73.22140517,76.874,-5305,2.82156,2100.63135,28.375,27-08-2025 13:16,5,29589.8496,28.8,28.1,50.5
S1-Ulhas River,19.25417333,73.22140183,76.874,-5318,2.83752,2100.63135,28.3125,27-08-2025 13:16,5,29599.4453,28.8,28.1,50.4
S1-Ulhas River,19.254153,73.22141333,76.874,-5331,2.86145,2100.63135,28.3125,27-08-2025 13:16,5,25710.3477,28.8,28.1,50.5
S1-Ulhas River,19.25414783,73.22140967,76.874,-5333,2.8189,2100.63135,28.375,27-08-2025 13:17,5,16924.1367,28.8,28.1,50.5
S1-Ulhas River,19.2541425,73.22140717,76.907,-5331,2.78433,2100.63135,28.375,27-08-2025 13:17,5,12061.6836,28.8,28.2,50.5
S1-Ulhas River,19.25413733,73.22140767,77.007,-5320,2.78167,2100.63135,28.3125,27-08-2025 13:17,5,16952.8711,28.8,28.2,50.4
S1-Ulhas River,19.25414133,73.22140383,77.239,-5272,2.82688,2100.63135,28.375,27-08-2025 13:18,5,17009.8691,28.8,28.1,50.5
S1-Ulhas River,19.254138,73.22140017,77.504,-5234,2.83486,2100.63135,28.375,27-08-2025 13:18,5,16981.4434,28.8,28.1,50.4
S1-Ulhas River,19.25413817,73.22140183,78.166,-5237,2.82156,2100.63135,28.375,27-08-2025 13:18,5,16924.1367,28.8,28.2,50.4
S1-Ulhas River,19.2541375,73.2214005,78.829,-5263,2.85347,2100.63135,28.375,27-08-2025 13:19,5,16924.1367,28.8,28.2,50.4
S1-Ulhas River,19.254134,73.22139917,80.055,-5261,2.86411,2094.90503,28.375,27-08-2025 13:19,5,16941.3984,28.8,28.2,50.4
S1-Ulhas River,19.25413583,73.22140167,81.248,-5250,2.83752,2094.90503,28.375,27-08-2025 13:19,5,17009.8691,28.8,28.2,50.5
S1-Ulhas River,19.25413917,73.22140117,81.48,-5239,2.85613,2100.63135,28.375,27-08-2025 13:20,5,17038.166,28.8,28.2,50.4
S1-Ulhas River,19.2541415,73.22140383,81.612,-5198,2.86145,2100.63135,28.375,27-08-2025 13:20,0,17094.4316,28.8,28.2,50.5
S1-Ulhas River,19.25414083,73.22140917,81.612,-5189,2.86943,2094.90503,28.375,27-08-2025 13:20,0,17144.7969,28.8,28.2,50.4
S1-Ulhas River,19.2541445,73.22141767,81.612,-5149,2.87741,2094.90503,28.375,27-08-2025 13:21,0,17144.7969,28.8,28.2,50.5
S1-Ulhas River,19.25414417,73.22143017,81.612,-5113,2.86677,2094.90503,28.375,27-08-2025 13:21,0,17139.2109,28.8,28.2,50.5
S1-Ulhas River,19.254148,73.22143083,81.612,-5090,2.88538,2094.90503,28.375,27-08-2025 13:21,0,16970.0332,28.8,28.2,50.4
S1-Ulhas River,19.254144,73.22143783,81.612,-5070,2.89336,2100.63135,28.375,27-08-2025 13:22,0,15031.5361,28.8,28.2,50.4
S1-Ulhas River,19.254142,73.2214245,81.612,-5061,2.90134,2094.90503,28.375,27-08-2025 13:22,0,3956.3745,28.8,28.2,50.4
S1-Ulhas River,19.2541325,73.2214175,81.612,-5079,2.89336,2094.90503,28.375,27-08-2025 13:22,0,13479.0771,28.8,28.2,50.4
S1-Ulhas River,19.25413633,73.22140867,81.612,-5096,2.93857,2094.90503,28.375,27-08-2025 13:23,5,29589.8496,28.8,28.2,50.5
S1-Ulhas River,19.2541355,73.22141533,81.612,-5082,2.94389,2094.90503,28.375,27-08-2025 13:23,0,29599.4453,28.8,28.2,50.4
S1-Ulhas River,19.2541455,73.221419,81.811,-5091,2.93591,2094.90503,28.375,27-08-2025 13:23,0,25710.3477,28.8,28.2,50.4
S1-Ulhas River,19.254159,73.2214305,81.911,-5100,2.94655,2094.90503,28.375,27-08-2025 13:24,0,16924.1367,28.8,28.2,50.5
S1-Ulhas River,19.25417,73.22143517,82.11,-5106,2.93059,2094.90503,28.375,27-08-2025 13:24,0,12061.6836,28.8,28.2,50.5
S1-Ulhas River,19.2541775,73.221436,82.507,-5123,2.95985,2094.90503,28.4375,27-08-2025 13:24,0,16952.8711,28.8,28.2,50.4
S1-Ulhas River,19.2542425,73.22133667,83.435,-5109,2.95453,2094.90503,28.4375,27-08-2025 13:25,0,17009.8691,28.8,28.2,50.5
S1-Ulhas River,19.25432867,73.22123633,84.528,-5114,2.95453,2094.90503,28.4375,27-08-2025 13:25,0,16981.4434,28.8,28.2,50.4
S1-Ulhas River,19.25433867,73.22121567,87.246,-5113,2.97846,2094.90503,28.4375,27-08-2025 13:25,0,16924.1367,28.8,28.2,50.4
S1-Ulhas River,19.25433883,73.22121167,89.93,-4903,1.3802,2094.90503,28.4375,27-08-2025 13:26,0,16924.1367,28.8,28.2,50.4
S1-Ulhas River,19.2543415,73.22121283,90.393,-3488,1.35892,2094.90503,28.4375,27-08-2025 13:26,0,16941.3984,28.8,28.2,50.4
S1-Ulhas River,19.254349,73.22121433,91.023,-1969,1.39084,2094.90503,28.4375,27-08-2025 13:26,0,17009.8691,28.8,28.2,50.4
S1-Ulhas River,19.25431633,73.22120583,91.653,-1453,1.41211,2094.90503,28.4375,27-08-2025 13:27,0,17038.166,28.8,28.2,50.4
S1-Ulhas River,19.25432967,73.22122333,91.951,-1240,1.41477,2094.90503,28.4375,27-08-2025 13:27,0,17094.4316,28.8,28.2,50.5
S1-Ulhas River,19.25432567,73.22122917,92.15,-1168,1.40945,2094.90503,28.4375,27-08-2025 13:27,0,17144.7969,28.8,28.2,50.4
S1-Ulhas River,19.25432817,73.22122283,92.216,-1186,1.41743,2094.90503,28.375,27-08-2025 13:28,0,17144.7969,28.8,28.2,50.4
S1-Ulhas River,19.2543245,73.22123267,92.547,-1192,1.51848,2094.90503,28.3125,27-08-2025 13:28,0,17139.2109,28.8,28.2,50.4
S1-Ulhas River,19.25430467,73.22125967,93.177,-1162,1.43073,2094.90503,28.3125,27-08-2025 13:28,0,16970.0332,28.8,28.2,50.5
S1-Ulhas River,19.254257,73.22132283,93.972,-1162,1.43338,2094.90503,28.375,27-08-2025 13:29,0,15031.5361,28.8,28.2,50.4
S1-Ulhas River,19.25418633,73.22141467,94.834,-1194,1.44934,2094.90503,28.375,27-08-2025 13:29,0,3956.3745,28.8,28.2,50.3
S1-Ulhas River,19.254183,73.22142033,95.297,-1184,1.47327,2100.63135,28.3125,27-08-2025 13:29,0,13479.0771,28.9,28.2,50.5
S1-Ulhas River,19.25418883,73.22141733,95.529,-1155,1.45998,2100.63135,28.375,27-08-2025 13:30,0,29589.8496,28.9,28.2,50.4
S1-Ulhas River,19.25418067,73.22140517,96.457,-1149,1.47593,2094.90503,28.375,27-08-2025 13:30,0,29599.4453,28.9,28.3,50.6
S1-Ulhas River,19.25417333,73.22140183,97.385,-1610,3.02101,2100.63135,28.375,27-08-2025 13:30,0,25710.3477,28.9,28.3,50.6
S1-Ulhas River,19.254153,73.22141333,100.864,-2520,3.19653,2094.90503,28.375,27-08-2025 13:31,0,16924.1367,28.9,28.3,50.6
S1-Ulhas River,19.25414783,73.22140967,106.762,-2888,3.07952,2094.90503,28.375,27-08-2025 13:31,0,12061.6836,28.9,28.3,50.6
S1-Ulhas River,19.2541425,73.22140717,109.347,-2865,3.17791,2100.63135,28.375,27-08-2025 13:31,0,16952.8711,28.9,28.3,50.6
S1-Ulhas River,19.25413733,73.22140767,109.347,-2003,1.48923,2100.63135,28.375,27-08-2025 13:32,0,17009.8691,28.9,28.3,50.6
S1-Ulhas River,19.25414133,73.22140383,109.347,-1112,1.5371,712.73163,28.375,27-08-2025 13:32,0,16981.4434,28.9,28.3,50.6
S1-Ulhas River,19.254138,73.22140017,109.347,-1070,1.56901,147.91679,28.375,27-08-2025 13:32,0,16924.1367,28.9,28.3,50.6
S1-Ulhas River,19.25413817,73.22140183,109.347,-1071,1.58763,145.31776,28.375,27-08-2025 13:33,0,16924.1367,28.9,28.3,50.6
S1-Ulhas River,19.2541375,73.2214005,109.347,-1078,1.56369,142.73146,28.375,27-08-2025 13:33,0,16941.3984,28.9,28.3,50.6
S1-Ulhas River,19.254134,73.22139917,109.347,-1085,1.56901,141.06529,28.375,27-08-2025 13:33,0,17009.8691,28.9,28.3,50.6
S1-Ulhas River,19.25413583,73.22140167,109.347,-1079,1.45998,139.27745,28.375,27-08-2025 13:34,0,17038.166,28.9,28.3,50.4
S1-Ulhas River,19.25413917,73.22140117,109.347,-1067,1.57433,138.31363,28.375,27-08-2025 13:34,5,17094.4316,28.9,28.3,50.6
S1-Ulhas River,19.2541415,73.22140383,109.347,-1070,1.63284,138.05093,28.375,27-08-2025 13:34,5,17144.7969,28.9,28.3,50.6
S1-Ulhas River,19.25414083,73.22140917,109.347,-1088,1.53444,138.05093,28.375,27-08-2025 13:35,5,17144.7969,28.9,28.3,50.6
S1-Ulhas River,19.2541445,73.22141767,109.347,-1092,1.53444,137.48685,28.375,27-08-2025 13:35,5,17139.2109,28.9,28.3,50.6
S1-Ulhas River,19.25414417,73.22143017,109.347,-1082,1.58763,137.07323,28.375,27-08-2025 13:35,5,16970.0332,28.9,28.3,50.6
S1-Ulhas River,19.254148,73.22143083,109.347,-1064,1.63018,136.93533,28.375,27-08-2025 13:36,5,15031.5361,28.9,28.3,50.6
S1-Ulhas River,19.254144,73.22143783,109.347,-1060,1.59826,136.51048,28.375,27-08-2025 13:36,5,3956.3745,28.9,28.3,50.6
S1-Ulhas River,19.254142,73.2214245,109.347,-1071,1.68602,136.65947,28.4375,27-08-2025 13:36,5,13479.0771,28.9,28.3,50.6
S1-Ulhas River,19.2541325,73.2214175,109.347,-1067,1.57167,136.10756,28.4375,27-08-2025 13:37,5,29589.8496,28.9,28.3,50.4
S1-Ulhas River,19.25413633,73.22140867,109.347,-1080,1.58763,136.10756,28.4375,27-08-2025 13:37,5,29599.4453,28.9,28.3,50.6
S1-Ulhas River,19.2541355,73.22141533,109.347,-1088,1.70198,136.10756,28.4375,27-08-2025 13:37,5,25710.3477,28.9,28.4,50.6
S1-Ulhas River,19.2541455,73.221419,109.347,-1086,1.69932,135.27917,28.4375,27-08-2025 13:38,5,27017.5332,28.9,28.4,50.6
S1-Ulhas River,19.254159,73.2214305,109.347,-1081,1.74453,135.14105,28.4375,27-08-2025 13:38,5,1145.1538,29,28.4,49.5
S1-Ulhas River,19.25417,73.22143517,109.347,-1073,1.61954,135.00291,28.4375,27-08-2025 13:38,5,27081.2227,29,28.4,49.3
S1-Ulhas River,19.2541775,73.221436,109.347,-1072,1.72059,135.00291,28.4375,27-08-2025 13:39,5,27017.5332,29.1,28.4,49.2
S1-Ulhas River,19.2542425,73.22133667,0,0,3.5316,138.05093,28.4375,27-08-2025 13:39,5,21627.4844,29.1,28.4,49.2
S1-Ulhas River,19.25432867,73.22123633,0,-3217,3.58213,137.48685,28.4375,27-08-2025 13:39,5,17009.8691,29.1,28.4,49.2
S1-Ulhas River,19.25433867,73.22121567,0,-4454,3.56352,137.07323,28.375,27-08-2025 13:40,5,17038.166,29.1,28.4,49.2
S1-Ulhas River,19.25433883,73.22121167,0,-4309,3.56086,136.93533,28.3125,27-08-2025 13:40,5,17094.4316,29.1,28.4,49.2
S1-Ulhas River,19.2543415,73.22121283,0,-4240,3.56618,136.51048,28.3125,27-08-2025 13:40,5,17144.7969,29.1,28.4,49.2
S1-Ulhas River,19.254349,73.22121433,0,-4191,3.60075,136.65947,28.375,27-08-2025 13:41,5,17144.7969,29.1,28.4,49.2
S1-Ulhas River,19.25431633,73.22120583,0,-4140,3.56618,136.10756,28.375,27-08-2025 13:41,5,17139.2109,29.1,28.4,49.2
S1-Ulhas River,19.25432967,73.22122333,0,-4091,3.59011,136.10756,28.3125,27-08-2025 13:41,5,16970.0332,29.1,28.4,49.1
S1-Ulhas River,19.25432567,73.22122917,0,-3923,1.98653,136.10756,28.375,27-08-2025 13:42,5,15031.5361,29.1,28.4,49.2
S1-Ulhas River,19.25432817,73.22122283,0,-3885,3.60873,135.27917,28.375,27-08-2025 13:42,5,3956.3745,29.1,28.4,49.2
S1-Ulhas River,19.2543245,73.22123267,0,-3946,3.6167,135.14105,28.375,27-08-2025 13:42,5,12061.6836,29.1,28.4,49.2
S1-Ulhas River,19.25430467,73.22125967,0,-3907,3.6167,135.00291,28.375,27-08-2025 13:43,5,16952.8711,29.1,28.4,49.1
S1-Ulhas River,19.254257,73.22132283,0,-3870,3.60075,135.00291,28.375,27-08-2025 13:43,5,17009.8691,29.1,28.4,49
S1-Ulhas River,19.25418633,73.22141467,0,-3842,3.6167,135.27917,28.375,27-08-2025 13:43,5,16981.4434,29.1,28.4,49.1
S1-Ulhas River,19.254183,73.22142033,0,-3842,3.63532,135.14105,28.375,27-08-2025 13:44,5,16924.1367,29.1,28.4,49.1
S1-Ulhas River,19.25418883,73.22141733,36.25,-3849,3.62202,74.39266,28.375,27-08-2025 13:44,5,16924.1367,29.1,28.4,49.2
S1-Ulhas River,19.25418067,73.22140517,76.112,-3816,3.63,706.07941,28.375,27-08-2025 13:44,5,12061.6836,29.1,28.4,49.1
S1-Ulhas River,19.25417333,73.22140183,79.79,-3788,3.61936,2083.53198,28.375,27-08-2025 13:45,5,16952.8711,29.1,28.4,49.1
S1-Ulhas River,19.254153,73.22141333,80.453,-3755,3.64862,2089.20557,28.375,27-08-2025 13:45,5,17009.8691,29.1,28.4,49.2
S1-Ulhas River,19.25414783,73.22140967,81.347,-3664,3.66457,2089.20557,28.375,27-08-2025 13:45,5,16981.4434,29.1,28.4,49.1
S1-Ulhas River,19.2541425,73.22140717,81.811,-3654,3.68851,2089.20557,28.375,27-08-2025 13:46,5,16924.1367,29.1,28.4,49.2
S1-Ulhas River,19.25413733,73.22140767,82.838,-3733,3.65393,2089.20557,28.375,27-08-2025 13:46,5,16924.1367,29.1,28.4,49.1
S1-Ulhas River,19.25414133,73.22140383,84.959,-3759,3.68851,2083.53198,28.375,27-08-2025 13:46,5,16941.3984,29.1,28.4,49.1
S1-Ulhas River,19.254138,73.22140017,87.61,-3743,3.66457,2089.20557,28.375,27-08-2025 13:47,5,17009.8691,29.1,28.4,49.1
S1-Ulhas River,19.25413817,73.22140183,89.499,-3693,3.69914,2083.53198,28.375,27-08-2025 13:47,5,17038.166,29.1,28.4,49.1
S1-Ulhas River,19.2541375,73.2214005,91.321,-3695,3.7018,2083.53198,28.375,27-08-2025 13:47,5,17094.4316,29.1,28.4,49.1
S1-Ulhas River,19.254134,73.22139917,91.421,-3704,3.68319,2089.20557,28.375,27-08-2025 13:48,5,17144.7969,29.1,28.4,49.1
S1-Ulhas River,19.25413583,73.22140167,93.243,-3680,3.73106,2089.20557,28.375,27-08-2025 13:48,5,17144.7969,29.1,28.4,49.1
S1-Ulhas River,19.25413917,73.22140117,93.475,-3663,3.7018,2083.53198,28.4375,27-08-2025 13:48,5,17139.2109,29.1,28.4,49
S1-Ulhas River,19.2541415,73.22140383,93.773,-3662,3.72042,2083.53198,28.4375,27-08-2025 13:49,5,16970.0332,29.1,28.4,49
S1-Ulhas River,19.25414083,73.22140917,94.071,-3677,3.70978,2083.53198,28.4375,27-08-2025 13:49,5,15031.5361,29.1,28.4,49
S1-Ulhas River,19.2541445,73.22141767,94.303,-3644,3.74435,2083.53198,28.4375,27-08-2025 13:49,5,3956.3745,29.1,28.4,49
S1-Ulhas River,19.25414417,73.22143017,94.602,-3635,3.74435,2089.20557,28.4375,27-08-2025 13:50,5,13479.0771,29.1,28.5,49.1
S1-Ulhas River,19.254148,73.22143083,94.834,-3650,3.78158,2089.20557,28.4375,27-08-2025 13:50,5,29589.8496,29.1,28.4,49
S1-Ulhas River,19.254144,73.22143783,94.933,-3647,3.7736,2089.20557,28.4375,27-08-2025 13:50,5,29599.4453,29.1,28.4,49.1
S1-Ulhas River,19.254142,73.2214245,95.032,-3611,3.74435,2083.53198,28.4375,27-08-2025 13:51,5,25710.3477,29.1,28.4,49
S1-Ulhas River,19.2541325,73.2214175,95.231,-3594,3.69382,2083.53198,28.4375,27-08-2025 13:51,5,16924.1367,29.2,28.4,49
S1-Ulhas River,19.25413633,73.22140867,95.529,-3676,3.77892,2083.53198,28.4375,27-08-2025 13:51,5,12061.6836,29.2,28.4,48.9
S1-Ulhas River,19.2541355,73.22141533,95.861,-3667,3.76031,2083.53198,28.375,27-08-2025 13:52,5,16952.8711,29.1,28.4,49
S1-Ulhas River,19.2541455,73.221419,96.59,-3608,3.78424,2083.53198,28.3125,27-08-2025 13:52,5,17009.8691,29.1,28.5,49.1
S1-Ulhas River,19.254159,73.2214305,97.12,-3624,3.76297,2083.53198,28.3125,27-08-2025 13:52,5,16981.4434,29.1,28.5,49.1
S1-Ulhas River,19.25417,73.22143517,97.617,-3617,3.79222,2083.53198,28.375,27-08-2025 13:53,5,16924.1367,29.1,28.4,49.1
S1-Ulhas River,19.2541775,73.221436,97.816,-2879,2.18066,2083.53198,28.375,27-08-2025 13:53,5,16924.1367,29.2,28.4,49
S1-Ulhas River,19.2542425,73.22133667,98.081,-1490,2.178,2083.53198,28.3125,27-08-2025 13:53,0,16941.3984,29.1,28.4,49
S1-Ulhas River,19.25432867,73.22123633,98.18,-774,2.21257,2083.53198,28.375,27-08-2025 13:54,0,17009.8691,29.2,28.4,49
S1-Ulhas River,19.25433867,73.22121567,98.28,-586,2.18332,2083.53198,28.375,27-08-2025 13:54,0,17038.166,29.2,28.5,49.1
S1-Ulhas River,19.25433883,73.22121167,98.346,-434,2.21523,2083.53198,28.375,27-08-2025 13:54,0,17094.4316,29.2,28.4,49
S1-Ulhas River,19.2543415,73.22121283,98.412,-411,2.24182,2083.53198,28.375,27-08-2025 13:55,0,17144.7969,29.2,28.4,49
S1-Ulhas River,19.254349,73.22121433,98.545,-393,2.26842,2083.53198,28.375,27-08-2025 13:55,0,17144.7969,29.2,28.4,49.1
S1-Ulhas River,19.25431633,73.22120583,98.744,-361,2.20459,2083.53198,28.375,27-08-2025 13:55,0,17139.2109,29.2,28.4,49
S1-Ulhas River,19.25432967,73.22122333,98.976,-359,2.24182,2083.53198,28.375,27-08-2025 13:56,0,16970.0332,29.2,28.4,49
S1-Ulhas River,19.25432567,73.22122917,99.473,-383,2.24714,2083.53198,28.375,27-08-2025 13:56,0,15031.5361,29.2,28.4,49
S1-Ulhas River,19.25432817,73.22122283,99.97,-380,2.25246,2077.88574,28.375,27-08-2025 13:56,5,3956.3745,29.2,28.4,49
S1-Ulhas River,19.2543245,73.22123267,100.135,-370,2.27374,2083.53198,28.375,27-08-2025 13:57,5,13479.0771,29.2,28.5,49.1
S1-Ulhas River,19.25430467,73.22125967,100.798,-358,2.25778,2083.53198,28.375,27-08-2025 13:57,5,29589.8496,29.2,28.5,49.1
S1-Ulhas River,19.254257,73.22132283,101.56,-355,2.26576,2083.53198,28.375,27-08-2025 13:57,5,29599.4453,29.2,28.5,49.1
S1-Ulhas River,19.25418633,73.22141467,102.09,-347,2.27374,2083.53198,28.375,27-08-2025 13:58,5,25710.3477,29.2,28.5,49.1
S1-Ulhas River,19.254183,73.22142033,102.919,-405,2.30033,723.94177,28.375,27-08-2025 13:58,5,16924.1367,29.2,28.4,49
S1-Ulhas River,19.25418883,73.22141733,106.365,-438,2.30299,166.01187,28.375,27-08-2025 13:58,5,12061.6836,29.2,28.5,49.1
S1-Ulhas River,19.25418067,73.22140517,109.347,-385,2.27374,164.8006,28.375,27-08-2025 13:59,5,16952.8711,29.2,28.5,49
S1-Ulhas River,19.25417333,73.22140183,109.347,-473,1.75516,163.81534,28.375,27-08-2025 13:59,5,17009.8691,29.2,28.4,49
S1-Ulhas River,19.254153,73.22141333,109.347,-703,2.30033,163.68077,28.375,27-08-2025 13:59,5,16981.4434,29.2,28.5,49.2
S1-Ulhas River,19.25414783,73.22140967,109.347,-907,2.31895,163.54617,28.375,27-08-2025 14:00,5,16924.1367,29.2,28.5,49.3
S1-Ulhas River,19.2541425,73.22140717,109.347,-789,2.32426,162.33429,28.375,27-08-2025 14:00,5,16924.1367,29.2,28.5,49.2
S1-Ulhas River,19.25413733,73.22140767,109.347,-410,2.34288,160.17734,28.4375,27-08-2025 14:00,5,16941.3984,29.2,28.5,49.2
S1-Ulhas River,19.25414133,73.22140383,109.347,-77,2.34022,158.28729,28.4375,27-08-2025 14:01,5,17009.8691,29.2,28.5,49.1
S1-Ulhas River,19.254138,73.22140017,109.347,96,2.31097,156.52992,28.4375,27-08-2025 14:01,0,17038.166,29.2,28.5,49.1
S1-Ulhas River,19.25413817,73.22140183,109.347,212,2.35883,155.31195,28.4375,27-08-2025 14:01,0,17094.4316,29.2,28.5,49.1
S1-Ulhas River,19.2541375,73.2214005,109.347,225,2.34288,154.77029,28.4375,27-08-2025 14:02,0,17144.7969,29.2,28.5,49.2
S1-Ulhas River,19.254134,73.22139917,109.347,196,2.32692,154.49936,28.4375,27-08-2025 14:02,0,17144.7969,29.2,28.5,49.2
S1-Ulhas River,19.25413583,73.22140167,109.347,194,2.39607,154.36388,28.4375,27-08-2025 14:02,5,17139.2109,29.2,28.5,49.1
S1-Ulhas River,19.25413917,73.22140117,109.347,197,2.39607,154.22839,28.4375,27-08-2025 14:03,5,16970.0332,29.2,28.5,49.1
S1-Ulhas River,19.2541415,73.22140383,109.347,184,2.37479,152.19432,28.4375,27-08-2025 14:03,5,15031.5361,29.2,28.5,49.1
S1-Ulhas River,19.25414083,73.22140917,109.347,197,2.38011,152.19432,28.4375,27-08-2025 14:03,5,9515.3789,29.2,28.5,49.1
S1-Ulhas River,19.2541445,73.22141767,109.347,207,2.40138,152.19432,28.375,27-08-2025 14:04,5,9683.5811,29.2,28.5,49.1
S1-Ulhas River,19.25414417,73.22143017,109.347,205,2.42532,152.19432,28.3125,27-08-2025 14:04,5,9683.5811,29.2,28.5,49
S1-Ulhas River,19.254148,73.22143083,109.347,203,2.41734,150.02112,28.3125,27-08-2025 14:04,5,9794.1846,29.2,28.5,49.2
S1-Ulhas River,19.254144,73.22143783,109.347,210,2.42532,149.61324,28.375,27-08-2025 14:05,5,10118.7373,29.2,28.5,49.1
S1-Ulhas River,19.254142,73.2214245,109.347,225,2.41202,152.02968,28.375,27-08-2025 14:05,5,10038.6123,29.2,28.5,49.2
S1-Ulhas River,19.2541325,73.2214175,109.347,228,2.43862,149.47726,28.3125,27-08-2025 14:05,5,10276.9824,29.2,28.5,49.1
S1-Ulhas River,19.25413633,73.22140867,109.347,217,2.44925,149.47726,28.375,27-08-2025 14:06,5,10011.7549,29.2,28.5,49.1
S1-Ulhas River,19.2541355,73.22141533,109.347,205,2.45457,148.36409,28.375,27-08-2025 14:06,5,10092.1035,29.2,28.5,49.1
S1-Ulhas River,19.2541455,73.221419,109.347,191,2.46787,148.09215,28.375,27-08-2025 14:06,5,9401.7012,29.2,28.5,49.1
S1-Ulhas River,19.254159,73.2214305,109.347,212,2.45989,147.98039,28.375,27-08-2025 14:07,5,9053.1621,29.2,28.5,49.1
S1-Ulhas River,19.25417,73.22143517,109.347,254,2.47319,147.68411,28.375,27-08-2025 14:07,5,8723.6328,29.2,28.5,49.1
S1-Ulhas River,19.2541775,73.221436,109.347,239,2.48116,147.27596,28.375,27-08-2025 14:07,5,9199.7627,29.2,28.5,49
S1-Ulhas River,19.2542425,73.22133667,109.347,252,2.47319,146.86765,28.375,27-08-2025 14:08,5,9286.7764,29.3,28.5,49
S1-Ulhas River,19.25432867,73.22123633,109.347,294,2.5051,146.45921,28.375,27-08-2025 14:08,5,9141.3594,29.3,28.5,49.1
S1-Ulhas River,19.25433867,73.22121567,109.347,300,2.51042,146.05064,28.375,27-08-2025 14:08,5,8934.4531,29.3,28.5,49
S1-Ulhas River,19.25433883,73.22121167,109.347,308,2.49978,145.50568,28.375,27-08-2025 14:09,5,8934.4531,29.3,28.5,49
S1-Ulhas River,19.2543415,73.22121283,109.347,306,2.49712,144.55141,28.375,27-08-2025 14:09,5,8904.5771,29.3,28.5,48.9
S1-Ulhas River,19.254349,73.22121433,109.347,292,2.51042,144.14218,28.375,27-08-2025 14:09,5,9141.3594,29.3,28.5,49
S1-Ulhas River,19.25431633,73.22120583,109.347,292,2.5184,144.14218,28.375,27-08-2025 14:10,0,9286.7764,29.3,28.5,49
S1-Ulhas River,19.25432967,73.22122333,109.347,313,2.52371,144.14218,28.375,27-08-2025 14:10,0,9401.7012,29.3,28.5,48.9
S1-Ulhas River,19.25432567,73.22122917,109.347,326,2.53701,144.14218,28.375,27-08-2025 14:10,0,9112.0391,29.3,28.5,49
S1-Ulhas River,19.25432817,73.22122283,109.347,334,2.55297,144.14218,28.375,27-08-2025 14:11,0,8904.5771,29.3,28.5,49
S1-Ulhas River,19.2543245,73.22123267,109.347,332,2.53967,144.14218,28.375,27-08-2025 14:11,0,9257.8506,29.3,28.5,48.9
S1-Ulhas River,19.25430467,73.22125967,109.347,337,2.54499,144.14218,28.375,27-08-2025 14:11,0,9794.1846,29.3,28.5,49
S1-Ulhas River,19.254257,73.22132283,109.347,287,2.5769,145.09679,28.375,27-08-2025 14:12,0,10171.7822,29.3,28.5,49
S1-Ulhas River,19.25418633,73.22141467,109.347,280,2.58488,146.05064,28.375,27-08-2025 14:12,0,9984.8223,29.3,28.5,49
S1-Ulhas River,19.254183,73.22142033,109.347,317,2.59552,146.45921,28.4375,27-08-2025 14:12,5,9903.5732,29.3,28.5,48.9
S1-Ulhas River,19.25418883,73.22141733,109.347,277,2.59552,146.86765,28.4375,27-08-2025 14:13,0,9849.0303,29.3,28.5,49
S1-Ulhas River,19.25418067,73.22140517,109.347,237,2.60881,147.13986,28.4375,27-08-2025 14:13,0,10381.0059,29.3,28.5,49
S1-Ulhas River,19.25417333,73.22140183,109.347,264,2.58754,147.54808,28.4375,27-08-2025 14:13,0,10760.751,29.3,28.5,49
S1-Ulhas River,19.254153,73.22141333,109.347,306,2.62743,147.52437,28.4375,27-08-2025 14:14,0,10760.751,29.3,28.5,49
S1-Ulhas River,19.25414783,73.22140967,109.347,303,2.61147,147.66025,28.4375,27-08-2025 14:14,0,10760.751,29.3,28.5,48.9
S1-Ulhas River,19.2541425,73.22140717,109.347,292,2.63275,147.93196,28.4375,27-08-2025 14:14,0,10956.7129,29.3,28.5,49
S1-Ulhas River,19.25413733,73.22140767,109.347,315,2.64604,149.01826,28.4375,27-08-2025 14:15,0,11288.9014,29.3,28.5,49
S1-Ulhas River,19.25414133,73.22140383,109.347,354,2.65136,149.01826,28.4375,27-08-2025 14:15,0,11288.9014,29.3,28.5,48.9
S1-Ulhas River,19.254138,73.22140017,109.347,336,2.662,149.96802,28.4375,27-08-2025 14:15,0,11100.7393,29.3,28.5,49
S1-Ulhas River,19.25413817,73.22140183,109.347,313,2.68062,151.45905,28.375,27-08-2025 14:16,0,11005,29.3,28.5,49
S1-Ulhas River,19.2541375,73.2214005,109.347,324,2.66732,153.62476,28.3125,27-08-2025 14:16,0,10610.7979,29.3,28.5,49
S1-Ulhas River,19.254134,73.22139917,109.347,329,2.66732,154.43597,28.3125,27-08-2025 14:16,0,10560.2393,29.3,28.5,48.9
S1-Ulhas River,19.25413583,73.22140167,82.332,-5322,3.22578,2112.16382,28.375,27-08-2025 14:17,0,10760.751,29.3,28.5,49
S1-Ulhas River,19.25413917,73.22140117,82.49,-5323,3.16196,2112.16382,28.375,27-08-2025 14:17,0,10956.7129,29.3,28.5,49
S1-Ulhas River,19.2541415,73.22140383,82.649,-5312,3.10877,2112.16382,28.3125,27-08-2025 14:17,0,10908.1465,29.3,28.5,49
S1-Ulhas River,19.25414083,73.22140917,69.319,-5291,3.07952,2106.38452,28.375,27-08-2025 14:18,0,11005,29.3,28.5,49
S1-Ulhas River,19.2541445,73.22141767,83.084,-5297,3.06356,2112.16382,28.375,27-08-2025 14:18,0,11288.9014,29.3,28.5,49
S1-Ulhas River,19.25414417,73.22143017,83.243,-5282,3.06888,2112.16382,28.375,27-08-2025 14:18,0,11892.1191,29.3,28.5,48.9
S1-Ulhas River,19.254148,73.22143083,83.322,-5279,3.05292,2112.16382,28.375,27-08-2025 14:19,0,12247.582,29.3,28.5,48.9
S1-Ulhas River,19.254144,73.22143783,69.783,-5289,3.10611,2106.38452,28.375,27-08-2025 14:19,0,12623.5508,29.3,28.5,49
S1-Ulhas River,19.254142,73.2214245,83.441,-5296,3.19919,2112.16382,28.375,27-08-2025 14:19,0,12604.3105,29.3,28.5,49
S1-Ulhas River,19.2541325,73.2214175,69.849,-5321,3.21514,2106.38452,28.375,27-08-2025 14:20,0,12718.8584,29.3,28.5,48.9
S1-Ulhas River,19.25413633,73.22140867,70.28,-5298,3.18855,2106.38452,28.375,27-08-2025 14:20,0,12487.5996,29.3,28.5,48.9
S1-Ulhas River,19.2541355,73.22141533,70.645,-5281,3.14068,2106.38452,28.375,27-08-2025 14:20,0,12585.0098,29.3,28.5,48.9
S1-Ulhas River,19.2541455,73.221419,70.645,-5261,3.10345,2106.38452,28.375,27-08-2025 14:21,0,12565.6475,29.3,28.6,49.1
S1-Ulhas River,19.254159,73.2214305,70.744,-5292,3.04495,2106.38452,28.375,27-08-2025 14:21,0,12604.3105,29.3,28.5,49
S1-Ulhas River,19.25417,73.22143517,70.943,-5360,3.01835,2106.38452,28.375,27-08-2025 14:21,0,12604.3105,29.3,28.6,49.1
S1-Ulhas River,19.2541775,73.221436,71.142,-5334,2.94123,2106.38452,28.375,27-08-2025 14:22,0,12546.2266,29.3,28.6,49
S1-Ulhas River,19.2542425,73.22133667,71.473,-5311,2.79231,2106.38452,28.375,27-08-2025 14:22,0,12718.8584,29.3,28.6,49
S1-Ulhas River,19.25432867,73.22123633,72.003,-5280,2.64604,2106.38452,28.375,27-08-2025 14:22,0,12718.8584,29.3,28.5,49
S1-Ulhas River,19.25433867,73.22121567,72.335,-5240,2.55297,2106.38452,28.375,27-08-2025 14:23,0,12661.8525,29.3,28.5,48.9
S1-Ulhas River,19.25433883,73.22121167,72.467,-5182,2.57956,2106.38452,28.375,27-08-2025 14:23,0,12604.3105,29.3,28.6,49.1
S1-Ulhas River,19.2543415,73.22121283,73.03,-5108,2.59552,2106.38452,28.375,27-08-2025 14:23,0,12487.5996,29.3,28.6,49
S1-Ulhas River,19.254349,73.22121433,73.826,-5070,2.59818,2106.38452,28.375,27-08-2025 14:24,5,12448.2109,29.3,28.6,48.9
S1-Ulhas River,19.25431633,73.22120583,74.356,-5069,2.60881,2106.38452,28.375,27-08-2025 14:24,5,4082.5757,29.3,28.6,48.9
S1-Ulhas River,19.25432967,73.22122333,74.621,-5065,2.60349,2106.38452,28.4375,27-08-2025 14:24,5,17009.8691,29.3,28.6,48.9
S1-Ulhas River,19.25432567,73.22122917,74.687,-5048,2.63009,2100.63135,28.4375,27-08-2025 14:25,5,17038.166,29.3,28.6,48.9
S1-Ulhas River,19.25432817,73.22122283,74.72,-5094,2.64604,2106.38452,28.4375,27-08-2025 14:25,5,17094.4316,29.3,28.5,48.7
S1-Ulhas River,19.2543245,73.22123267,74.753,-5135,2.64338,2100.63135,28.4375,27-08-2025 14:25,5,17144.7969,29.3,28.6,48.9
S1-Ulhas River,19.25430467,73.22125967,74.952,-5155,2.67796,2100.63135,28.4375,27-08-2025 14:26,5,17144.7969,29.3,28.6,48.8
S1-Ulhas River,19.254257,73.22132283,75.217,-5197,2.68062,2100.63135,28.4375,27-08-2025 14:26,5,17139.2109,29.3,28.6,48.8
S1-Ulhas River,19.25418633,73.22141467,75.416,-5246,2.42,2100.63135,28.4375,27-08-2025 14:26,5,16970.0332,29.3,28.6,48.8
S1-Ulhas River,19.254183,73.22142033,75.913,-5271,2.77901,2106.38452,28.4375,27-08-2025 14:27,5,15031.5361,29.3,28.6,48.8
S1-Ulhas River,19.25418883,73.22141733,75.913,-5283,2.79231,2100.63135,28.4375,27-08-2025 14:27,5,3956.3745,29.3,28.6,48.8
S1-Ulhas River,19.25418067,73.22140517,76.708,-5308,2.80294,2100.63135,28.4375,27-08-2025 14:27,5,12061.6836,29.3,28.6,48.8
S1-Ulhas River,19.25417333,73.22140183,76.708,-5302,2.7604,2100.63135,28.4375,27-08-2025 14:28,5,16952.8711,29.3,28.6,48.8
S1-Ulhas River,19.254153,73.22141333,76.708,-5294,2.78167,2100.63135,28.4375,27-08-2025 14:28,5,17009.8691,29.3,28.6,48.8
S1-Ulhas River,19.25414783,73.22140967,76.874,-5301,2.20459,2100.63135,28.4375,27-08-2025 14:28,5,16981.4434,29.3,28.6,48.8
S1-Ulhas River,19.2541425,73.22140717,76.874,-5305,2.82156,2100.63135,28.4375,27-08-2025 14:29,5,16924.1367,29.3,28.6,48.8
S1-Ulhas River,19.25413733,73.22140767,76.874,-5318,2.83752,2100.63135,28.4375,27-08-2025 14:29,5,16924.1367,29.3,28.6,48.8
S1-Ulhas River,19.25414133,73.22140383,76.874,-5331,2.86145,2100.63135,28.4375,27-08-2025 14:29,5,12061.6836,29.3,28.6,48.8
S1-Ulhas River,19.254138,73.22140017,76.874,-5333,2.8189,2100.63135,28.4375,27-08-2025 14:30,5,16952.8711,29.3,28.6,48.8
S1-Ulhas River,19.25413817,73.22140183,76.907,-5331,2.78433,2100.63135,28.4375,27-08-2025 14:30,5,17009.8691,29.3,28.6,48.8
S1-Ulhas River,19.2541375,73.2214005,109.347,-1079,1.45998,139.27745,28.4375,27-08-2025 14:30,5,16981.4434,29.3,28.6,48.8
S1-Ulhas River,19.254134,73.22139917,109.347,-1067,1.57433,138.31363,28.4375,27-08-2025 14:31,5,16924.1367,29.3,28.6,48.8
S1-Ulhas River,19.25413583,73.22140167,109.347,-1070,1.63284,138.05093,28.0625,27-08-2025 14:31,5,16924.1367,29.3,28.6,48.8
S1-Ulhas River,19.25413917,73.22140117,109.347,-1088,1.53444,138.05093,28.125,27-08-2025 14:31,5,16941.3984,29.3,28.6,48.9
S1-Ulhas River,19.2541415,73.22140383,109.347,-1092,1.53444,137.48685,28.125,27-08-2025 14:32,5,17009.8691,29.3,28.6,48.9
S1-Ulhas River,19.25414083,73.22140917,109.347,-1082,1.58763,137.07323,28.125,27-08-2025 14:32,5,17038.166,29.3,28.6,48.9
S1-Ulhas River,19.2541445,73.22141767,109.347,-1064,1.63018,136.93533,28.1875,27-08-2025 14:32,5,17094.4316,29.3,28.6,48.9
S1-Ulhas River,19.25414417,73.22143017,109.347,-1060,1.59826,136.51048,28.125,27-08-2025 14:33,5,17144.7969,29.3,28.6,48.9
S1-Ulhas River,19.254148,73.22143083,109.347,-1071,1.68602,136.65947,28.125,27-08-2025 14:33,5,17144.7969,29.3,28.6,48.9
S1-Ulhas River,19.254144,73.22143783,109.347,-1067,1.57167,136.10756,28.125,27-08-2025 14:33,5,17139.2109,29.3,28.6,48.9
S1-Ulhas River,19.254142,73.2214245,109.347,-1080,1.58763,136.10756,28.125,27-08-2025 14:34,5,16970.0332,29.3,28.6,48.9
S1-Ulhas River,19.2541325,73.2214175,109.347,-1088,1.70198,136.10756,28.125,27-08-2025 14:34,5,15031.5361,29.3,28.6,48.9
S1-Ulhas River,19.25413633,73.22140867,109.347,-1086,1.69932,135.27917,28.125,27-08-2025 14:34,5,3956.3745,29.3,28.6,48.9
S1-Ulhas River,19.2541355,73.22141533,109.347,-1081,1.74453,135.14105,28.125,27-08-2025 14:35,5,13479.0771,29.3,28.6,48.9
S1-Ulhas River,19.2541455,73.221419,109.347,-1073,1.61954,135.00291,28.125,27-08-2025 14:35,5,29589.8496,29.3,28.6,48.9
S1-Ulhas River,19.254159,73.2214305,109.347,-1072,1.72059,135.00291,28.125,27-08-2025 14:35,5,29599.4453,29.3,28.6,48.9
S1-Ulhas River,19.25417,73.22143517,0,0,3.5316,138.05093,28,27-08-2025 14:36,5,25710.3477,29.3,28.6,49
S1-Ulhas River,19.2541775,73.221436,0,-3217,3.58213,137.48685,28.1875,27-08-2025 14:36,5,16924.1367,29.4,28.6,48.9
S1-Ulhas River,19.2542425,73.22133667,0,-4454,3.56352,137.07323,28.1875,27-08-2025 14:36,5,12061.6836,29.4,28.6,48.5
S1-Ulhas River,19.25432867,73.22123633,0,-4309,3.56086,136.93533,28.1875,27-08-2025 14:37,5,16952.8711,29.3,28.6,48.6
S1-Ulhas River,19.25433867,73.22121567,0,-4240,3.56618,136.51048,28.1875,27-08-2025 14:37,5,17009.8691,29.3,28.6,49
S2-Kalu River,19.30469533,73.24127117,64.069,-203,10.89,1727.31287,33,18-05-2025 17:02,0,31.6,,31.5,21.9
S2-Kalu River,19.30468,73.2413185,57.649,-2211,10.89,1719.18884,33,18-05-2025 17:02,0,31.6,,31.6,22.1
S2-Kalu River,19.3046785,73.24134517,57.649,-5216,10.89,1719.18884,33,18-05-2025 17:02,0,31.8,,31.7,22.4
S2-Kalu River,19.30468583,73.24134317,57.649,-5546,10.89,1719.18884,33,18-05-2025 17:03,0,32.2,,32,22.5
S2-Kalu River,19.3047135,73.24131367,57.649,-5594,10.89,1719.18884,33.0625,18-05-2025 17:04,0,32.3,,32,22.8
S2-Kalu River,19.304708,73.24131217,57.649,-5629,10.89,1715.1521,33.0625,18-05-2025 17:04,0,32.4,,32.1,22.7
S2-Kalu River,19.30471717,73.24130633,57.649,-5674,10.89,1719.18884,33,18-05-2025 17:05,0,32.5,,32.2,22.7
S2-Kalu River,19.30469367,73.24133583,57.649,-5690,10.89,1719.18884,32.875,18-05-2025 17:05,0,32.6,,32.3,21.3
S2-Kalu River,19.30471767,73.24132667,64.069,-5632,10.89,1723.24219,32.9375,18-05-2025 17:06,0,33.2,,32.8,6.9
S2-Kalu River,19.3047275,73.2413055,48.42,-5655,10.89,1723.24219,32.9375,18-05-2025 17:06,0,34.5,,32.7,7.3
S2-Kalu River,19.3047705,73.24125783,31.665,-5724,10.89,1723.24219,32.9375,18-05-2025 17:06,0,34.6,,32.8,7
S2-Kalu River,19.30467133,73.24115467,30.364,-4487,2.17268,1723.24219,33.0625,18-05-2025 17:10,0,34.7,,33,7.6
S2-Kalu River,19.304679,73.24117017,27.322,-3722,2.41734,1715.1521,32.6875,18-05-2025 17:10,0,34.7,,33,7
S2-Kalu River,19.30465017,73.241149,30.364,-3675,2.17534,1739.62903,32.1875,18-05-2025 17:10,0,34.8,,33,6.7
S2-Kalu River,19.3046515,73.24115017,29.976,-3671,2.36681,1773.24731,31.9375,18-05-2025 17:11,0,34.8,,33.1,6.9
S2-Kalu River,19.30465467,73.24115267,32.879,-3633,2.25512,1790.49207,31.875,18-05-2025 17:11,0,34.9,,33.2,7
S2-Kalu River,19.30465867,73.24114967,31.746,-3607,2.08492,1794.84924,32.0625,18-05-2025 17:12,0,34.9,,33.2,7.5
S2-Kalu River,19.30467133,73.2411675,28.054,-3640,2.89868,1781.83264,32.125,18-05-2025 17:13,0,34.9,,33.2,8.4
S2-Kalu River,19.30466833,73.24117233,27.316,-3656,3.36141,1777.53076,32.3125,18-05-2025 17:14,0,34.7,,33,31.6
S2-Kalu River,19.304658,73.241182,26.326,-3683,2.63807,1764.73486,32.75,18-05-2025 17:15,0,34.4,,32.6,23.9
S2-Kalu River,19.30469033,73.2411895,25.608,-3697,2.71785,1735.50623,32.8125,18-05-2025 17:15,0,34.1,,32.3,20.4
S2-Kalu River,19.30468517,73.2411915,25.355,-3758,3.6167,1731.401,32.875,18-05-2025 17:15,0,33.9,,32,20.3
S2-Kalu River,19.3047205,73.241175,24.831,-3527,1.98653,1727.31287,32.8125,18-05-2025 17:16,0,31.6,,31.5,21.9
S2-Kalu River,19.30472617,73.24116583,24.831,-3285,1.99185,1731.401,32.875,18-05-2025 17:16,0,31.6,,31.6,22.1
S2-Kalu River,19.30474333,73.24117517,24.831,-3524,3.6167,1727.31287,33.125,18-05-2025 17:16,0,31.8,,31.7,22.4
S2-Kalu River,19.30476783,73.2411765,22.815,-3844,3.41193,1711.1322,33.125,18-05-2025 17:17,0,32.2,,32,22.5
S2-Kalu River,19.30475767,73.24116917,23.042,-3760,3.03431,1711.1322,33.0625,18-05-2025 17:17,0,32.3,,32,22.8
S2-Kalu River,19.30475233,73.24116283,23.688,-3720,2.28969,1715.1521,33.0625,18-05-2025 17:17,0,32.4,,32.1,22.7
S2-Kalu River,19.30475567,73.24116817,23.688,-3777,3.77094,1715.1521,31.4375,18-05-2025 17:18,0,32.5,,32.2,22.7
S2-Kalu River,19.3047205,73.24116833,29.545,-3844,3.7018,1825.88525,29.75,18-05-2025 17:18,0,32.6,,32.3,21.3
S2-Kalu River,19.304706,73.24116217,38.478,-3922,3.09281,1954.91992,30.3125,18-05-2025 17:18,0,33.2,,32.8,6.9
S2-Kalu River,19.30470483,73.2411595,33.501,-3963,3.65393,1910.18262,30.625,18-05-2025 17:19,0,34.5,,32.7,7.3
S2-Kalu River,19.30469867,73.24115583,64.069,-3932,3.57947,1727.31287,33,18-05-2025 17:19,0,34.6,,32.8,7
S2-Kalu River,19.30468633,73.24116633,57.649,-3929,2.42532,1719.18884,33,18-05-2025 17:19,0,34.7,,33,7.6
S2-Kalu River,19.30469017,73.24118317,57.649,-3772,1.98919,1719.18884,33,18-05-2025 17:20,0,34.7,,33,7
S2-Kalu River,19.3046815,73.24118267,57.649,-3584,2.08758,1719.18884,33,18-05-2025 17:20,0,34.8,,33,6.7
S2-Kalu River,19.30467917,73.24118017,57.649,-3496,2.08758,1719.18884,33.0625,18-05-2025 17:20,0,34.8,,33.1,6.9
S2-Kalu River,19.30468833,73.24118367,57.649,-3472,2.11152,1715.1521,33.0625,18-05-2025 17:21,0,34.9,,33.2,7
S2-Kalu River,19.30469417,73.24120233,57.649,-3565,3.73637,1719.18884,33,18-05-2025 17:21,0,34.9,,33.2,7.5
S2-Kalu River,19.30471183,73.24129917,57.649,-4119,4.63789,1719.18884,32.875,18-05-2025 17:21,0,34.9,,33.2,8.4
S2-Kalu River,19.30471183,73.24130017,64.069,-4625,4.75224,1723.24219,32.9375,18-05-2025 17:22,0,34.7,,33,31.6
S2-Kalu River,19.3047145,73.2412915,48.42,-5143,4.79213,1723.24219,32.9375,18-05-2025 17:22,0,34.4,,32.6,23.9
S2-Kalu River,19.30472433,73.2412775,31.665,-5345,4.74692,1723.24219,32.9375,18-05-2025 17:23,0,34.1,,32.3,20.4
S2-Kalu River,19.30465467,73.24115267,0,0,2.45457,0,28,27-08-2025 18:19,0,0,0,0,43.2
S2-Kalu River,19.30465867,73.24114967,0,-2456,2.47319,0,28,27-08-2025 18:19,0,28.5,0,28.1,293.6
S2-Kalu River,19.30467133,73.2411675,0,-4732,2.55031,0,28.0625,27-08-2025 18:19,0,28.5,0,28.2,293.9
S2-Kalu River,19.30466833,73.24117233,0,-4482,2.55297,0,28,27-08-2025 18:20,0,28.5,0,28.2,293.9
S2-Kalu River,19.304658,73.241182,0,-4381,2.55297,0,28,27-08-2025 18:20,0,28.5,0,28.2,293.9
S2-Kalu River,19.30469033,73.2411895,0,-4351,2.61945,0,28,27-08-2025 18:20,0,28.5,0,28.2,293.9
S2-Kalu River,19.30468517,73.2411915,0,-4311,2.64604,0,28,27-08-2025 18:21,0,28.5,0,28.2,293.9
S2-Kalu River,19.3047205,73.241175,0,-4258,2.63275,0,28,27-08-2025 18:21,0,28.5,0,28.2,293.9
S2-Kalu River,19.30472617,73.24116583,0,-4257,2.66732,0,28,27-08-2025 18:21,0,28.6,0,28.2,293.9
S2-Kalu River,19.30474333,73.24117517,0,-4247,2.69657,0,28,27-08-2025 18:22,0,28.6,0,28.2,293.9
S2-Kalu River,19.30476783,73.2411765,0,-4226,2.72051,0,28,27-08-2025 18:22,0,28.6,0,28.2,293.9
S2-Kalu River,19.30475767,73.24116917,0,-4234,2.76571,0,28,27-08-2025 18:23,0,28.6,0,28.2,293.9
S2-Kalu River,19.30475233,73.24116283,0,-4277,2.77103,0,28,27-08-2025 18:23,0,28.6,0,28.2,293.9
S2-Kalu River,19.30475567,73.24116817,0,-4289,2.72051,0,28,27-08-2025 18:23,0,28.7,0,28.2,293.9
S2-Kalu River,19.3047205,73.24116833,0,-4006,2.84018,0,28,27-08-2025 18:24,0,28.7,0,28.2,293.9
S2-Kalu River,19.304706,73.24116217,54.64,-3506,2.85081,608.74457,28,27-08-2025 18:24,0,28.7,0,28.2,293.9
S2-Kalu River,19.30470483,73.2411595,109.347,-3357,2.89336,2106.38452,28,27-08-2025 18:24,0,28.7,0,28.2,293.9
S2-Kalu River,19.30469867,73.24115583,109.347,-3370,2.88273,2106.38452,28,27-08-2025 18:25,0,28.7,0,28.2,293.9
S2-Kalu River,19.30468633,73.24116633,109.347,-3351,2.904,2106.38452,28,27-08-2025 18:25,0,28.7,0,28.2,293.9
S2-Kalu River,19.30469017,73.24118317,109.347,-3394,2.94389,2106.38452,28,27-08-2025 18:25,0,28.7,0,28.2,293.9
S2-Kalu River,19.3046815,73.24118267,109.347,-3278,2.95187,2106.38452,28,27-08-2025 18:26,0,28.7,0,28.2,293.9
S2-Kalu River,19.30467917,73.24118017,109.347,-3164,2.97846,2106.38452,28,27-08-2025 18:26,0,28.7,0,28.2,293.9
S2-Kalu River,19.30468833,73.24118367,109.347,-3174,2.97048,2106.38452,28,27-08-2025 18:26,0,28.7,0,28.2,293.9
S2-Kalu River,19.30469417,73.24120233,109.347,-3045,3.01569,2106.38452,28,27-08-2025 18:27,0,28.7,14443.5146,28.2,293.9
S2-Kalu River,19.30471183,73.24129917,109.347,-2963,3.00771,2106.38452,27.9375,27-08-2025 18:27,0,28.7,24361.8574,28.2,293.9
S2-Kalu River,19.30471183,73.24130017,130.686,-2973,3.05026,2112.16382,28,27-08-2025 18:27,0,28.8,29410.752,28.2,293.9
S2-Kalu River,19.3047145,73.2412915,109.347,-2976,3.02899,2106.38452,28,27-08-2025 18:28,0,28.7,29609.041,28.2,293.9
S2-Kalu River,19.30472433,73.2412775,109.347,-2982,3.08484,2106.38452,28,27-08-2025 18:28,0,28.8,29621.8359,28.2,293.9
S2-Kalu River,19.30465467,73.24115267,109.347,-2972,3.08218,2106.38452,28,27-08-2025 18:28,0,28.8,29689.0156,28.2,293.9
S2-Kalu River,19.30465867,73.24114967,109.347,-2974,3.09015,2106.38452,28,27-08-2025 18:29,0,28.8,29705.0137,28.2,293.9
S2-Kalu River,19.30467133,73.2411675,109.347,-2974,3.14068,2106.38452,28,27-08-2025 18:29,0,28.8,29749.8047,28.2,293.9
S2-Kalu River,19.30466833,73.24117233,109.347,-2971,3.12473,2106.38452,28,27-08-2025 18:29,0,28.8,29775.4023,28.2,293.9
S2-Kalu River,19.304658,73.241182,109.347,-2967,3.17525,2106.38452,28,27-08-2025 18:30,0,28.8,29813.7988,28.3,294.2
S2-Kalu River,19.30469033,73.2411895,109.347,-2962,3.22312,2106.38452,28,27-08-2025 18:30,0,28.8,29804.2012,28.2,293.9
S2-Kalu River,19.30468517,73.2411915,109.347,-2970,3.17259,2106.38452,28,27-08-2025 18:30,0,28.8,29797.8008,28.3,294.2
S2-Kalu River,19.3047205,73.241175,109.347,-2969,3.24971,2106.38452,28,27-08-2025 18:31,0,28.8,29842.5996,28.2,293.9
S2-Kalu River,19.30472617,73.24116583,109.347,-2956,3.2178,2106.38452,28,27-08-2025 18:31,0,28.9,29740.207,28.2,293.9
S2-Kalu River,19.30474333,73.24117517,109.347,-2957,3.24174,2106.38452,28,27-08-2025 18:31,0,28.8,29801,28.3,294.2
S2-Kalu River,19.30476783,73.2411765,109.347,-2936,3.29492,2106.38452,28,27-08-2025 18:32,0,28.9,29682.6172,28.3,294.2
S2-Kalu River,19.30475767,73.24116917,109.347,-2922,3.65659,2106.38452,28.0625,27-08-2025 18:32,0,28.9,29673.0215,28.3,294.2
S2-Kalu River,19.30475233,73.24116283,109.347,-2910,3.3029,2100.63135,28.0625,27-08-2025 18:32,0,28.9,29673.0215,28.3,294.2
S2-Kalu River,19.30475567,73.24116817,109.347,-2908,3.3747,2100.63135,28.0625,27-08-2025 18:33,0,28.9,29695.4141,28.3,294.2
S2-Kalu River,19.3047205,73.24116833,109.347,-2895,3.39864,2100.63135,28.0625,27-08-2025 18:33,0,28.9,29740.207,28.3,294.2
S2-Kalu River,19.304706,73.24116217,109.347,-2881,3.3747,2100.63135,28.0625,27-08-2025 18:33,0,28.9,30130.6797,28.3,294.2
S2-Kalu River,19.30470483,73.2411595,109.347,-2897,3.388,2100.63135,28.0625,27-08-2025 18:34,0,28.9,30630.3574,28.3,294.2
S2-Kalu River,19.30469867,73.24115583,109.347,-2900,3.59543,2100.63135,28,27-08-2025 18:34,0,28.9,31140.0898,28.3,294.2
S2-Kalu River,19.30468633,73.24116633,109.347,-2894,3.41193,2106.38452,28.0625,27-08-2025 18:34,0,28.9,31210.6543,28.2,293.9
S2-Kalu River,19.30469017,73.24118317,109.347,-2889,3.44651,2100.63135,28.0625,27-08-2025 18:35,0,28.9,31210.6543,28.3,294.2
S2-Kalu River,19.3046815,73.24118267,109.347,-2895,3.43055,2100.63135,28.0625,27-08-2025 18:35,0,28.9,31168.957,28.3,294.2
S2-Kalu River,19.30467917,73.24118017,109.347,-2900,3.48374,2100.63135,28.0625,27-08-2025 18:35,0,28.9,31152.9199,28.3,294.2
S2-Kalu River,19.30468833,73.24118367,109.347,-2908,3.55022,2100.63135,28.0625,27-08-2025 18:36,0,28.9,31143.2988,28.3,294.2
S2-Kalu River,19.30469417,73.24120233,109.347,-2898,3.5316,2100.63135,28.0625,27-08-2025 18:36,0,28.9,31146.5059,28.3,294.2
S2-Kalu River,19.30471183,73.24129917,109.347,-2884,3.52363,2100.63135,28.0625,27-08-2025 18:36,0,28.9,31159.334,28.3,294.2
S2-Kalu River,19.30471183,73.24130017,109.347,-2886,3.55022,2100.63135,28.0625,27-08-2025 18:37,0,28.9,31127.2617,28.3,294.2
S2-Kalu River,19.3047145,73.2412915,109.347,-2882,3.69648,2100.63135,28.0625,27-08-2025 18:37,0,28.9,31159.334,28.3,294.2
S2-Kalu River,19.30472433,73.2412775,109.347,-2881,3.59277,2100.63135,28.0625,27-08-2025 18:37,0,28.9,31168.957,28.3,294.2
S2-Kalu River,19.30465467,73.24115267,109.347,-2888,3.73903,2100.63135,28.0625,27-08-2025 18:38,0,28.9,31191.4102,28.3,294.2
S2-Kalu River,19.30465867,73.24114967,109.347,-2886,3.67787,2100.63135,28.0625,27-08-2025 18:38,0,28.9,31191.4102,28.3,294.2
S2-Kalu River,19.30467133,73.2411675,109.347,-2875,3.73371,2100.63135,28.0625,27-08-2025 18:39,0,28.9,31204.2402,28.3,294.2
S2-Kalu River,19.30466833,73.24117233,109.347,-2865,3.7018,2100.63135,28.0625,27-08-2025 18:39,0,28.9,31143.2988,28.3,294.2
S2-Kalu River,19.304658,73.241182,109.347,-2873,3.63532,2100.63135,28.0625,27-08-2025 18:39,0,28.9,31133.6758,28.3,294.2
S2-Kalu River,19.30469033,73.2411895,109.347,-2879,3.7018,2100.63135,28.0625,27-08-2025 18:40,0,28.9,31127.2617,28.3,294.2
S2-Kalu River,19.30468517,73.2411915,109.347,-2875,3.64862,2100.63135,28.0625,27-08-2025 18:40,0,28.9,31156.127,28.3,294.2
S2-Kalu River,19.3047205,73.241175,109.347,-2872,3.74701,2100.63135,28.0625,27-08-2025 18:40,0,28.9,31149.7129,28.3,294.2
S2-Kalu River,19.30472617,73.24116583,109.347,-2872,3.70446,2100.63135,28.125,27-08-2025 18:41,0,28.9,31146.5059,28.3,294.2
S2-Kalu River,19.30474333,73.24117517,109.347,-2871,3.73637,2094.90503,28.125,27-08-2025 18:41,0,28.9,31140.0898,28.3,294.2
S2-Kalu River,19.30476783,73.2411765,109.347,-2876,3.76297,2094.90503,28.125,27-08-2025 18:41,0,28.9,31127.2617,28.4,294.5
S2-Kalu River,19.30475767,73.24116917,109.347,-2882,4.13527,2094.90503,28.125,27-08-2025 18:42,0,28.9,31127.2617,28.3,294.2
S2-Kalu River,19.30475233,73.24116283,109.347,-2893,3.68851,2094.90503,28.125,27-08-2025 18:42,0,28.9,31136.8848,28.3,294.2
S2-Kalu River,19.30475567,73.24116817,109.347,-2884,3.84807,2094.90503,28.125,27-08-2025 18:42,0,28.9,31127.2617,28.3,294.2
S2-Kalu River,19.3047205,73.24116833,109.347,-2865,3.7869,2094.90503,28.125,27-08-2025 18:43,0,28.9,31104.8125,28.3,294.2
S2-Kalu River,19.304706,73.24116217,109.347,-2933,3.78956,2094.90503,28.125,27-08-2025 18:43,0,28.9,31104.8125,28.3,294.2
S2-Kalu River,19.30470483,73.2411595,109.347,-3064,3.75765,2094.90503,28.125,27-08-2025 18:43,0,28.9,31117.6406,28.3,294.2
S2-Kalu River,19.30469867,73.24115583,109.347,-3113,3.81881,2094.90503,28.125,27-08-2025 18:44,0,28.9,31114.4336,28.3,294.2
S2-Kalu River,19.30468633,73.24116633,109.347,-3304,3.83477,2094.90503,28.1875,27-08-2025 18:44,0,28.9,31364.6445,28.3,232.4
S2-Kalu River,19.30469017,73.24118317,109.347,-3750,3.80552,2089.20557,28.1875,27-08-2025 18:44,0,28.9,32209.0938,28.3,46.3
S2-Kalu River,19.3046815,73.24118267,109.347,-3985,3.872,2089.20557,28.1875,27-08-2025 18:45,0,28.9,32922.8477,28.4,46.4
S2-Kalu River,19.30467917,73.24118017,109.347,-3988,3.872,2089.20557,28.1875,27-08-2025 18:45,0,28.9,30883.5645,28.3,45.5
S2-Kalu River,19.30468833,73.24118367,109.347,-3987,3.88796,2089.20557,28.1875,27-08-2025 18:45,0,28.9,24346.0117,28.4,45.2
S2-Kalu River,19.30469417,73.24120233,109.347,-3982,3.86668,2089.20557,28.25,27-08-2025 18:46,0,28.9,14687.873,28.3,45
S2-Kalu River,19.30471183,73.24129917,109.347,-3985,3.87998,2083.53198,28.25,27-08-2025 18:46,0,28.9,0,28.3,45
S2-Kalu River,19.30471183,73.24130017,109.347,-3995,3.92519,2083.53198,28.25,27-08-2025 18:46,0,28.9,0,28.3,45.2
S2-Kalu River,19.3047145,73.2412915,109.347,-3994,3.90391,2083.53198,28.25,27-08-2025 18:47,0,29,0,28.4,45.2
S2-Kalu River,19.30472433,73.2412775,109.347,-3991,3.93051,2083.53198,28.25,27-08-2025 18:47,0,29,0,28.4,45.3
S2-Kalu River,19.30465467,73.24115267,109.347,-3928,3.9571,2083.53198,28.25,27-08-2025 18:47,0,29,0,28.3,45.3
S2-Kalu River,19.30465867,73.24114967,109.347,-3828,3.95178,2083.53198,28.25,27-08-2025 18:48,0,29,0,28.4,45.3
S2-Kalu River,19.30467133,73.2411675,109.347,-3592,3.96242,2083.53198,28.25,27-08-2025 18:48,0,29,0,28.4,45.3
S2-Kalu River,19.30466833,73.24117233,109.347,-3445,4.00497,2083.53198,28.25,27-08-2025 18:48,0,29,0,28.4,44.9
S2-Kalu River,19.304658,73.241182,109.347,-3467,3.99433,2083.53198,28.25,27-08-2025 18:49,0,29,0,28.3,44.5
S2-Kalu River,19.30469033,73.2411895,109.347,-3438,3.99965,2083.53198,28.25,27-08-2025 18:49,0,29,21816.707,28.4,44.3
S2-Kalu River,19.30468517,73.2411915,109.347,-3445,4.01295,2083.53198,28.25,27-08-2025 18:49,0,29,28522.4883,28.4,44.3
S2-Kalu River,19.3047205,73.241175,109.347,-3477,4.02624,2083.53198,28.25,27-08-2025 18:50,0,29,35046.6992,28.4,44.3
S2-Kalu River,19.30472617,73.24116583,109.347,-3582,4.0289,2083.53198,28.25,27-08-2025 18:50,0,29,35285.6641,28.4,44.3
S2-Kalu River,19.30474333,73.24117517,109.347,-3778,4.0289,2083.53198,28.25,27-08-2025 18:50,0,29,35269.5156,28.4,44.3
S2-Kalu River,19.30476783,73.2411765,109.347,-3828,4.06613,2083.53198,28.3125,27-08-2025 18:51,0,29.1,35311.5039,28.4,44.3
S2-Kalu River,19.30475767,73.24116917,109.347,-3860,4.08209,2077.88574,28.25,27-08-2025 18:51,0,29.1,35518.2617,28.4,44.5
S2-Kalu River,19.30475233,73.24116283,109.347,-3908,4.06613,2083.53198,28.3125,27-08-2025 18:51,0,29,35851.1602,28.4,44.5
S2-Kalu River,19.30475567,73.24116817,109.347,-3924,4.08209,2077.88574,28.3125,27-08-2025 18:52,0,29.1,35999.8945,28.4,44.5
S2-Kalu River,19.3047205,73.24116833,109.347,-3827,4.08209,2077.88574,28.3125,27-08-2025 18:52,0,29.1,36090.4453,28.4,44.3
S2-Kalu River,19.304706,73.24116217,109.347,-3725,4.13262,2077.88574,28.25,27-08-2025 18:52,0,29.1,36109.8516,28.4,44.3
S2-Kalu River,19.30470483,73.2411595,109.347,-3729,4.14059,2083.53198,28.3125,27-08-2025 18:53,0,29.1,36132.4922,28.4,44.3
S2-Kalu River,19.30469867,73.24115583,109.347,-3735,4.15655,2077.88574,28.25,27-08-2025 18:53,0,29.1,36242.4727,28.4,44.1
S2-Kalu River,19.30468633,73.24116633,109.347,-3755,4.18846,2083.53198,28.3125,27-08-2025 18:53,0,29.1,36549.875,28.4,44
S2-Kalu River,19.30469017,73.24118317,109.347,-3732,4.1858,2077.88574,28.3125,27-08-2025 18:54,0,29.1,36779.7227,28.4,44.1
S2-Kalu River,19.3046815,73.24118267,109.347,-3699,4.13262,2077.88574,28.3125,27-08-2025 18:54,0,29.1,36902.7773,28.4,44.1
S2-Kalu River,19.30467917,73.24118017,109.347,-3628,4.22037,2077.88574,28.25,27-08-2025 18:54,0,29.1,36970.7891,28.4,44.1
S2-Kalu River,19.30468833,73.24118367,109.347,-3708,4.25495,2083.53198,28.3125,27-08-2025 18:55,0,29.1,36999.9414,28.4,44.1
S2-Kalu River,19.30469417,73.24120233,109.347,-3801,4.20708,2077.88574,28.375,27-08-2025 18:55,0,29.1,37019.375,28.4,44.1
S2-Kalu River,19.30471183,73.24129917,109.347,-3776,4.2124,2072.26514,28.3125,27-08-2025 18:55,0,29.1,36986.9844,28.4,42
S2-Kalu River,19.30471183,73.24130017,109.347,-3787,4.25495,2077.88574,28.3125,27-08-2025 18:56,0,29.1,36413.9531,28.4,42.2
S2-Kalu River,19.3047145,73.2412915,109.347,-3784,4.25229,2077.88574,28.3125,27-08-2025 18:56,0,29.1,35896.4219,28.4,42.2
S2-Kalu River,19.30472433,73.2412775,109.347,-3815,4.2576,2077.88574,28.3125,27-08-2025 18:56,0,29.1,35414.875,28.4,42.2
S2-Kalu River,19.30465467,73.24115267,109.347,-3760,4.29749,2077.88574,28.3125,27-08-2025 18:57,0,29.1,35401.9531,28.4,42.2
S2-Kalu River,19.30465867,73.24114967,109.347,-3734,4.31611,2077.88574,28.375,27-08-2025 18:57,0,29.1,35372.8789,28.4,42.3
S2-Kalu River,19.30467133,73.2411675,109.347,-3780,4.28686,2072.26514,28.3125,27-08-2025 18:58,0,29.1,35431.0273,28.4,42.2
S2-Kalu River,19.30466833,73.24117233,109.347,-3801,4.32675,2077.88574,28.3125,27-08-2025 18:58,0,29.1,35447.1836,28.4,42.4
S2-Kalu River,19.304658,73.241182,109.347,-3828,4.33738,2077.88574,28.375,27-08-2025 18:58,0,29.1,35469.7969,28.4,42.3
S2-Kalu River,19.30469033,73.2411895,109.347,-3848,4.35334,2072.26514,28.375,27-08-2025 18:59,0,29.1,35463.3359,28.4,42.4
S2-Kalu River,19.30468517,73.2411915,109.347,-3842,4.34802,2072.26514,28.375,27-08-2025 18:59,0,29.1,35502.1055,28.4,42.5
S2-Kalu River,19.3047205,73.241175,109.347,-3822,4.37462,2072.26514,28.3125,27-08-2025 18:59,0,29.1,35537.6484,28.4,42.5
S2-Kalu River,19.30472617,73.24116583,109.347,-3807,4.39057,2077.88574,28.3125,27-08-2025 19:00,0,29.1,35531.1875,28.4,42.6
S2-Kalu River,19.30474333,73.24117517,109.347,-3821,4.42248,2077.88574,28.3125,27-08-2025 19:00,0,29.1,35527.957,28.4,42.6
S2-Kalu River,19.30476783,73.2411765,109.347,-3840,4.39589,2077.88574,28.3125,27-08-2025 19:00,0,29.1,35524.7266,28.4,42.6
S2-Kalu River,19.30475767,73.24116917,109.347,-3825,4.41716,2077.88574,28.375,27-08-2025 19:01,0,29.1,35476.2578,28.4,42.7
S2-Kalu River,19.30475233,73.24116283,109.347,-3819,4.43046,2072.26514,28.375,27-08-2025 19:01,0,29.1,35508.5703,28.4,42.8
S2-Kalu River,19.30475567,73.24116817,109.347,-3809,4.44376,2072.26514,28.375,27-08-2025 19:01,0,29.1,35498.875,28.5,42.9
S2-Kalu River,19.3047205,73.24116833,109.347,-3808,4.4544,2072.26514,28.375,27-08-2025 19:02,0,29.1,35505.3359,28.5,42.9
S2-Kalu River,19.304706,73.24116217,109.347,-3805,4.46769,2072.26514,28.375,27-08-2025 19:02,0,29.1,35447.1836,28.5,42.9
S2-Kalu River,19.30470483,73.2411595,109.347,-3786,4.46769,2072.26514,28.375,27-08-2025 19:02,0,29.1,35453.6445,28.5,43.1
S2-Kalu River,19.30469867,73.24115583,109.347,-4050,4.48631,2072.26514,28.375,27-08-2025 19:03,0,29.1,35482.7227,28.5,43.1
S2-Kalu River,19.30468633,73.24116633,109.347,-4079,4.53684,2072.26514,28.375,27-08-2025 19:03,0,29.1,35498.875,28.5,43.2
S2-Kalu River,19.30469017,73.24118317,109.347,-3790,4.53418,2072.26514,28.375,27-08-2025 19:03,0,29.1,35466.5664,28.5,43.3
S2-Kalu River,19.3046815,73.24118267,109.347,-3772,4.55279,2072.26514,28.3125,27-08-2025 19:04,0,29.1,35482.7227,28.5,43.6
S2-Kalu River,19.30467917,73.24118017,109.347,-3777,4.55013,2077.88574,28.375,27-08-2025 19:04,0,29.1,35657.2148,28.5,43.7
S2-Kalu River,19.30468833,73.24118367,109.347,-3776,4.53684,2072.26514,28.375,27-08-2025 19:04,0,29.1,35886.7227,28.5,43.8
S2-Kalu River,19.30469417,73.24120233,109.347,-3780,4.62193,2072.26514,28.375,27-08-2025 19:05,0,29.1,36051.6367,28.5,43.8
S2-Kalu River,19.30471183,73.24129917,109.347,-3786,4.6113,2072.26514,28.375,27-08-2025 19:05,0,29.2,35970.793,28.5,43.9
S2-Kalu River,19.30471183,73.24130017,109.347,-3789,4.57141,2072.26514,28.375,27-08-2025 19:05,0,29.2,35974.0234,28.5,43.9
S2-Kalu River,19.3047145,73.2412915,109.347,-3777,4.61396,2072.26514,28.375,27-08-2025 19:06,0,29.2,35954.625,28.5,43.9
S2-Kalu River,19.30472433,73.2412775,109.347,-3770,4.60598,2072.26514,28.375,27-08-2025 19:06,0,29.2,35951.3906,28.5,43.9
S2-Kalu River,19.30465467,73.24115267,109.347,-3771,4.64587,2072.26514,28.375,27-08-2025 19:06,0,29.2,35967.5586,28.5,43.9
S2-Kalu River,19.30465867,73.24114967,109.347,-3774,4.65385,2072.26514,28.375,27-08-2025 19:07,0,29.2,35996.6602,28.5,44
S2-Kalu River,19.30467133,73.2411675,109.347,-3772,4.69905,2072.26514,28.375,27-08-2025 19:07,0,29.2,35999.8945,28.5,44.1
S2-Kalu River,19.30466833,73.24117233,109.347,-3758,4.65119,2072.26514,28.375,27-08-2025 19:07,0,29.2,36061.3359,28.5,44.1
S2-Kalu River,19.304658,73.241182,109.347,-3752,4.6964,2072.26514,28.375,27-08-2025 19:08,0,29.2,36245.707,28.5,44.1
S2-Kalu River,19.30469033,73.2411895,109.347,-3741,4.71235,2072.26514,28.375,27-08-2025 19:08,0,29.2,36536.9297,28.5,44
S2-Kalu River,19.30468517,73.2411915,109.347,-3723,4.71767,2072.26514,28.375,27-08-2025 19:08,0,29.2,36896.3008,28.6,44.1
S2-Kalu River,19.3047205,73.241175,109.347,-3741,4.72565,2072.26514,28.4375,27-08-2025 19:09,0,29.2,37187.8359,28.6,44.2
S2-Kalu River,19.30472617,73.24116583,109.347,-3752,4.7416,2066.67017,28.4375,27-08-2025 19:09,0,29.2,37498.9609,28.6,44.1
S2-Kalu River,19.30474333,73.24117517,109.347,-3750,4.76288,2066.67017,28.375,27-08-2025 19:09,0,29.2,37816.7305,28.6,44.2
S2-Kalu River,19.30476783,73.2411765,109.347,-3765,4.75224,2072.26514,28.375,27-08-2025 19:10,0,29.2,38050.3008,28.6,44.2
S2-Kalu River,19.30475767,73.24116917,109.347,-3749,4.78415,2072.26514,28.4375,27-08-2025 19:10,0,29.2,38245.0117,28.6,44.2
S2-Kalu River,19.30475233,73.24116283,109.347,-3726,4.7682,2066.67017,28.375,27-08-2025 19:10,0,29.2,38391.0859,28.6,44.2
S2-Kalu River,19.30475567,73.24116817,109.347,-3731,4.78149,2072.26514,28.4375,27-08-2025 19:11,0,29.2,38556.6758,28.6,44.2
S2-Kalu River,19.3047205,73.24116833,109.347,-3744,4.80809,2066.67017,28.4375,27-08-2025 19:11,0,29.2,38693.0781,28.6,44.2
S2-Kalu River,19.304706,73.24116217,109.347,-3750,4.84,2066.67017,28.4375,27-08-2025 19:11,0,29.2,38787.2773,28.6,44.2
S2-Kalu River,19.30470483,73.2411595,109.347,-3743,4.83468,2066.67017,28.4375,27-08-2025 19:12,0,29.2,38865.25,28.6,44.2
S2-Kalu River,19.30469867,73.24115583,109.347,-3739,4.8533,2066.67017,28.4375,27-08-2025 19:12,0,29.2,38933.4805,28.6,44.2
S2-Kalu River,19.30468633,73.24116633,109.347,-3741,4.82404,2066.67017,28.4375,27-08-2025 19:12,0,29.2,38982.2227,28.6,44.2
S2-Kalu River,19.30469017,73.24118317,109.347,-3732,4.85862,2066.67017,28.4375,27-08-2025 19:13,0,29.2,39011.4688,28.6,44.2
S2-Kalu River,19.3046815,73.24118267,109.347,-3732,4.88787,2066.67017,28.4375,27-08-2025 19:13,0,29.2,39108.9688,28.6,44.2
S2-Kalu River,19.30467917,73.24118017,109.347,-3738,4.88521,2066.67017,28.4375,27-08-2025 19:13,0,29.3,39095.9688,28.6,44.2
S2-Kalu River,19.30468833,73.24118367,109.347,-3724,4.89319,2066.67017,28.4375,27-08-2025 19:14,0,29.3,39115.4688,28.6,44.2
S2-Kalu River,19.30469417,73.24120233,0,0,5.16178,0,28,27-08-2025 19:20,0,29.3,39144.7227,28.6,44.2
S2-Kalu River,19.30471183,73.24129917,0,-2645,5.16444,0,28.5,27-08-2025 19:20,0,29.3,39115.4688,28.6,44.2
S2-Kalu River,19.30471183,73.24130017,0,-3735,5.17774,0,28.5,27-08-2025 19:21,0,29.3,39147.9727,28.6,44.2
S2-Kalu River,19.3047145,73.2412915,0,-3485,5.14316,0,28.5,27-08-2025 19:21,0,29.3,39147.9727,28.6,44.2
S2-Kalu River,19.30472433,73.2412775,0,-3403,5.20433,0,28.5,27-08-2025 19:21,0,29.3,39225.9883,28.6,44.2
S2-Kalu River,19.30465467,73.24115267,0,-3350,5.19635,0,28.5,27-08-2025 19:22,0,29.3,39212.9844,28.6,44.2
S2-Kalu River,19.30465867,73.24114967,0,-3315,5.21497,0,28.5,27-08-2025 19:22,0,29.3,39248.7422,28.6,44.2
S2-Kalu River,19.30467133,73.2411675,0,-3292,5.25752,0,28.5,27-08-2025 19:22,0,29.3,39251.9922,28.6,44.3
S2-Kalu River,19.30466833,73.24117233,0,-3283,5.2256,0,28.5,27-08-2025 19:23,0,29.3,39278.0039,28.6,44.2
S2-Kalu River,19.304658,73.241182,0,-3272,5.22826,0,28.5,27-08-2025 19:23,0,29.3,39232.4883,28.6,44.2
S2-Kalu River,19.30469033,73.2411895,0,-3219,5.28943,0,28.5,27-08-2025 19:23,0,29.3,39219.4844,28.6,44.2
S2-Kalu River,19.30468517,73.2411915,0,-3205,5.30273,0,28.5,27-08-2025 19:24,0,29.3,39206.4844,28.6,44.3
S2-Kalu River,19.3047205,73.241175,0,-3188,5.324,0,28.5,27-08-2025 19:24,0,0,0,0,0
S2-Kalu River,19.30472617,73.24116583,0,-3154,5.35591,0,28.5,27-08-2025 19:25,0,29.3,38439.7852,28.6,44.2
S2-Kalu River,19.30474333,73.24117517,0,-3182,5.33198,0,28.5,27-08-2025 19:25,0,29.3,38173.6094,28.6,44.2
S2-Kalu River,19.30476783,73.2411765,54.64,-3161,5.31602,601.28992,28.5,27-08-2025 19:25,0,29.3,38001.6367,28.6,44.3
S2-Kalu River,19.30475767,73.24116917,109.347,-3110,5.36655,2061.10132,28.5,27-08-2025 19:26,0,29.3,37735.6523,28.6,44.3
S2-Kalu River,19.30475233,73.24116283,109.347,-3137,5.36921,2061.10132,28.5,27-08-2025 19:26,0,29.2,37706.4648,28.6,44.4
S2-Kalu River,19.30475567,73.24116817,109.347,-3132,5.38516,2061.10132,28.5,27-08-2025 19:26,0,29.2,37651.3398,28.6,44.3
S2-Kalu River,19.3047205,73.24116833,109.347,-3075,5.41974,2061.10132,28.5,27-08-2025 19:27,0,29.2,37586.4922,28.6,44.3
S2-Kalu River,19.304706,73.24116217,109.347,-3085,5.39048,2061.10132,28.5,27-08-2025 19:27,0,29.3,37456.8203,28.6,44.4
S2-Kalu River,19.30470483,73.2411595,109.347,-3109,5.43037,2061.10132,28.5,27-08-2025 19:27,0,29.3,37398.4766,28.6,44.4
S2-Kalu River,19.30469867,73.24115583,109.347,-3110,5.46495,2061.10132,28.5,27-08-2025 19:28,0,29.3,37356.3398,28.6,44.3
S2-Kalu River,19.30468633,73.24116633,109.347,-3114,5.44367,2061.10132,28.5,27-08-2025 19:28,0,29.3,37320.6914,28.6,44.4
S2-Kalu River,19.30469017,73.24118317,109.347,-3104,5.42771,2061.10132,28.5,27-08-2025 19:28,0,29.3,37346.6172,28.6,44.3
S2-Kalu River,19.3046815,73.24118267,109.347,-3079,5.43835,2061.10132,28.5625,27-08-2025 19:29,0,29.3,37349.8594,28.6,44.3
S2-Kalu River,19.30467917,73.24118017,109.347,-3082,5.48356,2055.55859,28.5,27-08-2025 19:29,0,29.3,37349.8594,28.6,44.4
S2-Kalu River,19.30468833,73.24118367,109.347,-3102,5.53143,2061.10132,28.5,27-08-2025 19:29,0,29.3,37330.4141,28.6,44.4
S2-Kalu River,19.30469417,73.24120233,109.347,-3119,5.49154,2061.10132,28.5,27-08-2025 19:30,0,29.3,37340.1367,28.6,44.4
S2-Kalu River,19.30471183,73.24129917,109.347,-3110,5.50749,2061.10132,28.5,27-08-2025 19:30,0,29.3,37372.5469,28.7,44.6
S2-Kalu River,19.30471183,73.24130017,109.347,-3095,5.57398,2061.10132,28.5,27-08-2025 19:30,0,29.3,37395.2344,28.7,44.6
S2-Kalu River,19.3047145,73.2412915,109.347,-3080,5.55536,2061.10132,28.5,27-08-2025 19:31,0,29.3,37421.1641,28.7,44.6
S2-Kalu River,19.30472433,73.2412775,109.347,-3121,5.57398,2061.10132,28.5625,27-08-2025 19:31,0,29.3,37427.6484,28.7,44.6
S2-Kalu River,19.30465467,73.24115267,109.347,-3171,5.58462,2055.55859,28.5,27-08-2025 19:31,0,29.3,37411.4414,28.6,44.4
S2-Kalu River,19.30465867,73.24114967,109.347,-3080,5.58993,2061.10132,28.5625,27-08-2025 19:32,0,29.3,37414.6836,28.7,44.6
S2-Kalu River,19.30467133,73.2411675,109.347,-3046,5.58196,2055.55859,28.5,27-08-2025 19:32,0,29.3,37427.6484,28.7,44.6
S2-Kalu River,19.30466833,73.24117233,109.347,-3069,5.60057,2061.10132,28.5,27-08-2025 19:32,0,29.3,37434.1289,28.7,44.4
S2-Kalu River,19.304658,73.241182,109.347,-3057,5.61919,2061.10132,28.5,27-08-2025 19:33,0,29.3,37424.4062,28.7,44.6
S2-Kalu River,19.30469033,73.2411895,109.347,-3091,5.65908,2061.10132,28.5,27-08-2025 19:33,0,29.3,37404.957,28.7,44.6
S2-Kalu River,19.30468517,73.2411915,109.347,-3086,5.62982,2061.10132,28.5,27-08-2025 19:33,0,29.3,37417.9219,28.7,44.6
S2-Kalu River,19.3047205,73.241175,109.347,-3058,5.66174,2061.10132,28.5,27-08-2025 19:34,0,29.3,37401.7188,28.7,44.6
S2-Kalu River,19.30472617,73.24116583,109.347,-3068,5.89842,2061.10132,28.5625,27-08-2025 19:34,0,29.3,37359.582,28.7,44.6
S2-Kalu River,19.30474333,73.24117517,109.347,-3062,5.65642,2055.55859,28.5625,27-08-2025 19:34,0,29.3,37346.6172,28.7,44.6
S2-Kalu River,19.30476783,73.2411765,109.347,-3054,5.66174,2055.55859,28.5625,27-08-2025 19:35,0,29.3,37366.0664,28.7,44.6
S2-Kalu River,19.30475767,73.24116917,109.347,-3089,5.70163,2055.55859,28.5625,27-08-2025 19:35,0,29.3,37395.2344,28.7,44.6
S2-Kalu River,19.30475233,73.24116283,109.347,-3088,5.69897,2055.55859,28.5625,27-08-2025 19:35,0,29.4,37336.8984,28.7,44.6
S2-Kalu River,19.30475567,73.24116817,109.347,-3078,5.7096,2055.55859,28.5625,27-08-2025 19:36,0,29.4,37310.9688,28.7,44.6
S2-Kalu River,19.3047205,73.24116833,109.347,-3098,5.68567,2055.55859,28.5625,27-08-2025 19:36,0,29.4,37323.9336,28.7,44.6
S2-Kalu River,19.304706,73.24116217,109.347,-3106,5.72556,2055.55859,28.5,27-08-2025 19:36,0,29.4,37388.7539,28.7,44.6
S2-Kalu River,19.30470483,73.2411595,109.347,-3099,5.71492,2061.10132,28.5625,27-08-2025 19:37,0,29.4,37421.1641,28.7,44.6
S2-Kalu River,19.30469867,73.24115583,109.347,-3101,5.75747,2055.55859,28.5,27-08-2025 19:37,0,29.4,37414.6836,28.7,44.6
S2-Kalu River,19.30468633,73.24116633,109.347,-3098,5.73886,2061.10132,28.5,27-08-2025 19:37,0,29.4,37372.5469,28.7,44.6
S2-Kalu River,19.30469017,73.24118317,109.347,-3094,5.74949,2061.10132,28.5,27-08-2025 19:38,0,29.4,37346.6172,28.7,44.6
S2-Kalu River,19.3046815,73.24118267,109.347,-3077,5.7362,2061.10132,28.5625,27-08-2025 19:38,0,29.4,37336.8984,28.7,44.6
S2-Kalu River,19.30467917,73.24118017,109.347,-3082,5.78673,2055.55859,28.5625,27-08-2025 19:38,0,29.4,37343.3789,28.7,44.6
S2-Kalu River,19.30468833,73.24118367,109.347,-3105,5.76013,2055.55859,28.5625,27-08-2025 19:39,0,29.4,37375.7891,28.7,44.6
S2-Kalu River,19.30469417,73.24120233,109.347,-3105,5.78141,2055.55859,28.5625,27-08-2025 19:39,0,29.4,37382.2695,28.7,44.6
S2-Kalu River,19.30471183,73.24129917,109.347,-3093,5.82396,2055.55859,28.5625,27-08-2025 19:39,0,29.4,37356.3398,28.8,44.6
S2-Kalu River,19.30471183,73.24130017,109.347,-3093,5.78407,2055.55859,28.5625,27-08-2025 19:40,0,29.4,37375.7891,28.8,44.6
S2-Kalu River,19.3047145,73.2412915,109.347,-3092,5.77875,2055.55859,28.5625,27-08-2025 19:40,0,29.4,37375.7891,28.7,44.6
S2-Kalu River,19.30472433,73.2412775,109.347,-3097,5.7947,2055.55859,28.5625,27-08-2025 19:41,0,29.4,37346.6172,28.7,44.6
S2-Kalu River,19.30465467,73.24115267,109.347,-3091,5.81598,2055.55859,28.5625,27-08-2025 19:41,0,29.4,37304.4883,28.8,44.5
S2-Kalu River,19.30465867,73.24114967,109.347,-3082,5.80268,2055.55859,28.5625,27-08-2025 19:41,0,29.4,37265.6016,28.8,44.6
S2-Kalu River,19.30467133,73.2411675,109.347,-3085,5.82927,2055.55859,28.5625,27-08-2025 19:42,0,29.4,37304.4883,28.8,44.6
S2-Kalu River,19.30466833,73.24117233,109.347,-3118,5.82927,2055.55859,28.5625,27-08-2025 19:42,0,29.4,37298.0078,28.8,44.6
S2-Kalu River,19.304658,73.241182,109.347,-3115,5.82927,2055.55859,28.5625,27-08-2025 19:42,0,29.4,37330.4141,28.8,44.6
S2-Kalu River,19.30469033,73.2411895,109.347,-3087,5.86916,2055.55859,28.5625,27-08-2025 19:43,0,29.4,37310.9688,28.7,44.6
S2-Kalu River,19.30468517,73.2411915,109.347,-3087,5.83193,2055.55859,28.5625,27-08-2025 19:43,0,29.4,37356.3398,28.7,44.4
S2-Kalu River,19.3047205,73.241175,109.347,-3102,5.83459,2055.55859,28.5625,27-08-2025 19:43,0,29.4,37382.2695,28.7,44.4
S2-Kalu River,19.30472617,73.24116583,109.347,-3095,5.86385,2055.55859,28.5625,27-08-2025 19:44,0,29.4,37369.3047,28.7,44.6
S2-Kalu River,19.30474333,73.24117517,109.347,-3093,5.85587,2055.55859,28.5625,27-08-2025 19:44,0,29.4,37317.4492,28.8,44.6
S2-Kalu River,19.30476783,73.2411765,109.347,-3109,5.86651,2055.55859,28.5625,27-08-2025 19:44,0,29.4,37323.9336,28.8,44.6
S2-Kalu River,19.30475767,73.24116917,109.347,-3114,5.88512,2055.55859,28.5625,27-08-2025 19:45,0,29.4,37320.6914,28.8,44.5
S2-Kalu River,19.30475233,73.24116283,109.347,-3109,5.88512,2055.55859,28.5625,27-08-2025 19:45,0,29.4,37298.0078,28.8,44.6
S2-Kalu River,19.30475567,73.24116817,109.347,-3082,5.84257,2055.55859,28.5625,27-08-2025 19:45,0,29.4,37281.8047,28.8,44.6
S2-Kalu River,19.3047205,73.24116833,109.347,-3091,5.88778,2055.55859,28.5625,27-08-2025 19:46,0,29.4,37255.8789,28.8,44.6
S2-Kalu River,19.304706,73.24116217,109.347,-3112,5.89044,2055.55859,28.5625,27-08-2025 19:46,0,29.4,37233.1992,28.8,44.6
S2-Kalu River,19.30470483,73.2411595,109.347,-3106,5.89044,2055.55859,28.5625,27-08-2025 19:46,0,29.5,37181.3555,28.8,44.6
S2-Kalu River,19.30469867,73.24115583,109.347,-3125,5.89842,2055.55859,28.5625,27-08-2025 19:47,0,29.5,37226.7188,28.8,44.6
S2-Kalu River,19.30468633,73.24116633,109.347,-3135,5.93299,2055.55859,28.625,27-08-2025 19:47,0,29.5,37246.1602,28.7,44.6
S2-Kalu River,19.30469017,73.24118317,109.347,-3116,5.95426,2050.04077,28.5625,27-08-2025 19:47,0,29.5,37216.9961,28.8,44.6
S2-Kalu River,19.3046815,73.24118267,109.347,-3112,5.91437,2055.55859,28.5625,27-08-2025 19:48,0,29.5,37236.4375,28.8,44.6
S2-Kalu River,19.30467917,73.24118017,109.347,-3124,5.91703,2055.55859,28.5625,27-08-2025 19:48,0,29.5,37213.7578,28.8,44.6
S2-Kalu River,19.30468833,73.24118367,109.347,-3137,5.93033,2055.55859,28.5625,27-08-2025 19:48,0,29.5,37233.1992,28.8,44.6
S2-Kalu River,19.30469417,73.24120233,109.347,-3132,5.95426,2055.55859,28.5625,27-08-2025 19:49,0,29.5,37226.7188,28.8,44.6
S2-Kalu River,19.30471183,73.24129917,109.347,-3138,5.9649,2055.55859,28.5625,27-08-2025 19:49,0,29.5,37249.3984,28.8,44.6
S2-Kalu River,19.30471183,73.24130017,109.347,-3189,5.94895,2055.55859,28.5625,27-08-2025 19:49,0,29.5,37255.8789,28.8,44.6
S2-Kalu River,19.3047145,73.2412915,109.347,-3177,5.95958,2055.55859,28.5625,27-08-2025 19:50,0,29.5,37304.4883,28.8,44.5
S2-Kalu River,19.30472433,73.2412775,109.347,-3138,5.97022,2055.55859,28.5625,27-08-2025 19:50,0,29.5,37314.2109,28.8,44.6
S2-Kalu River,19.30465467,73.24115267,109.347,-3154,5.99149,2055.55859,28.5625,27-08-2025 19:50,0,29.5,37353.1016,28.8,44.6
S2-Kalu River,19.30465867,73.24114967,109.347,-3159,6.00213,2055.55859,28.5625,27-08-2025 19:51,0,29.5,37327.1719,28.8,44.6
S2-Kalu River,19.30467133,73.2411675,109.347,-3147,5.99681,2055.55859,28.5625,27-08-2025 19:51,0,29.5,37359.582,28.8,44.6
S2-Kalu River,19.30466833,73.24117233,109.347,-3159,5.97022,2055.55859,28.5625,27-08-2025 19:51,0,29.5,37281.8047,28.8,44.6
S2-Kalu River,19.304658,73.241182,109.347,-3180,5.97554,2055.55859,28.5625,27-08-2025 19:52,0,29.5,37281.8047,28.8,44.6
S2-Kalu River,19.30469033,73.2411895,109.347,-3170,5.97022,2055.55859,28.5625,27-08-2025 19:52,0,29.5,37252.6406,28.8,44.6
S2-Kalu River,19.30468517,73.2411915,109.347,-3144,5.94097,2055.55859,28.5625,27-08-2025 19:52,0,29.5,37213.7578,28.8,44.6
S2-Kalu River,19.3047205,73.241175,109.347,-3158,5.99947,2055.55859,28.5625,27-08-2025 19:53,0,29.5,37204.0352,28.8,44.6
S2-Kalu River,19.30472617,73.24116583,109.347,-3183,5.92235,2055.55859,28.5625,27-08-2025 19:53,0,29.5,37252.6406,28.8,44.6
S2-Kalu River,19.30474333,73.24117517,109.347,-3205,5.93033,2055.55859,28.5625,27-08-2025 19:53,0,29.5,37275.3242,28.8,44.6
S2-Kalu River,19.30476783,73.2411765,109.347,-3223,5.91437,2055.55859,28.5625,27-08-2025 19:54,0,29.5,37275.3242,28.8,44.6
S2-Kalu River,19.30475767,73.24116917,109.347,-3224,5.91171,2055.55859,28.5625,27-08-2025 19:54,0,29.5,37223.4766,28.8,44.5
S2-Kalu River,19.30475233,73.24116283,109.347,-3246,5.87714,2055.55859,28.5625,27-08-2025 19:54,0,29.5,37275.3242,28.8,44.6
S2-Kalu River,19.30475567,73.24116817,109.347,-3269,5.87714,2055.55859,28.5,27-08-2025 19:55,0,29.5,37255.8789,28.8,44.6
S2-Kalu River,19.3047205,73.24116833,109.347,-3273,5.85853,2061.10132,28.5,27-08-2025 19:55,0,29.5,37259.1211,28.8,44.5
S2-Kalu River,19.304706,73.24116217,109.347,-3277,5.84789,2061.10132,28.5,27-08-2025 19:56,0,29.5,37252.6406,28.8,44.6
S2-Kalu River,19.30470483,73.2411595,109.347,-3296,5.83459,2061.10132,28.5,27-08-2025 19:56,0,29.5,37288.2852,28.8,44.5
S2-Kalu River,19.30469867,73.24115583,109.347,-3315,6.10319,2061.10132,28.5,27-08-2025 19:56,0,29.5,37294.7656,28.8,44.5
S2-Kalu River,19.30468633,73.24116633,109.347,-3318,5.85587,2061.10132,28.5,27-08-2025 19:57,0,29.5,37333.6562,28.8,44.6
S2-Kalu River,19.30469017,73.24118317,109.347,-3324,5.82927,2061.10132,28.5,27-08-2025 19:57,0,29.5,37349.8594,28.8,44.6
S2-Kalu River,19.3046815,73.24118267,109.347,-3336,5.80002,2061.10132,28.5,27-08-2025 19:57,0,29.5,37314.2109,28.8,44.5
S2-Kalu River,19.30467917,73.24118017,109.347,-3348,5.78673,2061.10132,28.5,27-08-2025 19:58,0,29.5,37255.8789,28.8,44.5
S2-Kalu River,19.30468833,73.24118367,109.347,-3361,5.74949,2061.10132,28.5,27-08-2025 19:58,0,29.5,37275.3242,28.8,44.6
S2-Kalu River,19.30469417,73.24120233,109.347,-3368,5.78938,2061.10132,28.5,27-08-2025 19:58,0,29.5,37314.2109,28.8,44.5
S2-Kalu River,19.30471183,73.24129917,109.347,-3370,5.63514,2061.10132,28.5,27-08-2025 19:59,0,29.5,37259.1211,28.8,44.5
S2-Kalu River,19.30471183,73.24130017,109.347,-3363,5.75747,2061.10132,28.5,27-08-2025 19:59,0,29.5,37191.0742,28.8,44.5
S2-Kalu River,19.3047145,73.2412915,109.347,-3348,5.76811,2061.10132,28.5,27-08-2025 19:59,0,29.5,37165.1562,28.8,44.5
S2-Kalu River,19.30472433,73.2412775,109.347,-3341,5.74418,2061.10132,28.5,27-08-2025 20:00,0,29.5,37168.3945,28.8,44.5
S2-Kalu River,19.30465467,73.24115267,109.347,-3352,5.74418,2061.10132,28.5,27-08-2025 20:00,0,29.5,37191.0742,28.8,44.5
S2-Kalu River,19.30465867,73.24114967,109.347,-3363,5.74684,2061.10132,28.5,27-08-2025 20:00,0,29.5,37220.2383,28.8,44.6
S2-Kalu River,19.30467133,73.2411675,108.883,-3376,5.73354,2061.10132,28.5,27-08-2025 20:01,0,29.5,37194.3164,28.8,44.6
S2-Kalu River,19.30466833,73.24117233,108.386,-3380,5.68833,2061.10132,28.5,27-08-2025 20:01,0,29.5,37178.1133,28.8,44.6
S2-Kalu River,19.304658,73.241182,107.525,-3371,5.7096,2061.10132,28.5,27-08-2025 20:01,0,29.5,37126.2773,28.8,44.6
S2-Kalu River,19.30469033,73.2411895,106.63,-3365,5.74418,2061.10132,28.5,27-08-2025 20:02,0,29.5,37161.9141,28.8,44.5
S2-Kalu River,19.30468517,73.2411915,105.603,-3367,5.71758,2061.10132,28.5,27-08-2025 20:02,0,29.5,37158.6758,28.8,44.6
S2-Kalu River,19.3047205,73.241175,104.509,-3376,5.71758,2061.10132,28.5625,27-08-2025 20:02,0,29.4,37285.043,28.8,44.6
S2-Kalu River,19.30472617,73.24116583,104.31,-3393,5.68301,2055.55859,28.5,27-08-2025 20:03,0,29.5,37220.2383,28.8,44.6
S2-Kalu River,19.30474333,73.24117517,104.211,-3395,5.66705,2061.10132,28.5,27-08-2025 20:03,0,29.5,37262.3594,28.8,44.6
S2-Kalu River,19.30476783,73.2411765,104.178,-3373,5.65908,2061.10132,28.5,27-08-2025 20:03,0,29.5,37259.1211,28.7,44.6
S2-Kalu River,19.30475767,73.24116917,104.112,-3362,5.6511,2061.10132,28.5,27-08-2025 20:04,0,29.5,37255.8789,28.7,44.6
S2-Kalu River,19.30475233,73.24116283,103.979,-3373,5.65908,2061.10132,28.5,27-08-2025 20:04,0,29.4,37333.6562,28.7,44.6
S2-Kalu River,19.30475567,73.24116817,103.813,-3353,5.62451,2061.10132,28.5,27-08-2025 20:04,0,29.5,37252.6406,28.8,44.6
S2-Kalu River,19.3047205,73.24116833,103.714,-3333,5.61653,2061.10132,28.5625,27-08-2025 20:05,0,29.5,37200.7969,28.7,44.6
S2-Kalu River,19.304706,73.24116217,103.714,-3309,5.61653,2055.55859,28.5625,27-08-2025 20:05,0,29.5,37171.6367,28.7,44.6
S2-Kalu River,19.30470483,73.2411595,103.714,-3320,5.61919,2055.55859,28.5625,27-08-2025 20:05,0,29.5,37200.7969,28.7,44.6
S2-Kalu River,19.30469867,73.24115583,103.714,-3351,5.58727,2055.55859,28.5,27-08-2025 20:06,0,29.5,37255.8789,28.8,44.6
S2-Kalu River,19.30468633,73.24116633,103.681,-3360,5.59259,2061.10132,28.5625,27-08-2025 20:06,0,29.5,37242.918,28.7,44.4
S2-Kalu River,19.30469017,73.24118317,103.681,-3361,5.56334,2055.55859,28.5625,27-08-2025 20:06,0,29.5,37200.7969,28.7,44.6
S2-Kalu River,19.3046815,73.24118267,103.581,-3366,5.77077,2055.55859,28.5,27-08-2025 20:07,0,29.4,37223.4766,28.7,44.6
S2-Kalu River,19.30467917,73.24118017,103.581,-3364,5.57398,2061.10132,28.5,27-08-2025 20:07,0,29.4,37246.1602,28.7,44.6
S2-Kalu River,19.30468833,73.24118367,103.581,-3339,5.54473,2061.10132,28.5,27-08-2025 20:07,0,29.4,37268.8398,28.7,44.6
S2-Kalu River,19.30469417,73.24120233,103.482,-3342,5.53941,2061.10132,28.5,27-08-2025 20:08,0,29.4,37236.4375,28.7,44.6
S2-Kalu River,19.30471183,73.24129917,103.581,-3360,5.56068,2061.10132,28.5,27-08-2025 20:08,0,29.4,37268.8398,28.7,44.6
S2-Kalu River,19.30471183,73.24130017,103.482,-3365,5.53409,2061.10132,28.5,27-08-2025 20:08,0,29.4,37242.918,28.7,44.6
S2-Kalu River,19.3047145,73.2412915,103.482,-3365,5.53143,2061.10132,28.5,27-08-2025 20:09,0,29.5,37165.1562,28.7,44.6
S2-Kalu River,19.30472433,73.2412775,103.416,-3369,5.50749,2061.10132,28.5625,27-08-2025 20:09,0,29.5,37142.4766,28.7,44.6
S2-Kalu River,19.30465467,73.24115267,103.151,-3361,5.47824,2055.55859,28.5,27-08-2025 20:09,0,29.4,37171.6367,28.7,44.6
S2-Kalu River,19.30465867,73.24114967,103.151,-3343,5.50218,2061.10132,28.5625,27-08-2025 20:10,0,29.4,37174.875,28.7,44.6
S2-Kalu River,19.30467133,73.2411675,102.852,-3356,5.48356,2055.55859,28.5,27-08-2025 20:10,0,29.4,37184.5938,28.7,44.6
S2-Kalu River,19.30466833,73.24117233,102.72,-3598,5.44101,2061.10132,28.5,27-08-2025 20:11,0,29.4,37226.7188,28.7,44.6
S2-Kalu River,19.304658,73.241182,102.852,-3343,5.43037,2061.10132,28.5,27-08-2025 20:11,0,29.4,37259.1211,28.7,44.6
S2-Kalu River,19.30469033,73.2411895,103.151,-2854,5.43835,2061.10132,28.5,27-08-2025 20:11,0,29.4,37220.2383,28.7,44.6
S2-Kalu River,19.30468517,73.2411915,103.151,-2866,5.41176,2061.10132,28.5,27-08-2025 20:12,0,29.4,37204.0352,28.7,44.6
S2-Kalu River,19.3047205,73.241175,103.482,-2870,5.4224,2061.10132,28.5,27-08-2025 20:12,0,29.4,37152.1953,28.8,44.6
S2-Kalu River,19.30472617,73.24116583,103.581,-2868,5.40644,2061.10132,28.5,27-08-2025 20:12,0,29.4,37204.0352,28.7,44.6
S2-Kalu River,19.30474333,73.24117517,103.714,-2886,5.40112,2061.10132,28.5,27-08-2025 20:13,0,29.4,37210.5156,28.7,44.6
S2-Kalu River,19.30476783,73.2411765,104.012,-2888,5.43835,2061.10132,28.5,27-08-2025 20:13,0,29.4,37291.5273,28.7,44.6
S2-Kalu River,19.30475767,73.24116917,104.642,-2875,5.40112,2061.10132,28.5,27-08-2025 20:13,0,29.4,37268.8398,28.7,44.6
S2-Kalu River,19.30475233,73.24116283,105.205,-2867,5.38516,2061.10132,28.5,27-08-2025 20:14,0,29.4,37265.6016,28.7,44.6
S2-Kalu River,19.30475567,73.24116817,105.338,-2865,5.36655,2061.10132,28.5,27-08-2025 20:14,0,29.5,37139.2344,28.7,44.6
S2-Kalu River,19.3047205,73.24116833,105.371,-2870,5.35857,2061.10132,28.5,27-08-2025 20:14,0,29.5,37119.7969,28.7,44.6
S2-Kalu River,19.304706,73.24116217,105.536,-2886,5.37985,2061.10132,28.5,27-08-2025 20:15,0,29.4,37126.2773,28.7,44.3
S2-Kalu River,19.30470483,73.2411595,105.735,-2894,5.3373,2061.10132,28.5,27-08-2025 20:15,0,29.4,38011.3672,28.7,44.3
S2-Kalu River,19.30469867,73.24115583,109.347,-2865,3.7018,2100.63135,28.0625,27-08-2025 18:39,0,29.4,39193.4805,28.7,44.3
S2-Kalu River,19.30468633,73.24116633,109.347,-2873,3.63532,2100.63135,28.0625,27-08-2025 18:39,0,29.4,40517.918,28.7,44.3
S2-Kalu River,19.30469017,73.24118317,109.347,-2879,3.7018,2100.63135,28.0625,27-08-2025 18:40,0,29.4,40589.5898,28.7,44.3
S2-Kalu River,19.3046815,73.24118267,109.347,-2875,3.64862,2100.63135,28.0625,27-08-2025 18:40,0,29.4,40537.4609,28.7,44.3
S2-Kalu River,19.30467917,73.24118017,109.347,-2872,3.74701,2100.63135,28.0625,27-08-2025 18:40,0,29.4,40517.918,28.7,44.3
S2-Kalu River,19.30468833,73.24118367,109.347,-2872,3.70446,2100.63135,28.125,27-08-2025 18:41,0,29.4,40530.9492,28.7,44.3
S2-Kalu River,19.30469417,73.24120233,109.347,-2871,3.73637,2094.90503,28.125,27-08-2025 18:41,0,29.4,40540.7188,28.7,44.3
S2-Kalu River,19.30471183,73.24129917,109.347,-2876,3.76297,2094.90503,28.125,27-08-2025 18:41,0,29.4,40524.4336,28.7,44.3
S2-Kalu River,19.30471183,73.24130017,109.347,-2882,4.13527,2094.90503,28.125,27-08-2025 18:42,0,29.4,40514.6602,28.7,44.3
S2-Kalu River,19.3047145,73.2412915,109.347,-2893,3.68851,2094.90503,28.125,27-08-2025 18:42,0,29.4,40508.1445,28.7,44.3
S2-Kalu River,19.30472433,73.2412775,109.347,-2884,3.84807,2094.90503,28.125,27-08-2025 18:42,0,29.4,40498.3711,28.7,44.3
S2-Kalu River,19.30465467,73.24115267,109.347,-2865,3.7869,2094.90503,28.125,27-08-2025 18:43,0,29.4,40511.4023,28.7,44.3
S2-Kalu River,19.30465867,73.24114967,109.347,-2933,3.78956,2094.90503,28.125,27-08-2025 18:43,0,29.4,40485.3438,28.7,44.3
S2-Kalu River,19.30467133,73.2411675,109.347,-3064,3.75765,2094.90503,28.125,27-08-2025 18:43,0,29.4,40488.6016,28.7,44.3
S2-Kalu River,19.30466833,73.24117233,109.347,-3113,3.81881,2094.90503,28.125,27-08-2025 18:44,0,29.4,40498.3711,28.7,44.3
S2-Kalu River,19.304658,73.241182,109.347,-3304,3.83477,2094.90503,28.1875,27-08-2025 18:44,0,29.4,40491.8555,28.7,44.3
S2-Kalu River,19.30469033,73.2411895,109.347,-3750,3.80552,2089.20557,28.1875,27-08-2025 18:44,0,29.4,40498.3711,28.7,44.3
S2-Kalu River,19.30468517,73.2411915,109.347,-3985,3.872,2089.20557,28.1875,27-08-2025 18:45,0,29.4,40459.2852,28.7,44.3
S2-Kalu River,19.3047205,73.241175,109.347,-3988,3.872,2089.20557,28.1875,27-08-2025 18:45,0,29.4,40449.5117,28.6,44.3
S2-Kalu River,19.30472617,73.24116583,109.347,-3987,3.88796,2089.20557,28.1875,27-08-2025 18:45,0,29.4,40439.7383,28.7,44.3
S2-Kalu River,19.30474333,73.24117517,109.347,-3982,3.86668,2089.20557,28.25,27-08-2025 18:46,0,29.4,40498.3711,28.6,44.3
S2-Kalu River,19.30476783,73.2411765,109.347,-3985,3.87998,2083.53198,28.25,27-08-2025 18:46,0,29.4,40511.4023,28.7,44.3
S2-Kalu River,19.30475767,73.24116917,109.347,-3995,3.92519,2083.53198,28.25,27-08-2025 18:46,0,29.4,40508.1445,28.7,44.3
S2-Kalu River,19.30475233,73.24116283,109.347,-3994,3.90391,2083.53198,28.25,27-08-2025 18:47,0,29.4,40452.7695,28.7,44.3
S2-Kalu River,19.30475567,73.24116817,109.347,-3991,3.93051,2083.53198,28.25,27-08-2025 18:47,0,29.4,40478.8242,28.7,44.3
S2-Kalu River,19.3047205,73.24116833,109.347,-3928,3.9571,2083.53198,28.25,27-08-2025 18:47,0,29.4,40456.0273,28.7,44.2
S2-Kalu River,19.304706,73.24116217,109.347,-3828,3.95178,2083.53198,28.25,27-08-2025 18:48,0,29.4,40439.7383,28.6,44.2
S2-Kalu River,19.30470483,73.2411595,109.347,-3592,3.96242,2083.53198,28.25,27-08-2025 18:48,0,29.4,40423.4531,28.7,44.2
S2-Kalu River,19.30469867,73.24115583,109.347,-3445,4.00497,2083.53198,28.25,27-08-2025 18:48,0,29.4,40413.6836,28.6,44.2
S2-Kalu River,19.30468633,73.24116633,109.347,-3467,3.99433,2083.53198,28.25,27-08-2025 18:49,0,29.4,40400.6523,28.6,44.2
S2-Kalu River,19.30469017,73.24118317,109.347,-3438,3.99965,2083.53198,28.25,27-08-2025 18:49,0,29.4,40423.4531,28.7,44.2
S2-Kalu River,19.3046815,73.24118267,109.347,-3445,4.01295,2083.53198,28.25,27-08-2025 18:49,0,29.4,40469.0547,28.7,44.3
S2-Kalu River,19.30467917,73.24118017,109.347,-3477,4.02624,2083.53198,28.25,27-08-2025 18:50,0,0,0,0,43.2
S2-Kalu River,19.30468833,73.24118367,109.347,-3582,4.0289,2083.53198,28.25,27-08-2025 18:50,0,28.5,0,28.1,293.6
S2-Kalu River,19.30469417,73.24120233,109.347,-3778,4.0289,2083.53198,28.25,27-08-2025 18:50,0,28.5,0,28.2,293.9
S2-Kalu River,19.30471183,73.24129917,109.347,-3828,4.06613,2083.53198,28.3125,27-08-2025 18:51,0,28.5,0,28.2,293.9
S2-Kalu River,19.30471183,73.24130017,109.347,-3860,4.08209,2077.88574,28.25,27-08-2025 18:51,0,28.5,0,28.2,293.9
S2-Kalu River,19.3047145,73.2412915,109.347,-3908,4.06613,2083.53198,28.3125,27-08-2025 18:51,0,28.5,0,28.2,293.9
S2-Kalu River,19.30472433,73.2412775,109.347,-3924,4.08209,2077.88574,28.3125,27-08-2025 18:52,0,28.5,0,28.2,293.9
S2-Kalu River,19.30469533,73.24127117,109.347,-3827,4.08209,2077.88574,28.3125,27-08-2025 18:52,0,28.5,0,28.2,293.9
S2-Kalu River,19.30468,73.2413185,109.347,-3725,4.13262,2077.88574,28.25,27-08-2025 18:52,0,28.6,0,28.2,293.9
S2-Kalu River,19.3046785,73.24134517,109.347,-3729,4.14059,2083.53198,28.3125,27-08-2025 18:53,0,28.6,0,28.2,293.9
S2-Kalu River,19.30468583,73.24134317,109.347,-3735,4.15655,2077.88574,28.25,27-08-2025 18:53,0,28.6,0,28.2,293.9
S2-Kalu River,19.3047135,73.24131367,109.347,-3755,4.18846,2083.53198,28.3125,27-08-2025 18:53,0,28.6,0,28.2,293.9
S2-Kalu River,19.304708,73.24131217,109.347,-3732,4.1858,2077.88574,28.3125,27-08-2025 18:54,0,28.6,0,28.2,293.9
S2-Kalu River,19.30471717,73.24130633,109.347,-3699,4.13262,2077.88574,28.3125,27-08-2025 18:54,0,28.7,0,28.2,293.9
S2-Kalu River,19.30469367,73.24133583,109.347,-3628,4.22037,2077.88574,28.25,27-08-2025 18:54,0,28.7,0,28.2,293.9
S2-Kalu River,19.30471767,73.24132667,109.347,-3708,4.25495,2083.53198,28.3125,27-08-2025 18:55,0,28.7,0,28.2,293.9
S2-Kalu River,19.3047275,73.2413055,109.347,-3801,4.20708,2077.88574,28.375,27-08-2025 18:55,0,28.7,0,28.2,293.9
S2-Kalu River,19.3047705,73.24125783,109.347,-3776,4.2124,2072.26514,28.3125,27-08-2025 18:55,0,28.7,0,28.2,293.9
S2-Kalu River,19.30467133,73.24115467,109.347,-3787,4.25495,2077.88574,28.3125,27-08-2025 18:56,0,28.7,0,28.2,293.9
S2-Kalu River,19.304679,73.24117017,109.347,-3784,4.25229,2077.88574,28.3125,27-08-2025 18:56,0,28.7,0,28.2,293.9
S2-Kalu River,19.30465017,73.241149,109.347,-3815,4.2576,2077.88574,28.3125,27-08-2025 18:56,0,28.7,0,28.2,293.9
S2-Kalu River,19.3046515,73.24115017,109.347,-3760,4.29749,2077.88574,28.3125,27-08-2025 18:57,0,28.7,0,28.2,293.9
S2-Kalu River,19.30465467,73.24115267,109.347,-3734,4.31611,2077.88574,28.375,27-08-2025 18:57,0,28.7,0,28.2,293.9
S2-Kalu River,19.30465867,73.24114967,109.347,-3780,4.28686,2072.26514,28.3125,27-08-2025 18:58,0,28.7,14443.5146,28.2,293.9
S2-Kalu River,19.30467133,73.2411675,109.347,-3801,4.32675,2077.88574,28.3125,27-08-2025 18:58,0,28.7,24361.8574,28.2,293.9
S2-Kalu River,19.30466833,73.24117233,109.347,-3828,4.33738,2077.88574,28.375,27-08-2025 18:58,0,28.8,29410.752,28.2,293.9
S2-Kalu River,19.304658,73.241182,109.347,-3848,4.35334,2072.26514,28.375,27-08-2025 18:59,0,28.7,29609.041,28.2,293.9
S2-Kalu River,19.30469033,73.2411895,109.347,-3842,4.34802,2072.26514,28.375,27-08-2025 18:59,0,28.8,29621.8359,28.2,293.9
S2-Kalu River,19.30468517,73.2411915,109.347,-3822,4.37462,2072.26514,28.3125,27-08-2025 18:59,0,28.8,29689.0156,28.2,293.9
S2-Kalu River,19.3047205,73.241175,109.347,-3807,4.39057,2077.88574,28.3125,27-08-2025 19:00,0,28.8,29705.0137,28.2,293.9
S2-Kalu River,19.30472617,73.24116583,109.347,-3821,4.42248,2077.88574,28.3125,27-08-2025 19:00,0,28.8,29749.8047,28.2,293.9
S2-Kalu River,19.30474333,73.24117517,109.347,-3840,4.39589,2077.88574,28.3125,27-08-2025 19:00,0,28.8,29775.4023,28.2,293.9
S2-Kalu River,19.30476783,73.2411765,109.347,-3825,4.41716,2077.88574,28.375,27-08-2025 19:01,0,28.8,29813.7988,28.3,294.2
S2-Kalu River,19.30475767,73.24116917,109.347,-3819,4.43046,2072.26514,28.375,27-08-2025 19:01,0,28.8,29804.2012,28.2,293.9
S2-Kalu River,19.30475233,73.24116283,109.347,-3809,4.44376,2072.26514,28.375,27-08-2025 19:01,0,28.8,29797.8008,28.3,294.2
S2-Kalu River,19.30475567,73.24116817,109.347,-3808,4.4544,2072.26514,28.375,27-08-2025 19:02,0,28.8,29842.5996,28.2,293.9
S2-Kalu River,19.3047205,73.24116833,109.347,-3805,4.46769,2072.26514,28.375,27-08-2025 19:02,0,28.9,29740.207,28.2,293.9
S2-Kalu River,19.304706,73.24116217,109.347,-3786,4.46769,2072.26514,28.375,27-08-2025 19:02,0,28.8,29801,28.3,294.2
S2-Kalu River,19.30470483,73.2411595,109.347,-4050,4.48631,2072.26514,28.375,27-08-2025 19:03,0,28.9,29682.6172,28.3,294.2
S2-Kalu River,19.30469867,73.24115583,109.347,-4079,4.53684,2072.26514,28.375,27-08-2025 19:03,0,28.9,29673.0215,28.3,294.2
S2-Kalu River,19.30468633,73.24116633,109.347,-3790,4.53418,2072.26514,28.375,27-08-2025 19:03,0,28.9,29673.0215,28.3,294.2
S2-Kalu River,19.30469017,73.24118317,109.347,-3772,4.55279,2072.26514,28.3125,27-08-2025 19:04,0,28.9,29695.4141,28.3,294.2
S2-Kalu River,19.3046815,73.24118267,109.347,-3777,4.55013,2077.88574,28.375,27-08-2025 19:04,0,28.9,29740.207,28.3,294.2
S2-Kalu River,19.30467917,73.24118017,109.347,-3776,4.53684,2072.26514,28.375,27-08-2025 19:04,0,28.9,30130.6797,28.3,294.2
S2-Kalu River,19.30468833,73.24118367,109.347,-3780,4.62193,2072.26514,28.375,27-08-2025 19:05,0,28.9,30630.3574,28.3,294.2
S2-Kalu River,19.30469417,73.24120233,109.347,-3786,4.6113,2072.26514,28.375,27-08-2025 19:05,0,28.9,31140.0898,28.3,294.2
S2-Kalu River,19.30471183,73.24129917,109.347,-3789,4.57141,2072.26514,28.375,27-08-2025 19:05,0,28.9,31210.6543,28.2,293.9
S2-Kalu River,19.30471183,73.24130017,109.347,-3777,4.61396,2072.26514,28.375,27-08-2025 19:06,0,28.9,31210.6543,28.3,294.2
S2-Kalu River,19.3047145,73.2412915,109.347,-3770,4.60598,2072.26514,28.375,27-08-2025 19:06,0,28.9,31168.957,28.3,294.2
S2-Kalu River,19.30472433,73.2412775,109.347,-3771,4.64587,2072.26514,28.375,27-08-2025 19:06,0,28.9,31152.9199,28.3,294.2
S2-Kalu River,19.30465467,73.24115267,109.347,-3774,4.65385,2072.26514,28.375,27-08-2025 19:07,0,28.9,31143.2988,28.3,294.2
S2-Kalu River,19.30465867,73.24114967,109.347,-3772,4.69905,2072.26514,28.375,27-08-2025 19:07,0,28.9,31146.5059,28.3,294.2
S2-Kalu River,19.30467133,73.2411675,109.347,-3758,4.65119,2072.26514,28.375,27-08-2025 19:07,0,28.9,31159.334,28.3,294.2
S2-Kalu River,19.30466833,73.24117233,109.347,-3752,4.6964,2072.26514,28.375,27-08-2025 19:08,0,28.9,31127.2617,28.3,294.2
S2-Kalu River,19.304658,73.241182,109.347,-3741,4.71235,2072.26514,28.375,27-08-2025 19:08,0,28.9,31159.334,28.3,294.2
S2-Kalu River,19.30469033,73.2411895,109.347,-3723,4.71767,2072.26514,28.375,27-08-2025 19:08,0,28.9,31168.957,28.3,294.2
S2-Kalu River,19.30468517,73.2411915,109.347,-3741,4.72565,2072.26514,28.4375,27-08-2025 19:09,0,28.9,31191.4102,28.3,294.2
S2-Kalu River,19.3047205,73.241175,109.347,-3752,4.7416,2066.67017,28.4375,27-08-2025 19:09,0,28.9,31191.4102,28.3,294.2
S2-Kalu River,19.30472617,73.24116583,109.347,-3750,4.76288,2066.67017,28.375,27-08-2025 19:09,0,28.9,31204.2402,28.3,294.2
S2-Kalu River,19.30474333,73.24117517,109.347,-3765,4.75224,2072.26514,28.375,27-08-2025 19:10,0,28.9,31143.2988,28.3,294.2
S2-Kalu River,19.30476783,73.2411765,109.347,-3749,4.78415,2072.26514,28.4375,27-08-2025 19:10,0,28.9,31133.6758,28.3,294.2
S2-Kalu River,19.30475767,73.24116917,109.347,-3726,4.7682,2066.67017,28.375,27-08-2025 19:10,0,28.9,31127.2617,28.3,294.2
S2-Kalu River,19.30475233,73.24116283,109.347,-3731,4.78149,2072.26514,28.4375,27-08-2025 19:11,0,28.9,31156.127,28.3,294.2
S2-Kalu River,19.30475567,73.24116817,109.347,-3744,4.80809,2066.67017,28.4375,27-08-2025 19:11,0,28.9,31149.7129,28.3,294.2
S2-Kalu River,19.30469533,73.24127117,109.347,-3750,4.84,2066.67017,28.4375,27-08-2025 19:11,0,28.9,31146.5059,28.3,294.2
S2-Kalu River,19.30468,73.2413185,109.347,-3743,4.83468,2066.67017,28.4375,27-08-2025 19:12,0,28.9,31140.0898,28.3,294.2
S2-Kalu River,19.3046785,73.24134517,109.347,-3739,4.8533,2066.67017,28.4375,27-08-2025 19:12,0,28.9,31127.2617,28.4,294.5
S2-Kalu River,19.30468583,73.24134317,109.347,-3741,4.82404,2066.67017,28.4375,27-08-2025 19:12,0,28.9,31127.2617,28.3,294.2
S2-Kalu River,19.3047135,73.24131367,109.347,-3732,4.85862,2066.67017,28.4375,27-08-2025 19:13,0,28.9,31136.8848,28.3,294.2
S2-Kalu River,19.304708,73.24131217,109.347,-3732,4.88787,2066.67017,28.4375,27-08-2025 19:13,0,28.9,31127.2617,28.3,294.2
S2-Kalu River,19.30471717,73.24130633,109.347,-3738,4.88521,2066.67017,28.4375,27-08-2025 19:13,0,28.9,31104.8125,28.3,294.2
S2-Kalu River,19.30469367,73.24133583,109.347,-3724,4.89319,2066.67017,28.4375,27-08-2025 19:14,0,28.9,31104.8125,28.3,294.2
S2-Kalu River,19.30471767,73.24132667,109.347,-2865,3.7018,2100.63135,28.0625,27-08-2025 19:14,0,28.9,31117.6406,28.3,294.2
S2-Kalu River,19.3047275,73.2413055,109.347,-2873,3.63532,2100.63135,28.0625,27-08-2025 19:14,0,28.9,31114.4336,28.3,294.2
S2-Kalu River,19.3047705,73.24125783,109.347,-2879,3.7018,2100.63135,28.0625,27-08-2025 19:15,0,28.9,31364.6445,28.3,232.4
S2-Kalu River,19.30467133,73.24115467,109.347,-2875,3.64862,2100.63135,28.0625,27-08-2025 19:15,0,28.9,32209.0938,28.3,46.3
S2-Kalu River,19.304679,73.24117017,109.347,-2872,3.74701,2100.63135,28.0625,27-08-2025 19:15,0,28.9,32922.8477,28.4,46.4
S2-Kalu River,19.30465017,73.241149,109.347,-2872,3.70446,2100.63135,28.125,27-08-2025 19:16,0,28.9,30883.5645,28.3,45.5
S2-Kalu River,19.3046515,73.24115017,109.347,-2871,3.73637,2094.90503,28.125,27-08-2025 19:16,0,28.9,24346.0117,28.4,45.2
S2-Kalu River,19.30465467,73.24115267,109.347,-2876,3.76297,2094.90503,28.125,27-08-2025 19:16,0,28.9,14687.873,28.3,45
S2-Kalu River,19.30465867,73.24114967,109.347,-2882,4.13527,2094.90503,28.125,27-08-2025 19:17,0,28.9,0,28.3,45
S2-Kalu River,19.30467133,73.2411675,109.347,-2893,3.68851,2094.90503,28.125,27-08-2025 19:17,0,28.9,0,28.3,45.2
S2-Kalu River,19.30466833,73.24117233,109.347,-2884,3.84807,2094.90503,28.125,27-08-2025 19:17,0,29,0,28.4,45.2
S2-Kalu River,19.304658,73.241182,109.347,-2865,3.7869,2094.90503,28.125,27-08-2025 19:18,0,29,0,28.4,45.3
S2-Kalu River,19.30469033,73.2411895,109.347,-2933,3.78956,2094.90503,28.125,27-08-2025 19:18,0,29,0,28.3,45.3
S2-Kalu River,19.30468517,73.2411915,109.347,-3064,3.75765,2094.90503,28.125,27-08-2025 19:18,0,29,0,28.4,45.3
S2-Kalu River,19.3047205,73.241175,109.347,-3113,3.81881,2094.90503,28.125,27-08-2025 19:19,0,29,0,28.4,45.3
S2-Kalu River,19.30472617,73.24116583,109.347,-3304,3.83477,2094.90503,28.1875,27-08-2025 19:19,0,29,0,28.4,44.9
S2-Kalu River,19.30474333,73.24117517,109.347,-3750,3.80552,2089.20557,28.1875,27-08-2025 19:19,0,29,0,28.3,44.5
S2-Kalu River,19.30476783,73.2411765,109.347,-3985,3.872,2089.20557,28.1875,27-08-2025 19:20,0,29,21816.707,28.4,44.3
S2-Kalu River,19.30475767,73.24116917,109.347,-3988,3.872,2089.20557,28.1875,27-08-2025 19:20,0,29,28522.4883,28.4,44.3
S2-Kalu River,19.30475233,73.24116283,109.347,-3987,3.88796,2089.20557,28.1875,27-08-2025 19:20,0,29,35046.6992,28.4,44.3
S2-Kalu River,19.30475567,73.24116817,109.347,-3982,3.86668,2089.20557,28.25,27-08-2025 19:21,0,29,35285.6641,28.4,44.3
S2-Kalu River,19.3047205,73.24116833,109.347,-3985,3.87998,2083.53198,28.25,27-08-2025 19:21,0,29,35269.5156,28.4,44.3
S2-Kalu River,19.304706,73.24116217,109.347,-3995,3.92519,2083.53198,28.25,27-08-2025 19:21,0,29.1,35311.5039,28.4,44.3
S2-Kalu River,19.30470483,73.2411595,109.347,-3994,3.90391,2083.53198,28.25,27-08-2025 19:22,0,29.1,35518.2617,28.4,44.5
S2-Kalu River,19.30469867,73.24115583,109.347,-3991,3.93051,2083.53198,28.25,27-08-2025 19:22,0,29,35851.1602,28.4,44.5
S2-Kalu River,19.30468633,73.24116633,109.347,-3928,3.9571,2083.53198,28.25,27-08-2025 19:22,0,29.1,35999.8945,28.4,44.5
S2-Kalu River,19.30469017,73.24118317,109.347,-3828,3.95178,2083.53198,28.25,27-08-2025 19:23,0,29.1,36090.4453,28.4,44.3
S2-Kalu River,19.3046815,73.24118267,109.347,-3592,3.96242,2083.53198,28.25,27-08-2025 19:23,0,29.1,36109.8516,28.4,44.3
S2-Kalu River,19.30467917,73.24118017,109.347,-3445,4.00497,2083.53198,28.25,27-08-2025 19:23,0,29.1,36132.4922,28.4,44.3
S2-Kalu River,19.30468833,73.24118367,109.347,-3467,3.99433,2083.53198,28.25,27-08-2025 19:24,0,29.1,36242.4727,28.4,44.1
S2-Kalu River,19.30469417,73.24120233,109.347,-3438,3.99965,2083.53198,28.25,27-08-2025 19:24,0,29.1,36549.875,28.4,44
S2-Kalu River,19.30471183,73.24129917,109.347,-3445,4.01295,2083.53198,28.25,27-08-2025 19:24,0,29.1,36779.7227,28.4,44.1
S2-Kalu River,19.30471183,73.24130017,109.347,-3477,4.02624,2083.53198,28.25,27-08-2025 19:25,0,29.1,36902.7773,28.4,44.1
S2-Kalu River,19.3047145,73.2412915,109.347,-3582,4.0289,2083.53198,28.25,27-08-2025 19:25,0,29.1,36970.7891,28.4,44.1
S2-Kalu River,19.30472433,73.2412775,109.347,-3778,4.0289,2083.53198,28.25,27-08-2025 19:25,0,29.1,36999.9414,28.4,44.1
S2-Kalu River,19.30465467,73.24115267,109.347,-3828,4.06613,2083.53198,28.3125,27-08-2025 19:26,0,29.1,37019.375,28.4,44.1
S2-Kalu River,19.30465867,73.24114967,109.347,-3860,4.08209,2077.88574,28.25,27-08-2025 19:26,0,29.1,36986.9844,28.4,42
S2-Kalu River,19.30467133,73.2411675,109.347,-3908,4.06613,2083.53198,28.3125,27-08-2025 19:26,0,29.1,36413.9531,28.4,42.2
S2-Kalu River,19.30466833,73.24117233,109.347,-3924,4.08209,2077.88574,28.3125,27-08-2025 19:27,0,29.1,35896.4219,28.4,42.2
S2-Kalu River,19.304658,73.241182,109.347,-3827,4.08209,2077.88574,28.3125,27-08-2025 19:27,0,29.1,35414.875,28.4,42.2
S2-Kalu River,19.30469033,73.2411895,109.347,-3725,4.13262,2077.88574,28.25,27-08-2025 19:27,0,29.1,35401.9531,28.4,42.2
S2-Kalu River,19.30468517,73.2411915,109.347,-3729,4.14059,2083.53198,28.3125,27-08-2025 19:28,0,29.1,35372.8789,28.4,42.3
S2-Kalu River,19.3047205,73.241175,109.347,-3735,4.15655,2077.88574,28.25,27-08-2025 19:28,0,29.1,35431.0273,28.4,42.2
S2-Kalu River,19.30472617,73.24116583,109.347,-3755,4.18846,2083.53198,28.3125,27-08-2025 19:28,0,29.1,35447.1836,28.4,42.4
S2-Kalu River,19.30474333,73.24117517,109.347,-3732,4.1858,2077.88574,28.3125,27-08-2025 19:29,0,29.1,35469.7969,28.4,42.3
S2-Kalu River,19.30476783,73.2411765,109.347,-3699,4.13262,2077.88574,28.3125,27-08-2025 19:29,0,29.1,35463.3359,28.4,42.4
S2-Kalu River,19.30475767,73.24116917,109.347,-3628,4.22037,2077.88574,28.25,27-08-2025 19:29,0,29.1,35502.1055,28.4,42.5
S2-Kalu River,19.30475233,73.24116283,109.347,-3708,4.25495,2083.53198,28.3125,27-08-2025 19:30,0,29.1,35537.6484,28.4,42.5
S2-Kalu River,19.30475567,73.24116817,109.347,-3801,4.20708,2077.88574,28.375,27-08-2025 19:30,0,29.1,35531.1875,28.4,42.6
S2-Kalu River,19.30468517,73.2411915,109.347,-3776,4.2124,2072.26514,28.3125,27-08-2025 19:30,0,29.1,35527.957,28.4,42.6
S2-Kalu River,19.3047205,73.241175,109.347,-3787,4.25495,2077.88574,28.3125,27-08-2025 19:31,0,29.1,35524.7266,28.4,42.6
S2-Kalu River,19.30472617,73.24116583,109.347,-3784,4.25229,2077.88574,28.3125,27-08-2025 19:31,0,29.1,35476.2578,28.4,42.7
S3-Ambernath Lake,19.182517,73.192602,0,0,1.60358,0,28,30-08-2025 12:03,5,28.7,108598.6797,28,259.5
S3-Ambernath Lake,19.1825,73.1924,0,-1279,1.8509,0,27.4375,30-08-2025 12:03,5,28.7,108524.2031,28,259.5
S3-Ambernath Lake,19.18251,73.1923,0,-2352,1.74453,0,27.4375,30-08-2025 12:04,5,28.7,108485.1875,28,259.5
S3-Ambernath Lake,19.182517,73.192602,0,-1924,2.178,0,27.4375,30-08-2025 12:04,5,28.7,108442.625,28,259.5
S3-Ambernath Lake,19.1825,73.1924,0,-1698,2.31097,0,27.4375,30-08-2025 12:04,5,28.7,108389.4375,28,259.5
S3-Ambernath Lake,19.18251,73.1923,0,-1488,2.12215,0,27.4375,30-08-2025 12:05,5,28.7,108318.5234,28,259.4
S3-Ambernath Lake,19.182517,73.192602,0,-1344,2.38543,0,27.5,30-08-2025 12:05,5,28.7,108311.4297,28,259.4
S3-Ambernath Lake,19.1825,73.1924,0,-1252,2.57158,0,27.4375,30-08-2025 12:05,5,28.7,108421.3594,28,259.4
S3-Ambernath Lake,19.18251,73.1923,0,-1178,2.3482,0,27.5,30-08-2025 12:06,5,28.7,108527.7422,28.1,259.7
S3-Ambernath Lake,19.182517,73.192602,0,-1118,2.60615,0,27.4375,30-08-2025 12:06,5,28.7,108499.3672,28.1,259.7
S3-Ambernath Lake,19.1825,73.1924,0,-1073,2.27374,0,27.4375,30-08-2025 12:07,5,28.7,108297.2422,28.1,259.6
S3-Ambernath Lake,19.18251,73.1923,0,-1027,2.33756,0,27.4375,30-08-2025 12:07,5,28.7,108205.0625,28.1,259.6
S3-Ambernath Lake,19.182517,73.192602,0,-977,2.69923,0,27.4375,30-08-2025 12:07,5,28.7,108119.9688,28.1,259.5
S3-Ambernath Lake,19.1825,73.1924,0,-958,2.36681,0,27.4375,30-08-2025 12:08,5,28.7,107995.8906,28.1,259.5
S3-Ambernath Lake,19.18251,73.1923,0,-982,2.43596,0,27.5,30-08-2025 12:08,5,28.8,107648.5703,28.1,259.4
S3-Ambernath Lake,19.182517,73.192602,65.303,-1014,2.59552,167.92297,27.4375,30-08-2025 12:08,5,28.8,107630.8594,28.1,259.5
S3-Ambernath Lake,19.1825,73.1924,130.686,-1051,2.59818,327.77731,27.5,30-08-2025 12:09,5,28.7,108013.625,28.1,259.4
S3-Ambernath Lake,19.18251,73.1923,130.686,-1093,2.63541,327.39569,27.5,30-08-2025 12:09,5,28.8,107797.4141,28.1,259.4
S3-Ambernath Lake,19.182517,73.192602,130.686,-1113,2.61413,333.89563,27.5,30-08-2025 12:09,5,28.7,108095.1562,28.1,259.4
S3-Ambernath Lake,19.1825,73.1924,130.686,-1120,2.89336,333.89563,27.5,30-08-2025 12:10,5,28.8,107747.7891,28.1,259.3
S3-Ambernath Lake,19.18251,73.1923,130.686,-1102,2.88804,333.89563,27.5,30-08-2025 12:10,5,28.8,107758.4297,28.1,259.3
S3-Ambernath Lake,19.182517,73.192602,130.686,-1083,2.72051,333.89563,27.5,30-08-2025 12:10,5,28.8,107765.5156,28.1,259.3
S3-Ambernath Lake,19.1825,73.1924,130.686,-1072,2.75242,333.89563,27.5,30-08-2025 12:11,5,28.8,107822.2266,28.1,259.2
S3-Ambernath Lake,19.18251,73.1923,130.686,-1050,2.68859,333.89563,27.5,30-08-2025 12:11,5,28.8,107995.8906,28.2,259.5
S3-Ambernath Lake,19.182517,73.192602,130.686,-1043,3.05558,333.89563,27.5,30-08-2025 12:11,5,28.8,108173.1562,28.2,259.4
S3-Ambernath Lake,19.1825,73.1924,130.686,-1849,4.27356,334.45041,27.5,30-08-2025 12:12,0,28.8,108130.6016,28.2,259.4
S3-Ambernath Lake,19.18251,73.1923,130.686,-2726,4.27356,335.69958,27.5,30-08-2025 12:12,0,28.8,108056.1641,28.2,259.4
S3-Ambernath Lake,19.182517,73.192602,130.686,-2575,4.26292,339.3157,27.5,30-08-2025 12:13,0,28.8,107914.3672,28.2,259.4
S3-Ambernath Lake,19.1825,73.1924,130.686,-2429,4.40121,343.64206,27.5,30-08-2025 12:13,0,28.8,107847.0312,28.2,259.3
S3-Ambernath Lake,19.18251,73.1923,130.686,-2426,4.72831,346.16177,27.5,30-08-2025 12:14,0,28.8,107744.25,28.2,259.3
S3-Ambernath Lake,19.182517,73.192602,130.686,-2568,2.98112,346.16177,27.5,30-08-2025 12:16,5,28.9,107503.2969,28.2,259.3
S3-Ambernath Lake,19.1825,73.1924,130.686,-1915,3.3029,346.16177,27.5,30-08-2025 12:17,5,28.9,107513.9219,28.2,259.3
S3-Ambernath Lake,19.18251,73.1923,130.686,-1701,3.26833,343.64206,27.5,30-08-2025 12:17,5,28.9,107439.5234,28.2,259.3
S3-Ambernath Lake,19.182517,73.192602,130.686,-1264,3.10345,340.15176,27.5,30-08-2025 12:18,5,28.9,107290.7344,28.2,259.4
S3-Ambernath Lake,19.1825,73.1924,130.686,-1076,3.08749,335.97733,27.5,30-08-2025 12:18,5,28.9,107280.1094,28.2,259.3
S3-Ambernath Lake,19.18251,73.1923,130.686,-1090,3.36938,335.97733,27.5,30-08-2025 12:18,5,28.9,107297.8203,28.2,259.3
S3-Ambernath Lake,19.182517,73.192602,130.686,-1088,3.09547,330.01926,27.5,30-08-2025 12:19,5,28.9,107375.7578,28.2,259.3
S3-Ambernath Lake,19.1825,73.1924,130.686,-1082,3.17259,330.01926,27.5,30-08-2025 12:19,5,28.9,107411.1797,28.2,259.3
S3-Ambernath Lake,19.18251,73.1923,130.686,-1087,3.41459,322.85159,27.5,30-08-2025 12:20,5,28.9,107404.0938,28.2,259.3
S3-Ambernath Lake,19.182517,73.192602,130.686,-1090,3.16993,311.07925,27.5,30-08-2025 12:20,5,28.9,107464.3203,28.2,259.3
S3-Ambernath Lake,19.1825,73.1924,130.686,-1102,3.18589,308.89932,27.5,30-08-2025 12:20,5,28.9,107567.0781,28.2,259.1
S3-Ambernath Lake,19.18251,73.1923,130.686,-1107,3.42257,301.15729,27.5,30-08-2025 12:21,5,28.9,107666.2891,28.2,259.1
S3-Ambernath Lake,19.182517,73.192602,130.686,-1083,3.53958,283.48605,27.5625,30-08-2025 12:21,5,28.9,107623.7656,28.2,259.1
S3-Ambernath Lake,19.1825,73.1924,130.686,-1081,3.40662,274.32736,27.5,30-08-2025 12:21,5,28.9,107457.2344,28.2,259.2
S3-Ambernath Lake,19.18251,73.1923,130.686,-1098,3.31886,260.87164,27.5,30-08-2025 12:22,5,28.9,107432.4375,28.2,259
S3-Ambernath Lake,19.182517,73.192602,130.686,-1108,3.60341,250.06602,27.5,30-08-2025 12:22,5,28.9,107450.1484,28.2,259
S3-Ambernath Lake,19.1825,73.1924,130.686,-1113,3.59809,247.41373,27.5625,30-08-2025 12:23,5,28.9,107464.3203,28.2,259
S3-Ambernath Lake,19.18251,73.1923,130.686,-1119,3.63266,244.87971,27.5,30-08-2025 12:23,5,28.9,107435.9766,28.2,258.9
S3-Ambernath Lake,19.182517,73.192602,130.686,-1110,3.43853,243.81941,27.5625,30-08-2025 12:23,5,28.9,107333.2344,28.3,259.3
S3-Ambernath Lake,19.1825,73.1924,130.686,-1098,3.63532,243.15137,27.5,30-08-2025 12:24,5,28.9,107350.9609,28.2,258.8
S3-Ambernath Lake,19.18251,73.1923,130.686,-1104,3.71776,243.0208,27.5625,30-08-2025 12:24,5,28.9,107361.5781,28.2,259
S3-Ambernath Lake,19.182517,73.192602,130.686,-1118,3.43853,242.22073,27.5625,30-08-2025 12:24,5,29,107106.5469,28.3,259.2
S3-Ambernath Lake,19.1825,73.1924,130.686,-1091,3.44651,240.22664,27.5625,30-08-2025 12:25,5,29,107014.4688,28.3,259.2
S3-Ambernath Lake,19.18251,73.1923,130.686,-1083,3.52629,238.09967,27.5625,30-08-2025 12:25,5,29,106993.2188,28.3,259.2
S3-Ambernath Lake,19.182517,73.192602,130.686,-1097,3.93317,236.77028,27.5,30-08-2025 12:25,5,29,106950.7266,28.3,259.2
S3-Ambernath Lake,19.1825,73.1924,130.686,-1102,3.4013,235.4342,27.5625,30-08-2025 12:26,5,29,106961.3516,28.3,259.1
S3-Ambernath Lake,19.18251,73.1923,130.686,-1115,3.59543,234.11136,27.5,30-08-2025 12:26,5,29,106971.9688,28.3,259.1
S3-Ambernath Lake,19.182517,73.192602,130.686,-1107,3.7869,233.17133,27.5625,30-08-2025 12:26,5,29,107071.1328,28.3,259.1
S3-Ambernath Lake,19.1825,73.1924,130.686,-1103,3.65127,231.85103,27.5625,30-08-2025 12:27,5,29,107053.4219,28.3,259.1
S3-Ambernath Lake,19.18251,73.1923,130.686,-1105,3.69116,231.4521,27.5625,30-08-2025 12:27,5,29,107056.9688,28.3,259.1
S3-Ambernath Lake,19.182517,73.192602,130.686,-1125,3.86668,230.38826,27.5625,30-08-2025 12:27,5,29,106975.5156,28.3,259
S3-Ambernath Lake,19.1825,73.1924,130.686,-1119,4.01295,227.99425,27.5625,30-08-2025 12:28,5,29,106947.1797,28.3,259
S3-Ambernath Lake,19.18251,73.1923,130.686,-1094,3.72042,226.13182,27.5625,30-08-2025 12:28,5,29,106784.3047,28.3,259
S3-Ambernath Lake,19.182517,73.192602,130.686,-1140,3.98635,227.72823,27.5625,30-08-2025 12:28,5,29.1,106458.6172,28.3,259
S3-Ambernath Lake,19.1825,73.1924,130.686,-1144,3.70978,227.72823,27.5625,30-08-2025 12:29,5,29.1,106398.4453,28.4,259.3
S3-Ambernath Lake,19.18251,73.1923,130.686,-1128,3.81615,225.86572,27.5625,30-08-2025 12:29,5,29.1,106426.7656,28.4,259.3
S3-Ambernath Lake,19.182517,73.192602,130.686,-1143,4.0422,224.40205,27.5,30-08-2025 12:29,5,29.1,106430.2969,28.4,259.1
S3-Ambernath Lake,19.1825,73.1924,130.686,-1161,4.07943,222.78323,27.5625,30-08-2025 12:30,5,29.1,106423.2188,28.4,259.1
S3-Ambernath Lake,19.18251,73.1923,130.686,-1150,3.84275,222.53871,27.5625,30-08-2025 12:30,5,29.1,106334.7344,28.4,259.1
S3-Ambernath Lake,19.182517,73.192602,130.686,-1153,4.0422,221.34059,27.5625,30-08-2025 12:30,5,29.1,106352.4375,28.4,259
S3-Ambernath Lake,19.1825,73.1924,130.686,-1159,3.8853,220.40854,27.625,30-08-2025 12:31,5,29.1,106405.5234,28.4,259.1
S3-Ambernath Lake,19.18251,73.1923,130.686,-1172,3.86136,218.96983,27.5625,30-08-2025 12:31,5,29.1,106377.2109,28.4,259
S3-Ambernath Lake,19.182517,73.192602,130.686,-1182,4.25495,215.21262,27.625,30-08-2025 12:31,5,29.1,106327.6562,28.4,259
S3-Ambernath Lake,19.1825,73.1924,130.686,-1185,4.21505,216.30833,27.625,30-08-2025 12:32,5,29.1,106320.5859,28.4,258.9
S3-Ambernath Lake,19.18251,73.1923,130.686,-1173,3.95444,212.4464,27.625,30-08-2025 12:32,5,29.1,106334.7344,28.4,259
S3-Ambernath Lake,19.182517,73.192602,130.686,-1169,4.22037,212.4464,27.625,30-08-2025 12:32,5,29.1,106359.5078,28.4,259
S3-Ambernath Lake,19.1825,73.1924,130.686,-1164,4.27356,209.64748,27.6875,30-08-2025 12:33,5,29.1,106239.1875,28.4,258.9
S3-Ambernath Lake,19.18251,73.1923,130.686,-1161,3.97571,209.41844,27.6875,30-08-2025 12:33,5,29.1,106278.1172,28.4,258.9
S3-Ambernath Lake,19.182517,73.192602,130.686,-1163,4.21505,209.15207,27.6875,30-08-2025 12:33,5,29.1,106239.1875,28.4,258.9
S3-Ambernath Lake,19.1825,73.1924,130.686,-1166,4.0156,208.35283,27.75,30-08-2025 12:34,5,29.1,106253.3438,28.4,258.8
S3-Ambernath Lake,19.18251,73.1923,130.686,-1148,4.04752,207.99243,27.6875,30-08-2025 12:34,5,29.1,106348.8984,28.4,258.8
S3-Ambernath Lake,19.182517,73.192602,130.686,-1116,4.01295,208.35283,27.6875,30-08-2025 12:35,5,29.1,106355.9766,28.4,258.7
S3-Ambernath Lake,19.1825,73.1924,130.686,-1113,4.33473,209.15207,27.6875,30-08-2025 12:35,5,29.1,106327.6562,28.4,258.7
S3-Ambernath Lake,19.18251,73.1923,130.686,-1116,4.30015,208.35283,27.75,30-08-2025 12:35,5,29.1,106196.7266,28.4,258.7
S3-Ambernath Lake,19.182517,73.192602,130.686,-1110,4.0422,208.12553,27.75,30-08-2025 12:36,5,29.2,105980.8984,28.4,258.7
S3-Ambernath Lake,19.1825,73.1924,130.686,-1114,4.3693,208.12553,27.75,30-08-2025 12:36,5,29.2,106009.2031,28.4,258.7
S3-Ambernath Lake,19.18251,73.1923,130.686,-1109,4.356,207.99243,27.75,30-08-2025 12:36,5,29.2,106048.1094,28.4,258.7
S3-Ambernath Lake,19.182517,73.192602,130.686,-1101,4.37993,207.4601,27.75,30-08-2025 12:37,5,29.2,105984.4297,28.4,258.6
S3-Ambernath Lake,19.1825,73.1924,130.686,-1116,4.07145,207.4601,27.75,30-08-2025 12:37,5,29.2,106062.2656,28.4,258.7
S3-Ambernath Lake,19.18251,73.1923,130.686,-1117,4.14325,203.33127,27.75,30-08-2025 12:37,5,29.2,106140.1094,28.4,258.5
S3-Ambernath Lake,19.182517,73.192602,130.686,-1084,4.43844,199.59708,27.75,30-08-2025 12:38,5,29.2,106154.2656,28.4,258.5
S3-Ambernath Lake,19.1825,73.1924,130.686,-1071,4.21505,197.72807,27.75,30-08-2025 12:38,5,29.2,106097.6562,28.4,258.5
S3-Ambernath Lake,19.18251,73.1923,130.686,-1057,4.22569,197.72807,27.75,30-08-2025 12:38,5,29.2,105984.4297,28.4,258.6
S3-Ambernath Lake,19.182517,73.192602,130.686,-1045,4.56609,197.72807,27.75,30-08-2025 12:39,5,29.2,105920.75,28.4,258.5
S3-Ambernath Lake,19.1825,73.1924,130.686,-1055,4.27888,197.46097,27.75,30-08-2025 12:39,5,29.2,105747.4297,28.5,258.8
S3-Ambernath Lake,19.18251,73.1923,130.686,-1046,4.44376,197.06024,27.8125,30-08-2025 12:39,5,29.2,105644.8516,28.5,258.8
S3-Ambernath Lake,19.182517,73.192602,130.686,-1046,4.27356,195.51097,27.8125,30-08-2025 12:40,5,29.2,105680.2188,28.5,258.8
S3-Ambernath Lake,19.1825,73.1924,130.686,-1063,4.29484,196.71225,27.8125,30-08-2025 12:40,5,29.2,105704.9766,28.5,258.8
S3-Ambernath Lake,19.18251,73.1923,130.686,-1065,4.53418,195.24393,27.8125,30-08-2025 12:40,5,29.2,105726.2031,28.5,258.8
S3-Ambernath Lake,19.182517,73.192602,130.686,-1064,4.29749,196.71225,27.8125,30-08-2025 12:41,5,29.3,105450.3516,28.5,258.8
S3-Ambernath Lake,19.1825,73.1924,130.686,-1058,4.21505,198.44644,27.8125,30-08-2025 12:41,5,29.3,105422.0703,28.5,258.7
S3-Ambernath Lake,19.18251,73.1923,130.686,-1042,4.55545,196.71225,27.8125,30-08-2025 12:41,5,29.3,105390.2422,28.5,258.7
S3-Ambernath Lake,19.182517,73.192602,130.686,-1038,4.66448,196.57881,27.875,30-08-2025 12:42,5,29.3,105315.9922,28.5,258.7
S3-Ambernath Lake,19.1825,73.1924,130.686,-1052,4.41982,195.29837,27.8125,30-08-2025 12:42,5,29.3,105453.8906,28.5,258.7
S3-Ambernath Lake,19.18251,73.1923,130.686,-1043,4.73097,195.51097,27.8125,30-08-2025 12:42,5,29.3,105528.1484,28.5,258.7
S3-Ambernath Lake,19.182517,73.192602,130.686,-1031,4.66714,195.51097,27.875,30-08-2025 12:43,5,29.3,105524.6094,28.5,258.7
S3-Ambernath Lake,19.1825,73.1924,130.686,-1046,4.66714,192.49608,27.875,30-08-2025 12:43,5,29.3,105397.3203,28.5,258.7
S3-Ambernath Lake,19.18251,73.1923,130.686,-1046,4.46769,192.49608,27.875,30-08-2025 12:43,5,29.3,105369.0234,28.5,258.6
S3-Ambernath Lake,19.182517,73.192602,130.686,-1037,4.72299,190.75961,27.875,30-08-2025 12:44,5,29.3,105411.4609,28.5,258.6
S3-Ambernath Lake,19.1825,73.1924,130.686,-1044,4.48897,190.75961,27.875,30-08-2025 12:44,5,29.3,105361.9609,28.5,258.6
S3-Ambernath Lake,19.18251,73.1923,130.686,-1035,4.46503,190.35872,27.875,30-08-2025 12:44,5,29.3,105255.8906,28.5,258.5
S3-Ambernath Lake,19.182517,73.192602,130.686,-1042,4.38259,189.42296,27.9375,30-08-2025 12:45,5,29.3,105171.0469,28.6,259
S3-Ambernath Lake,19.1825,73.1924,130.686,-1048,4.69905,188.28212,27.875,30-08-2025 12:45,5,29.3,105114.4844,28.6,258.9
S3-Ambernath Lake,19.18251,73.1923,130.686,-1025,4.77884,187.55023,27.875,30-08-2025 12:45,5,29.3,105128.625,28.6,259
S3-Ambernath Lake,19.182517,73.192602,130.686,-1021,4.55279,187.55023,27.875,30-08-2025 12:46,5,29.3,105022.5781,28.6,259
S3-Ambernath Lake,19.1825,73.1924,130.686,-1034,4.52886,187.55023,27.9375,30-08-2025 12:46,5,29.3,105015.5156,28.6,259
S3-Ambernath Lake,19.18251,73.1923,130.686,-1011,4.59534,186.1431,27.9375,30-08-2025 12:46,5,29.3,105036.7188,28.6,259
S3-Ambernath Lake,19.182517,73.192602,130.686,-1013,4.81341,186.1431,27.9375,30-08-2025 12:47,5,29.3,105068.5312,28.6,258.9
S3-Ambernath Lake,19.1825,73.1924,130.686,-1030,4.55279,184.67119,27.9375,30-08-2025 12:47,5,29.3,105029.6484,28.6,259
S3-Ambernath Lake,19.18251,73.1923,130.686,-1027,4.64587,182.7963,27.9375,30-08-2025 12:47,5,29.3,105026.1172,28.6,258.9
S3-Ambernath Lake,19.182517,73.192602,130.686,-1025,4.64321,182.7963,27.9375,30-08-2025 12:48,5,29.4,104817.6016,28.6,258.9
S3-Ambernath Lake,19.1825,73.1924,130.686,-1024,4.81075,184.67119,27.9375,30-08-2025 12:48,5,29.4,104860.0078,28.6,258.8
S3-Ambernath Lake,19.18251,73.1923,130.686,-1019,4.84532,186.81177,27.9375,30-08-2025 12:48,5,29.4,104860.0078,28.6,258.8
S3-Ambernath Lake,19.182517,73.192602,130.686,-1010,4.97829,184.00179,28,30-08-2025 12:49,5,29.4,104817.6016,28.6,258.8
S3-Ambernath Lake,19.1825,73.1924,109.347,-1002,4.94106,183.8022,28,30-08-2025 12:49,5,29.4,104828.2031,28.6,258.8
S3-Ambernath Lake,19.18251,73.1923,109.347,-1019,4.97297,183.8022,28,30-08-2025 12:49,5,29.4,104824.6719,28.6,258.8
S3-Ambernath Lake,19.182517,73.192602,109.347,-1035,4.97297,186.2084,28,30-08-2025 12:50,5,29.4,104824.6719,28.6,258.7
S3-Ambernath Lake,19.1825,73.1924,109.347,-1024,4.93574,183.8022,28,30-08-2025 12:50,5,29.4,104775.1953,28.6,258.8
S3-Ambernath Lake,19.18251,73.1923,109.347,-1006,4.64055,182.99948,28,30-08-2025 12:50,5,29.4,104732.7891,28.6,258.8
S3-Ambernath Lake,19.182517,73.192602,109.347,-985,4.76022,180.05328,28,30-08-2025 12:51,5,29.4,104736.3281,28.6,258.7
S3-Ambernath Lake,19.1825,73.1924,109.347,-1004,4.93574,180.05328,28,30-08-2025 12:51,5,29.4,104683.3203,28.6,258.8
S3-Ambernath Lake,19.18251,73.1923,109.347,-1018,4.76022,179.65115,28.0625,30-08-2025 12:52,5,29.4,104669.1875,28.6,258.7
S3-Ambernath Lake,19.182517,73.192602,109.347,-1001,4.98626,181.59776,28,30-08-2025 12:52,5,28.7,108598.6797,28,259.5
S3-Ambernath Lake,19.1825,73.1924,109.347,-996,4.94637,180.45531,28,30-08-2025 12:52,5,28.7,108524.2031,28,259.5
S3-Ambernath Lake,19.18251,73.1923,109.347,-1000,5.00488,180.9912,28.0625,30-08-2025 12:53,5,28.7,108485.1875,28,259.5
S3-Ambernath Lake,19.182517,73.192602,109.347,-996,4.81341,177.98283,28.0625,30-08-2025 12:53,5,28.7,108442.625,28,259.5
S3-Ambernath Lake,19.1825,73.1924,109.347,-982,4.83468,180.79506,28.0625,30-08-2025 12:53,5,28.7,108389.4375,28,259.5
S3-Ambernath Lake,19.18251,73.1923,109.347,-985,4.98095,180.79506,28.0625,30-08-2025 12:54,5,28.7,108318.5234,28,259.4
S3-Ambernath Lake,19.182517,73.192602,109.347,-996,4.98626,177.98283,28.0625,30-08-2025 12:54,5,28.7,108311.4297,28,259.4
S3-Ambernath Lake,19.1825,73.1924,109.347,-988,5.01818,177.98283,28.0625,30-08-2025 12:54,5,28.7,108421.3594,28,259.4
S3-Ambernath Lake,19.18251,73.1923,109.347,-980,4.98626,175.03191,28.0625,30-08-2025 12:55,5,28.7,108527.7422,28.1,259.7
S3-Ambernath Lake,19.182517,73.192602,109.347,-981,5.05009,174.09189,28.0625,30-08-2025 12:55,5,28.7,108499.3672,28.1,259.7
S3-Ambernath Lake,19.1825,73.1924,109.347,-985,4.87989,173.68887,28.125,30-08-2025 12:55,5,28.7,108297.2422,28.1,259.6
S3-Ambernath Lake,19.18251,73.1923,109.347,-976,4.81341,176.58484,28.125,30-08-2025 12:56,5,28.7,108205.0625,28.1,259.6
S3-Ambernath Lake,19.182517,73.192602,109.347,-961,5.02615,173.50076,28.125,30-08-2025 12:56,5,28.7,108119.9688,28.1,259.5
S3-Ambernath Lake,19.1825,73.1924,109.347,-953,4.89585,170.81432,28.125,30-08-2025 12:56,5,28.7,107995.8906,28.1,259.5
S3-Ambernath Lake,19.18251,73.1923,109.347,-950,5.18305,173.50076,28.125,30-08-2025 12:57,5,28.8,107648.5703,28.1,259.4
S3-Ambernath Lake,19.182517,73.192602,109.347,-942,4.68044,175.91486,28.125,30-08-2025 12:57,5,28.8,107630.8594,28.1,259.5
S3-Ambernath Lake,19.1825,73.1924,109.347,-945,4.85596,175.91486,28.125,30-08-2025 12:57,5,28.7,108013.625,28.1,259.4
S3-Ambernath Lake,19.18251,73.1923,109.347,-933,4.80809,175.91486,28.125,30-08-2025 12:58,5,28.8,107797.4141,28.1,259.4
S3-Ambernath Lake,19.182517,73.192602,109.347,-957,4.90914,173.63498,28.125,30-08-2025 12:58,5,28.7,108095.1562,28.1,259.4
S3-Ambernath Lake,19.1825,73.1924,0,0,6.28136,0,28,30-08-2025 13:27,0,28.8,107747.7891,28.1,259.3
S3-Ambernath Lake,19.18251,73.1923,0,-2819,6.55262,0,28.5,30-08-2025 13:27,0,28.8,107758.4297,28.1,259.3
S3-Ambernath Lake,19.182517,73.192602,0,-3205,6.1936,0,28.5,30-08-2025 13:27,0,28.8,107765.5156,28.1,259.3
S3-Ambernath Lake,19.1825,73.1924,0,-2810,6.05798,0,28.5,30-08-2025 13:28,0,28.8,107822.2266,28.1,259.2
S3-Ambernath Lake,19.18251,73.1923,0,-2556,6.26275,0,28.5,30-08-2025 13:28,0,28.8,107995.8906,28.2,259.5
S3-Ambernath Lake,19.182517,73.192602,0,-2433,6.00479,0,28.5,30-08-2025 13:28,0,28.8,108173.1562,28.2,259.4
S3-Ambernath Lake,19.1825,73.1924,0,-2361,6.04734,0,28.5625,30-08-2025 13:29,0,28.8,108130.6016,28.2,259.4
S3-Ambernath Lake,19.18251,73.1923,0,-2252,6.24945,0,28.5,30-08-2025 13:29,0,28.8,108056.1641,28.2,259.4
S3-Ambernath Lake,19.182517,73.192602,0,-2201,5.95958,0,28.5625,30-08-2025 13:29,0,28.8,107914.3672,28.2,259.4
S3-Ambernath Lake,19.1825,73.1924,0,-2176,6.14574,0,28.5,30-08-2025 13:30,0,28.8,107847.0312,28.2,259.3
S3-Ambernath Lake,19.18251,73.1923,0,-2090,5.8798,0,28.5625,30-08-2025 13:30,0,28.8,107744.25,28.2,259.3
S3-Ambernath Lake,19.182517,73.192602,0,-1983,5.81598,0,28.5625,30-08-2025 13:31,0,28.9,107503.2969,28.2,259.3
S3-Ambernath Lake,19.1825,73.1924,0,-1914,6.08191,0,28.5625,30-08-2025 13:31,0,28.9,107513.9219,28.2,259.3
S3-Ambernath Lake,19.18251,73.1923,0,-1844,5.98352,0,28.5625,30-08-2025 13:31,0,28.9,107439.5234,28.2,259.3
S3-Ambernath Lake,19.182517,73.192602,0,-1799,6.00745,0,28.5625,30-08-2025 13:32,0,28.9,107290.7344,28.2,259.4
S3-Ambernath Lake,19.1825,73.1924,54.64,-1747,5.94363,600.37329,28.5625,30-08-2025 13:32,0,28.9,107280.1094,28.2,259.3
S3-Ambernath Lake,19.18251,73.1923,109.347,-1680,5.70694,2055.55859,28.5625,30-08-2025 13:32,0,28.9,107297.8203,28.2,259.3
S3-Ambernath Lake,19.182517,73.192602,109.347,-1619,5.99681,2055.55859,28.5625,30-08-2025 13:33,0,28.9,107375.7578,28.2,259.3
S3-Ambernath Lake,19.1825,73.1924,109.347,-1590,7.78123,2055.55859,28.5625,30-08-2025 13:33,0,28.9,107411.1797,28.2,259.3
S3-Ambernath Lake,19.18251,73.1923,109.347,-1542,8.08174,2055.55859,28.5625,30-08-2025 13:33,0,28.9,107404.0938,28.2,259.3
S3-Ambernath Lake,19.182517,73.192602,109.347,-1489,8.33171,2055.55859,28.5625,30-08-2025 13:34,0,28.9,107464.3203,28.2,259.3
S3-Ambernath Lake,19.1825,73.1924,109.347,-1467,8.23066,2055.55859,28.5625,30-08-2025 13:34,0,28.9,107567.0781,28.2,259.1
S3-Ambernath Lake,19.18251,73.1923,0,0,1.60358,0,28,30-08-2025 12:03,5,28.9,107666.2891,28.2,259.1
S3-Ambernath Lake,19.182517,73.192602,0,-1279,1.8509,0,27.4375,30-08-2025 12:03,5,28.9,107623.7656,28.2,259.1
S3-Ambernath Lake,19.1825,73.1924,0,-2352,1.74453,0,27.4375,30-08-2025 12:04,5,28.9,107457.2344,28.2,259.2
S3-Ambernath Lake,19.18251,73.1923,0,-1924,2.178,0,27.4375,30-08-2025 12:04,5,28.9,107432.4375,28.2,259
S3-Ambernath Lake,19.182517,73.192602,0,-1698,2.31097,0,27.4375,30-08-2025 12:04,5,28.9,107450.1484,28.2,259
S3-Ambernath Lake,19.1825,73.1924,0,-1488,2.12215,0,27.4375,30-08-2025 12:05,5,28.9,107464.3203,28.2,259
S3-Ambernath Lake,19.18251,73.1923,0,-1344,2.38543,0,27.5,30-08-2025 12:05,5,28.9,107435.9766,28.2,258.9
S3-Ambernath Lake,19.182517,73.192602,0,-1252,2.57158,0,27.4375,30-08-2025 12:05,5,28.9,107333.2344,28.3,259.3
S3-Ambernath Lake,19.1825,73.1924,0,-1178,2.3482,0,27.5,30-08-2025 12:06,5,28.9,107350.9609,28.2,258.8
S3-Ambernath Lake,19.18251,73.1923,0,-1118,2.60615,0,27.4375,30-08-2025 12:06,5,28.9,107361.5781,28.2,259
S3-Ambernath Lake,19.182517,73.192602,0,-1073,2.27374,0,27.4375,30-08-2025 12:07,5,29,107106.5469,28.3,259.2
S3-Ambernath Lake,19.1825,73.1924,0,-1027,2.33756,0,27.4375,30-08-2025 12:07,5,29,107014.4688,28.3,259.2
S3-Ambernath Lake,19.18251,73.1923,0,-977,2.69923,0,27.4375,30-08-2025 12:07,5,29,106993.2188,28.3,259.2
S3-Ambernath Lake,19.182517,73.192602,0,-958,2.36681,0,27.4375,30-08-2025 12:08,5,29,106950.7266,28.3,259.2
S3-Ambernath Lake,19.1825,73.1924,0,-982,2.43596,0,27.5,30-08-2025 12:08,5,29,106961.3516,28.3,259.1
S3-Ambernath Lake,19.18251,73.1923,65.303,-1014,2.59552,167.92297,27.4375,30-08-2025 12:08,5,29,106971.9688,28.3,259.1
S3-Ambernath Lake,19.182517,73.192602,130.686,-1051,2.59818,327.77731,27.5,30-08-2025 12:09,5,29,107071.1328,28.3,259.1
S3-Ambernath Lake,19.1825,73.1924,130.686,-1093,2.63541,327.39569,27.5,30-08-2025 12:09,5,29,107053.4219,28.3,259.1
S3-Ambernath Lake,19.18251,73.1923,130.686,-1113,2.61413,333.89563,27.5,30-08-2025 12:09,5,29,107056.9688,28.3,259.1
S3-Ambernath Lake,19.182517,73.192602,130.686,-1120,2.89336,333.89563,27.5,30-08-2025 12:10,5,29,106975.5156,28.3,259
S3-Ambernath Lake,19.1825,73.1924,130.686,-1102,2.88804,333.89563,27.5,30-08-2025 12:10,5,29,106947.1797,28.3,259
S3-Ambernath Lake,19.18251,73.1923,130.686,-1083,2.72051,333.89563,27.5,30-08-2025 12:10,5,29,106784.3047,28.3,259
S3-Ambernath Lake,19.182517,73.192602,130.686,-1072,2.75242,333.89563,27.5,30-08-2025 12:11,5,29.1,106458.6172,28.3,259
S3-Ambernath Lake,19.1825,73.1924,130.686,-1050,2.68859,333.89563,27.5,30-08-2025 12:11,5,29.1,106398.4453,28.4,259.3
S3-Ambernath Lake,19.18251,73.1923,130.686,-1043,3.05558,333.89563,27.5,30-08-2025 12:11,5,29.1,106426.7656,28.4,259.3
S3-Ambernath Lake,19.182517,73.192602,130.686,-1849,4.27356,334.45041,27.5,30-08-2025 12:12,0,29.1,106430.2969,28.4,259.1
S3-Ambernath Lake,19.1825,73.1924,130.686,-2726,4.27356,335.69958,27.5,30-08-2025 12:12,0,29.1,106423.2188,28.4,259.1
S3-Ambernath Lake,19.18251,73.1923,130.686,-2575,4.26292,339.3157,27.5,30-08-2025 12:13,0,29.1,106334.7344,28.4,259.1
S3-Ambernath Lake,19.182517,73.192602,130.686,-2429,4.40121,343.64206,27.5,30-08-2025 12:13,0,29.1,106352.4375,28.4,259
S3-Ambernath Lake,19.1825,73.1924,130.686,-2426,4.72831,346.16177,27.5,30-08-2025 12:14,0,29.1,106405.5234,28.4,259.1
S3-Ambernath Lake,19.18251,73.1923,130.686,-2568,2.98112,346.16177,27.5,30-08-2025 12:16,5,29.1,106377.2109,28.4,259
S3-Ambernath Lake,19.182517,73.192602,130.686,-1915,3.3029,346.16177,27.5,30-08-2025 12:17,5,29.1,106327.6562,28.4,259
S3-Ambernath Lake,19.1825,73.1924,130.686,-1701,3.26833,343.64206,27.5,30-08-2025 12:17,5,29.1,106320.5859,28.4,258.9
S3-Ambernath Lake,19.18251,73.1923,130.686,-1264,3.10345,340.15176,27.5,30-08-2025 12:18,5,29.1,106334.7344,28.4,259
S3-Ambernath Lake,19.182517,73.192602,130.686,-1076,3.08749,335.97733,27.5,30-08-2025 12:18,5,29.1,106359.5078,28.4,259
S3-Ambernath Lake,19.1825,73.1924,130.686,-1090,3.36938,335.97733,27.5,30-08-2025 12:18,5,29.1,106239.1875,28.4,258.9
S3-Ambernath Lake,19.18251,73.1923,130.686,-1088,3.09547,330.01926,27.5,30-08-2025 12:19,5,29.1,106278.1172,28.4,258.9
S3-Ambernath Lake,19.182517,73.192602,130.686,-1082,3.17259,330.01926,27.5,30-08-2025 12:19,5,29.1,106239.1875,28.4,258.9
S3-Ambernath Lake,19.1825,73.1924,130.686,-1087,3.41459,322.85159,27.5,30-08-2025 12:20,5,29.1,106253.3438,28.4,258.8
S3-Ambernath Lake,19.18251,73.1923,130.686,-1090,3.16993,311.07925,27.5,30-08-2025 12:20,5,29.1,106348.8984,28.4,258.8
S3-Ambernath Lake,19.182517,73.192602,130.686,-1102,3.18589,308.89932,27.5,30-08-2025 12:20,5,29.1,106355.9766,28.4,258.7
S3-Ambernath Lake,19.1825,73.1924,130.686,-1107,3.42257,301.15729,27.5,30-08-2025 12:21,5,29.1,106327.6562,28.4,258.7
S3-Ambernath Lake,19.18251,73.1923,130.686,-1083,3.53958,283.48605,27.5625,30-08-2025 12:21,5,29.1,106196.7266,28.4,258.7
S3-Ambernath Lake,19.182517,73.192602,130.686,-1081,3.40662,274.32736,27.5,30-08-2025 12:21,5,29.2,105980.8984,28.4,258.7
S3-Ambernath Lake,19.1825,73.1924,130.686,-1098,3.31886,260.87164,27.5,30-08-2025 12:22,5,29.2,106009.2031,28.4,258.7
S3-Ambernath Lake,19.18251,73.1923,130.686,-1108,3.60341,250.06602,27.5,30-08-2025 12:22,5,29.2,106048.1094,28.4,258.7
S3-Ambernath Lake,19.182517,73.192602,130.686,-1113,3.59809,247.41373,27.5625,30-08-2025 12:23,5,29.2,105984.4297,28.4,258.6
S3-Ambernath Lake,19.1825,73.1924,130.686,-1119,3.63266,244.87971,27.5,30-08-2025 12:23,5,29.2,106062.2656,28.4,258.7
S3-Ambernath Lake,19.18251,73.1923,130.686,-1110,3.43853,243.81941,27.5625,30-08-2025 12:23,5,29.2,106140.1094,28.4,258.5
S3-Ambernath Lake,19.182517,73.192602,130.686,-1098,3.63532,243.15137,27.5,30-08-2025 12:24,5,29.2,106154.2656,28.4,258.5
S3-Ambernath Lake,19.1825,73.1924,130.686,-1104,3.71776,243.0208,27.5625,30-08-2025 12:24,5,29.2,106097.6562,28.4,258.5
S3-Ambernath Lake,19.18251,73.1923,130.686,-1118,3.43853,242.22073,27.5625,30-08-2025 12:24,5,29.2,105984.4297,28.4,258.6
S3-Ambernath Lake,19.182517,73.192602,130.686,-1091,3.44651,240.22664,27.5625,30-08-2025 12:25,5,29.2,105920.75,28.4,258.5
S3-Ambernath Lake,19.1825,73.1924,130.686,-1083,3.52629,238.09967,27.5625,30-08-2025 12:25,5,29.2,105747.4297,28.5,258.8
S3-Ambernath Lake,19.18251,73.1923,130.686,-1097,3.93317,236.77028,27.5,30-08-2025 12:25,5,29.2,105644.8516,28.5,258.8
S3-Ambernath Lake,19.182517,73.192602,130.686,-1102,3.4013,235.4342,27.5625,30-08-2025 12:26,5,29.2,105680.2188,28.5,258.8
S3-Ambernath Lake,19.1825,73.1924,130.686,-1115,3.59543,234.11136,27.5,30-08-2025 12:26,5,29.2,105704.9766,28.5,258.8
S3-Ambernath Lake,19.18251,73.1923,130.686,-1107,3.7869,233.17133,27.5625,30-08-2025 12:26,5,29.2,105726.2031,28.5,258.8
S3-Ambernath Lake,19.182517,73.192602,130.686,-1103,3.65127,231.85103,27.5625,30-08-2025 12:27,5,29.3,105450.3516,28.5,258.8
S3-Ambernath Lake,19.1825,73.1924,130.686,-1105,3.69116,231.4521,27.5625,30-08-2025 12:27,5,29.3,105422.0703,28.5,258.7
S3-Ambernath Lake,19.18251,73.1923,130.686,-1125,3.86668,230.38826,27.5625,30-08-2025 12:27,5,29.3,105390.2422,28.5,258.7
S3-Ambernath Lake,19.182517,73.192602,130.686,-1119,4.01295,227.99425,27.5625,30-08-2025 12:28,5,29.3,105315.9922,28.5,258.7
S3-Ambernath Lake,19.1825,73.1924,130.686,-1094,3.72042,226.13182,27.5625,30-08-2025 12:28,5,29.3,105453.8906,28.5,258.7
S3-Ambernath Lake,19.18251,73.1923,130.686,-1140,3.98635,227.72823,27.5625,30-08-2025 12:28,5,29.3,105528.1484,28.5,258.7
S3-Ambernath Lake,19.182517,73.192602,130.686,-1144,3.70978,227.72823,27.5625,30-08-2025 12:29,5,29.3,105524.6094,28.5,258.7
S3-Ambernath Lake,19.1825,73.1924,130.686,-1128,3.81615,225.86572,27.5625,30-08-2025 12:29,5,29.3,105397.3203,28.5,258.7
S3-Ambernath Lake,19.18251,73.1923,130.686,-1143,4.0422,224.40205,27.5,30-08-2025 12:29,5,29.3,105369.0234,28.5,258.6
S3-Ambernath Lake,19.182517,73.192602,130.686,-1161,4.07943,222.78323,27.5625,30-08-2025 12:30,5,29.3,105411.4609,28.5,258.6
S3-Ambernath Lake,19.1825,73.1924,130.686,-1150,3.84275,222.53871,27.5625,30-08-2025 12:30,5,29.3,105361.9609,28.5,258.6
S3-Ambernath Lake,19.18251,73.1923,130.686,-1153,4.0422,221.34059,27.5625,30-08-2025 12:30,5,29.3,105255.8906,28.5,258.5
S3-Ambernath Lake,19.182517,73.192602,130.686,-1159,3.8853,220.40854,27.625,30-08-2025 12:31,5,29.3,105171.0469,28.6,259
S3-Ambernath Lake,19.1825,73.1924,130.686,-1172,3.86136,218.96983,27.5625,30-08-2025 12:31,5,29.3,105114.4844,28.6,258.9
S3-Ambernath Lake,19.18251,73.1923,130.686,-1182,4.25495,215.21262,27.625,30-08-2025 12:31,5,29.3,105128.625,28.6,259
S3-Ambernath Lake,19.182517,73.192602,130.686,-1185,4.21505,216.30833,27.625,30-08-2025 12:32,5,29.3,105022.5781,28.6,259
S3-Ambernath Lake,19.1825,73.1924,130.686,-1173,3.95444,212.4464,27.625,30-08-2025 12:32,5,29.3,105015.5156,28.6,259
S3-Ambernath Lake,19.18251,73.1923,130.686,-1169,4.22037,212.4464,27.625,30-08-2025 12:32,5,29.3,105036.7188,28.6,259
S3-Ambernath Lake,19.182517,73.192602,130.686,-1164,4.27356,209.64748,27.6875,30-08-2025 12:33,5,29.3,105068.5312,28.6,258.9
S3-Ambernath Lake,19.1825,73.1924,130.686,-1161,3.97571,209.41844,27.6875,30-08-2025 12:33,5,29.3,105029.6484,28.6,259
S3-Ambernath Lake,19.18251,73.1923,130.686,-1163,4.21505,209.15207,27.6875,30-08-2025 12:33,5,29.3,105026.1172,28.6,258.9
S3-Ambernath Lake,19.182517,73.192602,130.686,-1166,4.0156,208.35283,27.75,30-08-2025 12:34,5,29.4,104817.6016,28.6,258.9
S3-Ambernath Lake,19.1825,73.1924,130.686,-1148,4.04752,207.99243,27.6875,30-08-2025 12:34,5,29.4,104860.0078,28.6,258.8
S3-Ambernath Lake,19.18251,73.1923,130.686,-1116,4.01295,208.35283,27.6875,30-08-2025 12:35,5,29.4,104860.0078,28.6,258.8
S3-Ambernath Lake,19.182517,73.192602,130.686,-1113,4.33473,209.15207,27.6875,30-08-2025 12:35,5,29.4,104817.6016,28.6,258.8
S3-Ambernath Lake,19.1825,73.1924,130.686,-1116,4.30015,208.35283,27.75,30-08-2025 12:35,5,29.4,104828.2031,28.6,258.8
S3-Ambernath Lake,19.18251,73.1923,130.686,-1110,4.0422,208.12553,27.75,30-08-2025 12:36,5,29.4,104824.6719,28.6,258.8
S3-Ambernath Lake,19.182517,73.192602,130.686,-1114,4.3693,208.12553,27.75,30-08-2025 12:36,5,29.4,104824.6719,28.6,258.7
S3-Ambernath Lake,19.1825,73.1924,130.686,-1109,4.356,207.99243,27.75,30-08-2025 12:36,5,29.4,104775.1953,28.6,258.8
S3-Ambernath Lake,19.18251,73.1923,130.686,-1101,4.37993,207.4601,27.75,30-08-2025 12:37,5,29.4,104732.7891,28.6,258.8
S3-Ambernath Lake,19.182517,73.192602,130.686,-1116,4.07145,207.4601,27.75,30-08-2025 12:37,5,29.4,104736.3281,28.6,258.7
S3-Ambernath Lake,19.1825,73.1924,130.686,-1117,4.14325,203.33127,27.75,30-08-2025 12:37,5,29.4,104683.3203,28.6,258.8
S3-Ambernath Lake,19.18251,73.1923,130.686,-1084,4.43844,199.59708,27.75,30-08-2025 12:38,5,29.4,104669.1875,28.6,258.7
S3-Ambernath Lake,19.182517,73.192602,130.686,-1071,4.21505,197.72807,27.75,30-08-2025 12:38,5,28.7,108598.6797,28,259.5
S3-Ambernath Lake,19.1825,73.1924,130.686,-1057,4.22569,197.72807,27.75,30-08-2025 12:38,5,28.7,108524.2031,28,259.5
S3-Ambernath Lake,19.18251,73.1923,130.686,-1045,4.56609,197.72807,27.75,30-08-2025 12:39,5,28.7,108485.1875,28,259.5
S3-Ambernath Lake,19.182517,73.192602,130.686,-1055,4.27888,197.46097,27.75,30-08-2025 12:39,5,28.7,108442.625,28,259.5
S3-Ambernath Lake,19.1825,73.1924,130.686,-1046,4.44376,197.06024,27.8125,30-08-2025 12:39,5,28.7,108389.4375,28,259.5
S3-Ambernath Lake,19.18251,73.1923,130.686,-1046,4.27356,195.51097,27.8125,30-08-2025 12:40,5,28.7,108318.5234,28,259.4
S3-Ambernath Lake,19.182517,73.192602,130.686,-1063,4.29484,196.71225,27.8125,30-08-2025 12:40,5,28.7,108311.4297,28,259.4
S3-Ambernath Lake,19.1825,73.1924,130.686,-1065,4.53418,195.24393,27.8125,30-08-2025 12:40,5,28.7,108421.3594,28,259.4
S3-Ambernath Lake,19.18251,73.1923,130.686,-1064,4.29749,196.71225,27.8125,30-08-2025 12:41,5,28.7,108527.7422,28.1,259.7
S3-Ambernath Lake,19.182517,73.192602,130.686,-1058,4.21505,198.44644,27.8125,30-08-2025 12:41,5,28.7,108499.3672,28.1,259.7
S3-Ambernath Lake,19.1825,73.1924,130.686,-1042,4.55545,196.71225,27.8125,30-08-2025 12:41,5,28.7,108297.2422,28.1,259.6
S3-Ambernath Lake,19.18251,73.1923,130.686,-1038,4.66448,196.57881,27.875,30-08-2025 12:42,5,28.7,108205.0625,28.1,259.6
S3-Ambernath Lake,19.182517,73.192602,130.686,-1052,4.41982,195.29837,27.8125,30-08-2025 12:42,5,28.7,108119.9688,28.1,259.5
S3-Ambernath Lake,19.1825,73.1924,130.686,-1043,4.73097,195.51097,27.8125,30-08-2025 12:42,5,28.7,107995.8906,28.1,259.5
S3-Ambernath Lake,19.18251,73.1923,130.686,-1031,4.66714,195.51097,27.875,30-08-2025 12:43,5,28.8,107648.5703,28.1,259.4
S3-Ambernath Lake,19.182517,73.192602,130.686,-1046,4.66714,192.49608,27.875,30-08-2025 12:43,5,28.8,107630.8594,28.1,259.5
S3-Ambernath Lake,19.1825,73.1924,130.686,-1046,4.46769,192.49608,27.875,30-08-2025 12:43,5,28.7,108013.625,28.1,259.4
S3-Ambernath Lake,19.18251,73.1923,130.686,-1037,4.72299,190.75961,27.875,30-08-2025 12:44,5,28.8,107797.4141,28.1,259.4
S3-Ambernath Lake,19.182517,73.192602,130.686,-1044,4.48897,190.75961,27.875,30-08-2025 12:44,5,28.7,108095.1562,28.1,259.4
S3-Ambernath Lake,19.1825,73.1924,130.686,-1035,4.46503,190.35872,27.875,30-08-2025 12:44,5,28.8,107747.7891,28.1,259.3
S3-Ambernath Lake,19.18251,73.1923,130.686,-1042,4.38259,189.42296,27.9375,30-08-2025 12:45,5,28.8,107758.4297,28.1,259.3
S3-Ambernath Lake,19.182517,73.192602,130.686,-1048,4.69905,188.28212,27.875,30-08-2025 12:45,5,28.8,107765.5156,28.1,259.3
S3-Ambernath Lake,19.1825,73.1924,130.686,-1025,4.77884,187.55023,27.875,30-08-2025 12:45,5,28.8,107822.2266,28.1,259.2
S3-Ambernath Lake,19.18251,73.1923,130.686,-1021,4.55279,187.55023,27.875,30-08-2025 12:46,5,28.8,107995.8906,28.2,259.5
S3-Ambernath Lake,19.182517,73.192602,130.686,-1034,4.52886,187.55023,27.9375,30-08-2025 12:46,5,28.8,108173.1562,28.2,259.4
S3-Ambernath Lake,19.1825,73.1924,130.686,-1011,4.59534,186.1431,27.9375,30-08-2025 12:46,5,28.8,108130.6016,28.2,259.4
S3-Ambernath Lake,19.18251,73.1923,130.686,-1013,4.81341,186.1431,27.9375,30-08-2025 12:47,5,28.8,108056.1641,28.2,259.4
S3-Ambernath Lake,19.182517,73.192602,130.686,-1030,4.55279,184.67119,27.9375,30-08-2025 12:47,5,28.8,107914.3672,28.2,259.4
S3-Ambernath Lake,19.1825,73.1924,130.686,-1027,4.64587,182.7963,27.9375,30-08-2025 12:47,5,28.8,107847.0312,28.2,259.3
S3-Ambernath Lake,19.18251,73.1923,130.686,-1025,4.64321,182.7963,27.9375,30-08-2025 12:48,5,28.8,107744.25,28.2,259.3
S3-Ambernath Lake,19.182517,73.192602,130.686,-1024,4.81075,184.67119,27.9375,30-08-2025 12:48,5,28.9,107503.2969,28.2,259.3
S3-Ambernath Lake,19.1825,73.1924,130.686,-1019,4.84532,186.81177,27.9375,30-08-2025 12:48,5,28.9,107513.9219,28.2,259.3
S3-Ambernath Lake,19.18251,73.1923,130.686,-1010,4.97829,184.00179,28,30-08-2025 12:49,5,28.9,107439.5234,28.2,259.3
S3-Ambernath Lake,19.182517,73.192602,109.347,-1002,4.94106,183.8022,28,30-08-2025 12:49,5,28.9,107290.7344,28.2,259.4
S3-Ambernath Lake,19.1825,73.1924,109.347,-1019,4.97297,183.8022,28,30-08-2025 12:49,5,28.9,107280.1094,28.2,259.3
S3-Ambernath Lake,19.18251,73.1923,109.347,-1035,4.97297,186.2084,28,30-08-2025 12:50,5,28.9,107297.8203,28.2,259.3
S3-Ambernath Lake,19.182517,73.192602,109.347,-1024,4.93574,183.8022,28,30-08-2025 12:50,5,28.9,107375.7578,28.2,259.3
S3-Ambernath Lake,19.1825,73.1924,109.347,-1006,4.64055,182.99948,28,30-08-2025 12:50,5,28.9,107411.1797,28.2,259.3
S3-Ambernath Lake,19.18251,73.1923,109.347,-985,4.76022,180.05328,28,30-08-2025 12:51,5,28.9,107404.0938,28.2,259.3
S3-Ambernath Lake,19.182517,73.192602,109.347,-1004,4.93574,180.05328,28,30-08-2025 12:51,5,28.9,107464.3203,28.2,259.3
S3-Ambernath Lake,19.1825,73.1924,109.347,-1018,4.76022,179.65115,28.0625,30-08-2025 12:52,5,28.9,107567.0781,28.2,259.1
S3-Ambernath Lake,19.18251,73.1923,109.347,-1001,4.98626,181.59776,28,30-08-2025 12:52,5,28.9,107666.2891,28.2,259.1
S3-Ambernath Lake,19.182517,73.192602,109.347,-996,4.94637,180.45531,28,30-08-2025 12:52,5,28.9,107623.7656,28.2,259.1
S3-Ambernath Lake,19.1825,73.1924,109.347,-1000,5.00488,180.9912,28.0625,30-08-2025 12:53,5,28.9,107457.2344,28.2,259.2
S3-Ambernath Lake,19.18251,73.1923,109.347,-996,4.81341,177.98283,28.0625,30-08-2025 12:53,5,28.9,107432.4375,28.2,259
S3-Ambernath Lake,19.182517,73.192602,109.347,-982,4.83468,180.79506,28.0625,30-08-2025 12:53,5,28.9,107450.1484,28.2,259
S3-Ambernath Lake,19.1825,73.1924,109.347,-985,4.98095,180.79506,28.0625,30-08-2025 12:54,5,28.9,107464.3203,28.2,259
S3-Ambernath Lake,19.18251,73.1923,109.347,-996,4.98626,177.98283,28.0625,30-08-2025 12:54,5,28.9,107435.9766,28.2,258.9
S3-Ambernath Lake,19.182517,73.192602,109.347,-988,5.01818,177.98283,28.0625,30-08-2025 12:54,5,28.9,107333.2344,28.3,259.3
S3-Ambernath Lake,19.1825,73.1924,109.347,-980,4.98626,175.03191,28.0625,30-08-2025 12:55,5,28.9,107350.9609,28.2,258.8
S3-Ambernath Lake,19.18251,73.1923,109.347,-981,5.05009,174.09189,28.0625,30-08-2025 12:55,5,28.9,107361.5781,28.2,259
S3-Ambernath Lake,19.182517,73.192602,109.347,-985,4.87989,173.68887,28.125,30-08-2025 12:55,5,29,107106.5469,28.3,259.2
S3-Ambernath Lake,19.1825,73.1924,109.347,-976,4.81341,176.58484,28.125,30-08-2025 12:56,5,29,107014.4688,28.3,259.2
S3-Ambernath Lake,19.18251,73.1923,109.347,-961,5.02615,173.50076,28.125,30-08-2025 12:56,5,29,106993.2188,28.3,259.2
S3-Ambernath Lake,19.182517,73.192602,109.347,-953,4.89585,170.81432,28.125,30-08-2025 12:56,5,29,106950.7266,28.3,259.2
S3-Ambernath Lake,19.1825,73.1924,109.347,-950,5.18305,173.50076,28.125,30-08-2025 12:57,5,29,106961.3516,28.3,259.1
S3-Ambernath Lake,19.18251,73.1923,109.347,-942,4.68044,175.91486,28.125,30-08-2025 12:57,5,29,106971.9688,28.3,259.1
S3-Ambernath Lake,19.182517,73.192602,109.347,-945,4.85596,175.91486,28.125,30-08-2025 12:57,5,29,107071.1328,28.3,259.1
S3-Ambernath Lake,19.1825,73.1924,109.347,-933,4.80809,175.91486,28.125,30-08-2025 12:58,5,29,107053.4219,28.3,259.1
S3-Ambernath Lake,19.18251,73.1923,109.347,-957,4.90914,173.63498,28.125,30-08-2025 12:58,5,29,107056.9688,28.3,259.1
S3-Ambernath Lake,19.182517,73.192602,0,0,6.28136,0,28,30-08-2025 13:27,0,29,106975.5156,28.3,259
S3-Ambernath Lake,19.1825,73.1924,0,-2819,6.55262,0,28.5,30-08-2025 13:27,0,29,106947.1797,28.3,259
S3-Ambernath Lake,19.18251,73.1923,0,-3205,6.1936,0,28.5,30-08-2025 13:27,0,29,106784.3047,28.3,259
S3-Ambernath Lake,19.182517,73.192602,0,-2810,6.05798,0,28.5,30-08-2025 13:28,0,29.1,106458.6172,28.3,259
S3-Ambernath Lake,19.1825,73.1924,0,-2556,6.26275,0,28.5,30-08-2025 13:28,0,29.1,106398.4453,28.4,259.3
S3-Ambernath Lake,19.18251,73.1923,0,-2433,6.00479,0,28.5,30-08-2025 13:28,0,29.1,106426.7656,28.4,259.3
S3-Ambernath Lake,19.182517,73.192602,0,-2361,6.04734,0,28.5625,30-08-2025 13:29,0,29.1,106430.2969,28.4,259.1
S3-Ambernath Lake,19.1825,73.1924,0,-2252,6.24945,0,28.5,30-08-2025 13:29,0,29.1,106423.2188,28.4,259.1
S3-Ambernath Lake,19.18251,73.1923,0,-2201,5.95958,0,28.5625,30-08-2025 13:29,0,29.1,106334.7344,28.4,259.1
S3-Ambernath Lake,19.182517,73.192602,0,-2176,6.14574,0,28.5,30-08-2025 13:30,0,29.1,106352.4375,28.4,259
S3-Ambernath Lake,19.1825,73.1924,0,-2090,5.8798,0,28.5625,30-08-2025 13:30,0,29.1,106405.5234,28.4,259.1
S3-Ambernath Lake,19.18251,73.1923,0,-1983,5.81598,0,28.5625,30-08-2025 13:31,0,29.1,106377.2109,28.4,259
S3-Ambernath Lake,19.182517,73.192602,0,-1914,6.08191,0,28.5625,30-08-2025 13:31,0,29.1,106327.6562,28.4,259
S3-Ambernath Lake,19.1825,73.1924,0,-1844,5.98352,0,28.5625,30-08-2025 13:31,0,29.1,106320.5859,28.4,258.9
S3-Ambernath Lake,19.18251,73.1923,0,-1799,6.00745,0,28.5625,30-08-2025 13:32,0,29.1,106334.7344,28.4,259
S3-Ambernath Lake,19.182517,73.192602,54.64,-1747,5.94363,600.37329,28.5625,30-08-2025 13:32,0,29.1,106359.5078,28.4,259
S3-Ambernath Lake,19.1825,73.1924,109.347,-1680,5.70694,2055.55859,28.5625,30-08-2025 13:32,0,29.1,106239.1875,28.4,258.9
S3-Ambernath Lake,19.18251,73.1923,109.347,-1619,5.99681,2055.55859,28.5625,30-08-2025 13:33,0,29.1,106278.1172,28.4,258.9
S3-Ambernath Lake,19.182517,73.192602,109.347,-1590,7.78123,2055.55859,28.5625,30-08-2025 13:33,0,29.1,106239.1875,28.4,258.9
S3-Ambernath Lake,19.1825,73.1924,109.347,-1542,8.08174,2055.55859,28.5625,30-08-2025 13:33,0,29.1,106253.3438,28.4,258.8
S3-Ambernath Lake,19.18251,73.1923,109.347,-1489,8.33171,2055.55859,28.5625,30-08-2025 13:34,0,29.1,106348.8984,28.4,258.8
S3-Ambernath Lake,19.182517,73.192602,109.347,-1467,8.23066,2055.55859,28.5625,30-08-2025 13:34,0,29.1,106355.9766,28.4,258.7
S3-Ambernath Lake,19.1825,73.1924,0,0,1.60358,0,28,30-08-2025 12:03,5,29.1,106327.6562,28.4,258.7
S3-Ambernath Lake,19.18251,73.1923,0,-1279,1.8509,0,27.4375,30-08-2025 12:03,5,29.1,106196.7266,28.4,258.7
S3-Ambernath Lake,19.182517,73.192602,0,-2352,1.74453,0,27.4375,30-08-2025 12:04,5,29.2,105980.8984,28.4,258.7
S3-Ambernath Lake,19.1825,73.1924,0,-1924,2.178,0,27.4375,30-08-2025 12:04,5,29.2,106009.2031,28.4,258.7
S3-Ambernath Lake,19.18251,73.1923,0,-1698,2.31097,0,27.4375,30-08-2025 12:04,5,29.2,106048.1094,28.4,258.7
S3-Ambernath Lake,19.182517,73.192602,0,-1488,2.12215,0,27.4375,30-08-2025 12:05,5,29.2,105984.4297,28.4,258.6
S3-Ambernath Lake,19.1825,73.1924,0,-1344,2.38543,0,27.5,30-08-2025 12:05,5,29.2,106062.2656,28.4,258.7
S3-Ambernath Lake,19.18251,73.1923,0,-1252,2.57158,0,27.4375,30-08-2025 12:05,5,29.2,106140.1094,28.4,258.5
S3-Ambernath Lake,19.182517,73.192602,0,-1178,2.3482,0,27.5,30-08-2025 12:06,5,29.2,106154.2656,28.4,258.5
S3-Ambernath Lake,19.1825,73.1924,0,-1118,2.60615,0,27.4375,30-08-2025 12:06,5,29.2,106097.6562,28.4,258.5
S3-Ambernath Lake,19.18251,73.1923,0,-1073,2.27374,0,27.4375,30-08-2025 12:07,5,29.2,105984.4297,28.4,258.6
S3-Ambernath Lake,19.182517,73.192602,0,-1027,2.33756,0,27.4375,30-08-2025 12:07,5,29.2,105920.75,28.4,258.5
S3-Ambernath Lake,19.1825,73.1924,0,-977,2.69923,0,27.4375,30-08-2025 12:07,5,29.2,105747.4297,28.5,258.8
S3-Ambernath Lake,19.18251,73.1923,0,-958,2.36681,0,27.4375,30-08-2025 12:08,5,29.2,105644.8516,28.5,258.8
S3-Ambernath Lake,19.182517,73.192602,0,-982,2.43596,0,27.5,30-08-2025 12:08,5,29.2,105680.2188,28.5,258.8
S3-Ambernath Lake,19.1825,73.1924,65.303,-1014,2.59552,167.92297,27.4375,30-08-2025 12:08,5,29.2,105704.9766,28.5,258.8
S3-Ambernath Lake,19.18251,73.1923,130.686,-1051,2.59818,327.77731,27.5,30-08-2025 12:09,5,29.2,105726.2031,28.5,258.8
S3-Ambernath Lake,19.182517,73.192602,130.686,-1093,2.63541,327.39569,27.5,30-08-2025 12:09,5,29.3,105450.3516,28.5,258.8
S3-Ambernath Lake,19.1825,73.1924,130.686,-1113,2.61413,333.89563,27.5,30-08-2025 12:09,5,29.3,105422.0703,28.5,258.7
S3-Ambernath Lake,19.18251,73.1923,130.686,-1120,2.89336,333.89563,27.5,30-08-2025 12:10,5,29.3,105390.2422,28.5,258.7
S3-Ambernath Lake,19.182517,73.192602,130.686,-1102,2.88804,333.89563,27.5,30-08-2025 12:10,5,29.3,105315.9922,28.5,258.7
S3-Ambernath Lake,19.1825,73.1924,130.686,-1083,2.72051,333.89563,27.5,30-08-2025 12:10,5,29.3,105453.8906,28.5,258.7
S3-Ambernath Lake,19.18251,73.1923,130.686,-1072,2.75242,333.89563,27.5,30-08-2025 12:11,5,29.3,105528.1484,28.5,258.7
S3-Ambernath Lake,19.182517,73.192602,130.686,-1050,2.68859,333.89563,27.5,30-08-2025 12:11,5,29.3,105524.6094,28.5,258.7
S3-Ambernath Lake,19.1825,73.1924,130.686,-1043,3.05558,333.89563,27.5,30-08-2025 12:11,5,29.3,105397.3203,28.5,258.7
S3-Ambernath Lake,19.18251,73.1923,130.686,-1849,4.27356,334.45041,27.5,30-08-2025 12:12,0,29.3,105369.0234,28.5,258.6
S3-Ambernath Lake,19.182517,73.192602,130.686,-2726,4.27356,335.69958,27.5,30-08-2025 12:12,0,29.3,105411.4609,28.5,258.6
S3-Ambernath Lake,19.1825,73.1924,130.686,-2575,4.26292,339.3157,27.5,30-08-2025 12:13,0,29.3,105361.9609,28.5,258.6
S3-Ambernath Lake,19.18251,73.1923,130.686,-2429,4.40121,343.64206,27.5,30-08-2025 12:13,0,29.3,105255.8906,28.5,258.5
S3-Ambernath Lake,19.182517,73.192602,130.686,-2426,4.72831,346.16177,27.5,30-08-2025 12:14,0,29.3,105171.0469,28.6,259
S3-Ambernath Lake,19.1825,73.1924,130.686,-2568,2.98112,346.16177,27.5,30-08-2025 12:16,5,29.3,105114.4844,28.6,258.9
S3-Ambernath Lake,19.18251,73.1923,130.686,-1915,3.3029,346.16177,27.5,30-08-2025 12:17,5,29.3,105128.625,28.6,259
S3-Ambernath Lake,19.182517,73.192602,130.686,-1701,3.26833,343.64206,27.5,30-08-2025 12:17,5,29.3,105022.5781,28.6,259
S3-Ambernath Lake,19.1825,73.1924,130.686,-1264,3.10345,340.15176,27.5,30-08-2025 12:18,5,29.3,105015.5156,28.6,259
S3-Ambernath Lake,19.18251,73.1923,130.686,-1076,3.08749,335.97733,27.5,30-08-2025 12:18,5,29.3,105036.7188,28.6,259
S3-Ambernath Lake,19.182517,73.192602,130.686,-1090,3.36938,335.97733,27.5,30-08-2025 12:18,5,29.3,105068.5312,28.6,258.9
S3-Ambernath Lake,19.1825,73.1924,130.686,-1088,3.09547,330.01926,27.5,30-08-2025 12:19,5,29.3,105029.6484,28.6,259
S3-Ambernath Lake,19.18251,73.1923,130.686,-1082,3.17259,330.01926,27.5,30-08-2025 12:19,5,29.3,105026.1172,28.6,258.9
S3-Ambernath Lake,19.182517,73.192602,130.686,-1087,3.41459,322.85159,27.5,30-08-2025 12:20,5,29.4,104817.6016,28.6,258.9
S3-Ambernath Lake,19.1825,73.1924,130.686,-1090,3.16993,311.07925,27.5,30-08-2025 12:20,5,29.4,104860.0078,28.6,258.8
S3-Ambernath Lake,19.18251,73.1923,130.686,-1102,3.18589,308.89932,27.5,30-08-2025 12:20,5,29.4,104860.0078,28.6,258.8
S3-Ambernath Lake,19.182517,73.192602,130.686,-1107,3.42257,301.15729,27.5,30-08-2025 12:21,5,29.4,104817.6016,28.6,258.8
S3-Ambernath Lake,19.1825,73.1924,130.686,-1083,3.53958,283.48605,27.5625,30-08-2025 12:21,5,29.4,104828.2031,28.6,258.8
S3-Ambernath Lake,19.18251,73.1923,130.686,-1081,3.40662,274.32736,27.5,30-08-2025 12:21,5,29.4,104824.6719,28.6,258.8
S3-Ambernath Lake,19.182517,73.192602,130.686,-1098,3.31886,260.87164,27.5,30-08-2025 12:22,5,29.4,104824.6719,28.6,258.7
S3-Ambernath Lake,19.1825,73.1924,130.686,-1108,3.60341,250.06602,27.5,30-08-2025 12:22,5,29.4,104775.1953,28.6,258.8
S3-Ambernath Lake,19.18251,73.1923,130.686,-1113,3.59809,247.41373,27.5625,30-08-2025 12:23,5,29.4,104732.7891,28.6,258.8
S3-Ambernath Lake,19.182517,73.192602,130.686,-1119,3.63266,244.87971,27.5,30-08-2025 12:23,5,29.4,104736.3281,28.6,258.7
S3-Ambernath Lake,19.1825,73.1924,130.686,-1110,3.43853,243.81941,27.5625,30-08-2025 12:23,5,29.4,104683.3203,28.6,258.8
S3-Ambernath Lake,19.18251,73.1923,130.686,-1098,3.63532,243.15137,27.5,30-08-2025 12:24,5,29.4,104669.1875,28.6,258.7
S3-Ambernath Lake,19.182517,73.192602,130.686,-1104,3.71776,243.0208,27.5625,30-08-2025 12:24,5,28.7,108598.6797,28,259.5
S3-Ambernath Lake,19.1825,73.1924,130.686,-1118,3.43853,242.22073,27.5625,30-08-2025 12:24,5,28.7,108524.2031,28,259.5
S3-Ambernath Lake,19.18251,73.1923,130.686,-1091,3.44651,240.22664,27.5625,30-08-2025 12:25,5,28.7,108485.1875,28,259.5
S3-Ambernath Lake,19.182517,73.192602,130.686,-1083,3.52629,238.09967,27.5625,30-08-2025 12:25,5,28.7,108442.625,28,259.5
S3-Ambernath Lake,19.1825,73.1924,130.686,-1097,3.93317,236.77028,27.5,30-08-2025 12:25,5,28.7,108389.4375,28,259.5
S3-Ambernath Lake,19.18251,73.1923,130.686,-1102,3.4013,235.4342,27.5625,30-08-2025 12:26,5,28.7,108318.5234,28,259.4
S3-Ambernath Lake,19.182517,73.192602,130.686,-1115,3.59543,234.11136,27.5,30-08-2025 12:26,5,28.7,108311.4297,28,259.4
S3-Ambernath Lake,19.1825,73.1924,130.686,-1107,3.7869,233.17133,27.5625,30-08-2025 12:26,5,28.7,108421.3594,28,259.4
S3-Ambernath Lake,19.18251,73.1923,130.686,-1103,3.65127,231.85103,27.5625,30-08-2025 12:27,5,28.7,108527.7422,28.1,259.7
S3-Ambernath Lake,19.182517,73.192602,130.686,-1105,3.69116,231.4521,27.5625,30-08-2025 12:27,5,28.7,108499.3672,28.1,259.7
S3-Ambernath Lake,19.1825,73.1924,130.686,-1125,3.86668,230.38826,27.5625,30-08-2025 12:27,5,28.7,108297.2422,28.1,259.6
S3-Ambernath Lake,19.18251,73.1923,130.686,-1119,4.01295,227.99425,27.5625,30-08-2025 12:28,5,28.7,108205.0625,28.1,259.6
S3-Ambernath Lake,19.182517,73.192602,130.686,-1094,3.72042,226.13182,27.5625,30-08-2025 12:28,5,28.7,108119.9688,28.1,259.5
S3-Ambernath Lake,19.1825,73.1924,130.686,-1140,3.98635,227.72823,27.5625,30-08-2025 12:28,5,28.7,107995.8906,28.1,259.5
S3-Ambernath Lake,19.18251,73.1923,130.686,-1144,3.70978,227.72823,27.5625,30-08-2025 12:29,5,28.8,107648.5703,28.1,259.4
S3-Ambernath Lake,19.182517,73.192602,130.686,-1128,3.81615,225.86572,27.5625,30-08-2025 12:29,5,28.8,107630.8594,28.1,259.5
S3-Ambernath Lake,19.1825,73.1924,130.686,-1143,4.0422,224.40205,27.5,30-08-2025 12:29,5,28.7,108013.625,28.1,259.4
S3-Ambernath Lake,19.18251,73.1923,130.686,-1161,4.07943,222.78323,27.5625,30-08-2025 12:30,5,28.8,107797.4141,28.1,259.4
S3-Ambernath Lake,19.182517,73.192602,130.686,-1150,3.84275,222.53871,27.5625,30-08-2025 12:30,5,28.7,108095.1562,28.1,259.4
S3-Ambernath Lake,19.1825,73.1924,130.686,-1153,4.0422,221.34059,27.5625,30-08-2025 12:30,5,28.8,107747.7891,28.1,259.3
S3-Ambernath Lake,19.18251,73.1923,130.686,-1159,3.8853,220.40854,27.625,30-08-2025 12:31,5,28.8,107758.4297,28.1,259.3
S3-Ambernath Lake,19.182517,73.192602,130.686,-1172,3.86136,218.96983,27.5625,30-08-2025 12:31,5,28.8,107765.5156,28.1,259.3
S3-Ambernath Lake,19.1825,73.1924,130.686,-1182,4.25495,215.21262,27.625,30-08-2025 12:31,5,28.8,107822.2266,28.1,259.2
S3-Ambernath Lake,19.18251,73.1923,130.686,-1185,4.21505,216.30833,27.625,30-08-2025 12:32,5,28.8,107995.8906,28.2,259.5
S3-Ambernath Lake,19.182517,73.192602,130.686,-1173,3.95444,212.4464,27.625,30-08-2025 12:32,5,28.8,108173.1562,28.2,259.4
S3-Ambernath Lake,19.1825,73.1924,130.686,-1169,4.22037,212.4464,27.625,30-08-2025 12:32,5,28.8,108130.6016,28.2,259.4
S3-Ambernath Lake,19.18251,73.1923,130.686,-1164,4.27356,209.64748,27.6875,30-08-2025 12:33,5,28.8,108056.1641,28.2,259.4
S3-Ambernath Lake,19.182517,73.192602,130.686,-1161,3.97571,209.41844,27.6875,30-08-2025 12:33,5,28.8,107914.3672,28.2,259.4
S3-Ambernath Lake,19.1825,73.1924,130.686,-1163,4.21505,209.15207,27.6875,30-08-2025 12:33,5,28.8,107847.0312,28.2,259.3
S3-Ambernath Lake,19.18251,73.1923,130.686,-1166,4.0156,208.35283,27.75,30-08-2025 12:34,5,28.8,107744.25,28.2,259.3
S3-Ambernath Lake,19.182517,73.192602,130.686,-1148,4.04752,207.99243,27.6875,30-08-2025 12:34,5,28.9,107503.2969,28.2,259.3
S3-Ambernath Lake,19.1825,73.1924,130.686,-1116,4.01295,208.35283,27.6875,30-08-2025 12:35,5,28.9,107513.9219,28.2,259.3
S3-Ambernath Lake,19.18251,73.1923,130.686,-1113,4.33473,209.15207,27.6875,30-08-2025 12:35,5,28.9,107439.5234,28.2,259.3
S3-Ambernath Lake,19.182517,73.192602,130.686,-1116,4.30015,208.35283,27.75,30-08-2025 12:35,5,28.9,107290.7344,28.2,259.4
S3-Ambernath Lake,19.1825,73.1924,130.686,-1110,4.0422,208.12553,27.75,30-08-2025 12:36,5,28.9,107280.1094,28.2,259.3
S3-Ambernath Lake,19.18251,73.1923,130.686,-1114,4.3693,208.12553,27.75,30-08-2025 12:36,5,28.9,107297.8203,28.2,259.3
S3-Ambernath Lake,19.182517,73.192602,130.686,-1109,4.356,207.99243,27.75,30-08-2025 12:36,5,28.9,107375.7578,28.2,259.3
S3-Ambernath Lake,19.1825,73.1924,130.686,-1101,4.37993,207.4601,27.75,30-08-2025 12:37,5,28.9,107411.1797,28.2,259.3
S3-Ambernath Lake,19.18251,73.1923,130.686,-1116,4.07145,207.4601,27.75,30-08-2025 12:37,5,28.9,107404.0938,28.2,259.3
S3-Ambernath Lake,19.182517,73.192602,130.686,-1117,4.14325,203.33127,27.75,30-08-2025 12:37,5,28.9,107464.3203,28.2,259.3
S3-Ambernath Lake,19.1825,73.1924,130.686,-1084,4.43844,199.59708,27.75,30-08-2025 12:38,5,28.9,107567.0781,28.2,259.1
S3-Ambernath Lake,19.18251,73.1923,130.686,-1071,4.21505,197.72807,27.75,30-08-2025 12:38,5,28.9,107666.2891,28.2,259.1
S3-Ambernath Lake,19.182517,73.192602,130.686,-1057,4.22569,197.72807,27.75,30-08-2025 12:38,5,28.9,107623.7656,28.2,259.1
S3-Ambernath Lake,19.1825,73.1924,130.686,-1045,4.56609,197.72807,27.75,30-08-2025 12:39,5,28.9,107457.2344,28.2,259.2
S3-Ambernath Lake,19.18251,73.1923,130.686,-1055,4.27888,197.46097,27.75,30-08-2025 12:39,5,28.9,107432.4375,28.2,259
S3-Ambernath Lake,19.182517,73.192602,130.686,-1046,4.44376,197.06024,27.8125,30-08-2025 12:39,5,28.9,107450.1484,28.2,259
S3-Ambernath Lake,19.1825,73.1924,130.686,-1046,4.27356,195.51097,27.8125,30-08-2025 12:40,5,28.9,107464.3203,28.2,259
S3-Ambernath Lake,19.18251,73.1923,130.686,-1063,4.29484,196.71225,27.8125,30-08-2025 12:40,5,28.9,107435.9766,28.2,258.9
S3-Ambernath Lake,19.182517,73.192602,130.686,-1065,4.53418,195.24393,27.8125,30-08-2025 12:40,5,28.9,107333.2344,28.3,259.3
S3-Ambernath Lake,19.1825,73.1924,130.686,-1064,4.29749,196.71225,27.8125,30-08-2025 12:41,5,28.9,107350.9609,28.2,258.8
S3-Ambernath Lake,19.18251,73.1923,130.686,-1058,4.21505,198.44644,27.8125,30-08-2025 12:41,5,28.9,107361.5781,28.2,259
S3-Ambernath Lake,19.182517,73.192602,130.686,-1042,4.55545,196.71225,27.8125,30-08-2025 12:41,5,29,107106.5469,28.3,259.2
S3-Ambernath Lake,19.1825,73.1924,130.686,-1038,4.66448,196.57881,27.875,30-08-2025 12:42,5,29,107014.4688,28.3,259.2
S3-Ambernath Lake,19.18251,73.1923,130.686,-1052,4.41982,195.29837,27.8125,30-08-2025 12:42,5,29,106993.2188,28.3,259.2
S3-Ambernath Lake,19.182517,73.192602,130.686,-1043,4.73097,195.51097,27.8125,30-08-2025 12:42,5,29,106950.7266,28.3,259.2
S3-Ambernath Lake,19.1825,73.1924,130.686,-1031,4.66714,195.51097,27.875,30-08-2025 12:43,5,29,106961.3516,28.3,259.1
S3-Ambernath Lake,19.18251,73.1923,130.686,-1046,4.66714,192.49608,27.875,30-08-2025 12:43,5,29,106971.9688,28.3,259.1
S3-Ambernath Lake,19.182517,73.192602,130.686,-1046,4.46769,192.49608,27.875,30-08-2025 12:43,5,29,107071.1328,28.3,259.1
S3-Ambernath Lake,19.1825,73.1924,130.686,-1037,4.72299,190.75961,27.875,30-08-2025 12:44,5,29,107053.4219,28.3,259.1
S3-Ambernath Lake,19.18251,73.1923,130.686,-1044,4.48897,190.75961,27.875,30-08-2025 12:44,5,29,107056.9688,28.3,259.1
S3-Ambernath Lake,19.182517,73.192602,130.686,-1035,4.46503,190.35872,27.875,30-08-2025 12:44,5,29,106975.5156,28.3,259
S3-Ambernath Lake,19.1825,73.1924,130.686,-1042,4.38259,189.42296,27.9375,30-08-2025 12:45,5,29,106947.1797,28.3,259
S3-Ambernath Lake,19.18251,73.1923,130.686,-1048,4.69905,188.28212,27.875,30-08-2025 12:45,5,29,106784.3047,28.3,259
S3-Ambernath Lake,19.182517,73.192602,130.686,-1025,4.77884,187.55023,27.875,30-08-2025 12:45,5,29.1,106458.6172,28.3,259
S3-Ambernath Lake,19.1825,73.1924,130.686,-1021,4.55279,187.55023,27.875,30-08-2025 12:46,5,29.1,106398.4453,28.4,259.3
S3-Ambernath Lake,19.18251,73.1923,130.686,-1034,4.52886,187.55023,27.9375,30-08-2025 12:46,5,29.1,106426.7656,28.4,259.3
S3-Ambernath Lake,19.182517,73.192602,130.686,-1011,4.59534,186.1431,27.9375,30-08-2025 12:46,5,29.1,106430.2969,28.4,259.1
S3-Ambernath Lake,19.1825,73.1924,130.686,-1013,4.81341,186.1431,27.9375,30-08-2025 12:47,5,29.1,106423.2188,28.4,259.1
S3-Ambernath Lake,19.18251,73.1923,130.686,-1030,4.55279,184.67119,27.9375,30-08-2025 12:47,5,29.1,106334.7344,28.4,259.1
S3-Ambernath Lake,19.182517,73.192602,130.686,-1027,4.64587,182.7963,27.9375,30-08-2025 12:47,5,29.1,106352.4375,28.4,259
S3-Ambernath Lake,19.1825,73.1924,130.686,-1025,4.64321,182.7963,27.9375,30-08-2025 12:48,5,29.1,106405.5234,28.4,259.1
S3-Ambernath Lake,19.18251,73.1923,130.686,-1024,4.81075,184.67119,27.9375,30-08-2025 12:48,5,29.1,106377.2109,28.4,259
S3-Ambernath Lake,19.182517,73.192602,130.686,-1019,4.84532,186.81177,27.9375,30-08-2025 12:48,5,29.1,106327.6562,28.4,259
S3-Ambernath Lake,19.1825,73.1924,130.686,-1010,4.97829,184.00179,28,30-08-2025 12:49,5,29.1,106320.5859,28.4,258.9
S3-Ambernath Lake,19.18251,73.1923,109.347,-1002,4.94106,183.8022,28,30-08-2025 12:49,5,29.1,106334.7344,28.4,259
S3-Ambernath Lake,19.182517,73.192602,109.347,-1019,4.97297,183.8022,28,30-08-2025 12:49,5,29.1,106359.5078,28.4,259
S3-Ambernath Lake,19.1825,73.1924,109.347,-1035,4.97297,186.2084,28,30-08-2025 12:50,5,29.1,106239.1875,28.4,258.9
S3-Ambernath Lake,19.18251,73.1923,109.347,-1024,4.93574,183.8022,28,30-08-2025 12:50,5,29.1,106278.1172,28.4,258.9
S3-Ambernath Lake,19.182517,73.192602,109.347,-1006,4.64055,182.99948,28,30-08-2025 12:50,5,29.1,106239.1875,28.4,258.9
S3-Ambernath Lake,19.1825,73.1924,109.347,-985,4.76022,180.05328,28,30-08-2025 12:51,5,29.1,106253.3438,28.4,258.8
S3-Ambernath Lake,19.18251,73.1923,109.347,-1004,4.93574,180.05328,28,30-08-2025 12:51,5,29.1,106348.8984,28.4,258.8
S3-Ambernath Lake,19.182517,73.192602,109.347,-1018,4.76022,179.65115,28.0625,30-08-2025 12:52,5,29.1,106355.9766,28.4,258.7
S3-Ambernath Lake,19.1825,73.1924,109.347,-1001,4.98626,181.59776,28,30-08-2025 12:52,5,29.1,106327.6562,28.4,258.7
S3-Ambernath Lake,19.18251,73.1923,109.347,-996,4.94637,180.45531,28,30-08-2025 12:52,5,29.1,106196.7266,28.4,258.7
S3-Ambernath Lake,19.182517,73.192602,109.347,-1000,5.00488,180.9912,28.0625,30-08-2025 12:53,5,29.2,105980.8984,28.4,258.7
S3-Ambernath Lake,19.1825,73.1924,109.347,-996,4.81341,177.98283,28.0625,30-08-2025 12:53,5,29.2,106009.2031,28.4,258.7
S3-Ambernath Lake,19.18251,73.1923,109.347,-982,4.83468,180.79506,28.0625,30-08-2025 12:53,5,29.2,106048.1094,28.4,258.7
S3-Ambernath Lake,19.182517,73.192602,109.347,-985,4.98095,180.79506,28.0625,30-08-2025 12:54,5,29.2,105984.4297,28.4,258.6
S3-Ambernath Lake,19.1825,73.1924,109.347,-996,4.98626,177.98283,28.0625,30-08-2025 12:54,5,29.2,106062.2656,28.4,258.7
S3-Ambernath Lake,19.18251,73.1923,109.347,-988,5.01818,177.98283,28.0625,30-08-2025 12:54,5,29.2,106140.1094,28.4,258.5
S3-Ambernath Lake,19.182517,73.192602,109.347,-980,4.98626,175.03191,28.0625,30-08-2025 12:55,5,29.2,106154.2656,28.4,258.5
S3-Ambernath Lake,19.1825,73.1924,109.347,-981,5.05009,174.09189,28.0625,30-08-2025 12:55,5,29.2,106097.6562,28.4,258.5
S3-Ambernath Lake,19.18251,73.1923,109.347,-985,4.87989,173.68887,28.125,30-08-2025 12:55,5,29.2,105984.4297,28.4,258.6
S3-Ambernath Lake,19.182517,73.192602,109.347,-976,4.81341,176.58484,28.125,30-08-2025 12:56,5,29.2,105920.75,28.4,258.5
S3-Ambernath Lake,19.1825,73.1924,109.347,-961,5.02615,173.50076,28.125,30-08-2025 12:56,5,29.2,105747.4297,28.5,258.8
S3-Ambernath Lake,19.18251,73.1923,109.347,-953,4.89585,170.81432,28.125,30-08-2025 12:56,5,29.2,105644.8516,28.5,258.8
S3-Ambernath Lake,19.182517,73.192602,109.347,-950,5.18305,173.50076,28.125,30-08-2025 12:57,5,29.2,105680.2188,28.5,258.8
S3-Ambernath Lake,19.1825,73.1924,109.347,-942,4.68044,175.91486,28.125,30-08-2025 12:57,5,29.2,105704.9766,28.5,258.8
S3-Ambernath Lake,19.18251,73.1923,109.347,-945,4.85596,175.91486,28.125,30-08-2025 12:57,5,29.2,105726.2031,28.5,258.8
S3-Ambernath Lake,19.182517,73.192602,109.347,-933,4.80809,175.91486,28.125,30-08-2025 12:58,5,29.3,105450.3516,28.5,258.8
S3-Ambernath Lake,19.1825,73.1924,109.347,-957,4.90914,173.63498,28.125,30-08-2025 12:58,5,29.3,105422.0703,28.5,258.7
S3-Ambernath Lake,19.18251,73.1923,0,0,6.28136,0,28.125,30-08-2025 13:27,0,29.3,105390.2422,28.5,258.7
S3-Ambernath Lake,19.182517,73.192602,0,-2819,6.55262,0,28.5,30-08-2025 13:27,0,29.3,105315.9922,28.5,258.7
S3-Ambernath Lake,19.1825,73.1924,0,-3205,6.1936,0,28.5,30-08-2025 13:27,0,29.3,105453.8906,28.5,258.7
S3-Ambernath Lake,19.18251,73.1923,0,-2810,6.05798,0,28.5,30-08-2025 13:28,0,29.3,105528.1484,28.5,258.7
S3-Ambernath Lake,19.182517,73.192602,0,-2556,6.26275,0,28.5,30-08-2025 13:28,0,29.3,105524.6094,28.5,258.7
S3-Ambernath Lake,19.1825,73.1924,0,-2433,6.00479,0,28.5,30-08-2025 13:28,0,29.3,105397.3203,28.5,258.7
S3-Ambernath Lake,19.18251,73.1923,0,-2361,6.04734,0,28.5625,30-08-2025 13:29,0,29.3,105369.0234,28.5,258.6
S3-Ambernath Lake,19.182517,73.192602,0,-2252,6.24945,0,28.5,30-08-2025 13:29,0,29.3,105411.4609,28.5,258.6
S3-Ambernath Lake,19.1825,73.1924,0,-2201,5.95958,0,28.5625,30-08-2025 13:29,0,29.3,105361.9609,28.5,258.6
S3-Ambernath Lake,19.18251,73.1923,0,-2176,6.14574,0,28.5,30-08-2025 13:30,0,29.3,105255.8906,28.5,258.5
S3-Ambernath Lake,19.182517,73.192602,0,-2090,5.8798,0,28.5625,30-08-2025 13:30,0,29.3,105171.0469,28.6,259
S3-Ambernath Lake,19.1825,73.1924,0,-1983,5.81598,0,28.5625,30-08-2025 13:31,0,29.3,105114.4844,28.6,258.9
S3-Ambernath Lake,19.18251,73.1923,0,-1914,6.08191,0,28.5625,30-08-2025 13:31,0,29.3,105128.625,28.6,259
S3-Ambernath Lake,19.182517,73.192602,0,-1844,5.98352,0,28.5625,30-08-2025 13:31,0,29.3,105022.5781,28.6,259
S3-Ambernath Lake,19.1825,73.1924,0,-1799,6.00745,0,28.5625,30-08-2025 13:32,0,29.3,105015.5156,28.6,259
S3-Ambernath Lake,19.18251,73.1923,54.64,-1747,5.94363,600.37329,28.5625,30-08-2025 13:32,0,29.3,105036.7188,28.6,259
S3-Ambernath Lake,19.182517,73.192602,109.347,-1680,5.70694,2055.55859,28.5625,30-08-2025 13:32,0,29.3,105068.5312,28.6,258.9
S3-Ambernath Lake,19.1825,73.1924,109.347,-1619,5.99681,2055.55859,28.5625,30-08-2025 13:33,0,29.3,105029.6484,28.6,259
S3-Ambernath Lake,19.18251,73.1923,109.347,-1590,7.78123,2055.55859,28.5625,30-08-2025 13:33,0,29.3,105026.1172,28.6,258.9
S3-Ambernath Lake,19.182517,73.192602,109.347,-1542,8.08174,2055.55859,28.5625,30-08-2025 13:33,0,29.4,104817.6016,28.6,258.9
S3-Ambernath Lake,19.1825,73.1924,109.347,-1489,8.33171,2055.55859,28.5625,30-08-2025 13:34,0,29.4,104860.0078,28.6,258.8
S3-Ambernath Lake,19.18251,73.1923,109.347,-1467,8.23066,2055.55859,28.5625,30-08-2025 13:34,0,29.4,104860.0078,28.6,258.8
S4-Bhandup Lake,19.14652,72.9305,0,0,7.48604,0,28,30-08-2025 13:41,0,28.6,118790.5156,28,227.1
S4-Bhandup Lake,19.14655,72.9301,0,-2041,7.19352,0,27.6875,30-08-2025 13:41,0,28.6,117885.1328,28,226.9
S4-Bhandup Lake,19.14649,72.9308,0,-2049,7.1749,0,27.6875,30-08-2025 13:42,0,28.6,116548.0625,28,226.7
S4-Bhandup Lake,19.14652,72.9305,0,-1968,7.32648,0,27.6875,30-08-2025 13:42,0,28.6,116019.3906,28,226.7
S4-Bhandup Lake,19.14655,72.9301,0,-1984,7.19086,0,27.6875,30-08-2025 13:42,0,28.6,115669.4688,28,226.7
S4-Bhandup Lake,19.14649,72.9308,0,-1915,7.25202,0,27.6875,30-08-2025 13:43,0,28.6,115451.7188,28,226.5
S4-Bhandup Lake,19.14652,72.9305,0,-1776,7.24404,0,27.6875,30-08-2025 13:43,0,28.6,115212.5938,28,226.5
S4-Bhandup Lake,19.14655,72.9301,0,-1722,7.01002,0,27.6875,30-08-2025 13:43,0,28.6,115166.1953,28,226.5
S4-Bhandup Lake,19.14649,72.9308,0,-1650,7.19086,0,27.6875,30-08-2025 13:44,0,28.6,115084.125,28,226.3
S4-Bhandup Lake,19.14652,72.9305,0,-1630,7.01002,0,27.6875,30-08-2025 13:44,0,28.6,115002.0625,28,226.3
S4-Bhandup Lake,19.14655,72.9301,0,-1642,6.91695,0,27.6875,30-08-2025 13:44,0,28.6,115002.0625,28,226.3
S4-Bhandup Lake,19.14649,72.9308,0,-1493,6.89833,0,27.6875,30-08-2025 13:45,0,28.6,115059.1484,28,226.3
S4-Bhandup Lake,19.14652,72.9305,0,-1461,7.06055,0,27.6875,30-08-2025 13:45,0,28.6,115052.0156,28,226.3
S4-Bhandup Lake,19.14655,72.9301,0,-1466,7.02332,0,27.6875,30-08-2025 13:45,0,28.6,114944.9766,28,226.1
S4-Bhandup Lake,19.14649,72.9308,0,-1361,9.5231,0,27.6875,30-08-2025 13:46,0,28.6,114977.0859,28,226.1
S4-Bhandup Lake,19.14652,72.9305,65.303,-1319,9.70127,613.51562,27.6875,30-08-2025 13:46,0,28.6,114895.0234,28,226.1
S4-Bhandup Lake,19.14655,72.9301,0,0,9.64011,0,28,30-08-2025 13:48,0,28.6,114763.0312,28,226.1
S4-Bhandup Lake,19.14649,72.9308,0,-2019,9.32365,0,27.75,30-08-2025 13:48,0,28.6,114509.7891,28,226.1
S4-Bhandup Lake,19.14652,72.9305,0,-2001,9.32631,0,27.75,30-08-2025 13:49,0,28.6,114463.4375,28,226.1
S4-Bhandup Lake,19.14655,72.9301,0,-1838,9.32099,0,27.75,30-08-2025 13:49,0,28.7,114160.3438,28.1,226.2
S4-Bhandup Lake,19.14649,72.9308,0,-1806,9.49651,0,27.75,30-08-2025 13:49,0,28.7,114124.6953,28.1,226.2
S4-Bhandup Lake,19.14652,72.9305,0,-1677,9.24919,0,27.75,30-08-2025 13:50,0,28.7,114238.7891,28,226.1
S4-Bhandup Lake,19.14655,72.9301,0,-1685,9.48853,0,27.75,30-08-2025 13:50,0,28.7,114263.7422,28.1,226.2
S4-Bhandup Lake,19.14649,72.9308,0,-1851,9.41141,0,27.75,30-08-2025 13:50,0,28.7,114292.2578,28.1,226.2
S4-Bhandup Lake,19.14652,72.9305,0,-1690,9.21727,0,27.75,30-08-2025 13:51,0,28.7,114356.4453,28.1,226.2
S4-Bhandup Lake,19.14655,72.9301,0,-1585,9.4513,0,27.75,30-08-2025 13:51,0,28.7,114356.4453,28.1,226.1
S4-Bhandup Lake,19.14649,72.9308,0,-1523,9.196,0,27.75,30-08-2025 13:51,0,28.7,114317.2188,28.1,226.1
S4-Bhandup Lake,19.14652,72.9305,0,-1492,9.40609,0,27.8125,30-08-2025 13:52,0,28.7,114081.9141,28.1,226.1
S4-Bhandup Lake,19.14655,72.9301,0,-1609,9.39545,0,27.8125,30-08-2025 13:52,0,28.7,114124.6953,28.1,226.1
S4-Bhandup Lake,19.14649,72.9308,0,-1618,9.10292,0,27.8125,30-08-2025 13:52,0,28.7,114078.3516,28.1,226.1
S4-Bhandup Lake,19.14652,72.9305,0,-1537,9.31833,0,27.8125,30-08-2025 13:53,0,28.7,114124.6953,28.1,226.1
S4-Bhandup Lake,19.14655,72.9301,65.303,-1491,9.34758,611.59668,27.8125,30-08-2025 13:53,0,28.7,113960.7109,28.1,226.1
S4-Bhandup Lake,19.14649,72.9308,130.686,-1345,9.30503,2123.80542,27.8125,30-08-2025 13:53,0,28.7,114007.0547,28.1,226.1
S4-Bhandup Lake,19.14652,72.9305,130.686,-1339,9.29174,2123.80542,27.8125,30-08-2025 13:54,0,28.7,113932.2031,28.1,226.1
S4-Bhandup Lake,19.14655,72.9301,130.686,-1429,9.24653,2123.80542,27.8125,30-08-2025 13:54,0,28.7,113907.2422,28.1,226
S4-Bhandup Lake,19.14649,72.9308,130.686,-1380,9.24121,2123.80542,27.8125,30-08-2025 13:54,0,28.7,113846.6484,28.1,226
S4-Bhandup Lake,19.14652,72.9305,130.686,-1314,8.99655,2123.80542,27.8125,30-08-2025 13:55,0,28.7,113892.9922,28.2,226.2
S4-Bhandup Lake,19.14655,72.9301,130.686,-1289,9.20664,2123.80542,27.8125,30-08-2025 13:55,0,28.7,113882.2891,28.2,226.2
S4-Bhandup Lake,19.14649,72.9308,130.686,-1347,8.73593,2123.80542,27.875,30-08-2025 13:55,0,28.7,113814.5703,28.1,225.9
S4-Bhandup Lake,19.14652,72.9305,130.686,-1284,9.02846,2117.97095,27.8125,30-08-2025 13:56,0,28.7,113736.1641,28.2,226.1
S4-Bhandup Lake,19.14655,72.9301,130.686,-1188,9.11356,2123.80542,27.875,30-08-2025 13:56,0,28.7,113704.0859,28.2,226.1
S4-Bhandup Lake,19.14649,72.9308,130.686,-1184,8.88752,2117.97095,27.8125,30-08-2025 13:56,0,28.8,113433.2734,28.2,226
S4-Bhandup Lake,19.14652,72.9305,130.686,-1100,8.87954,2123.80542,27.875,30-08-2025 13:57,0,28.7,113650.6328,28.2,226
S4-Bhandup Lake,19.14655,72.9301,130.686,-1014,8.84763,2117.97095,27.875,30-08-2025 13:57,0,28.8,113390.5234,28.2,226
S4-Bhandup Lake,19.14649,72.9308,130.686,-1067,9.09494,2117.97095,27.875,30-08-2025 13:57,0,28.8,113351.3359,28.2,226
S4-Bhandup Lake,19.14652,72.9305,130.686,-1042,9.03112,2117.97095,27.875,30-08-2025 13:58,0,28.8,113871.6016,28.2,227.4
S4-Bhandup Lake,19.14655,72.9301,130.686,-985,9.01782,2117.97095,27.875,30-08-2025 13:58,0,28.8,118779.7812,28.2,228.5
S4-Bhandup Lake,19.14649,72.9308,130.686,-1045,8.89283,2117.97095,27.875,30-08-2025 13:58,0,28.8,124076,28.2,228.5
S4-Bhandup Lake,19.14652,72.9305,130.686,-991,8.69338,2117.97095,27.875,30-08-2025 13:59,0,28.8,118615.1016,28.2,215.6
S4-Bhandup Lake,19.14655,72.9301,130.686,-900,9.00719,2117.97095,27.875,30-08-2025 13:59,0,28.8,91371.7188,28.2,216.5
S4-Bhandup Lake,19.14649,72.9308,130.686,-1022,8.71998,2117.97095,27.875,30-08-2025 13:59,0,28.8,66231.4297,28.2,218.3
S4-Bhandup Lake,19.14652,72.9305,130.686,-1021,8.97793,2117.97095,27.875,30-08-2025 14:00,0,28.8,55531.9453,28.2,220.3
S4-Bhandup Lake,19.14655,72.9301,130.686,-825,8.69338,2117.97095,27.9375,30-08-2025 14:00,0,28.8,59130.0781,28.2,220.4
S4-Bhandup Lake,19.14649,72.9308,130.686,-820,8.72264,2112.16382,27.9375,30-08-2025 14:01,0,28.8,62046.4961,28.2,220.3
S4-Bhandup Lake,19.14652,72.9305,130.686,-786,8.60297,2112.16382,27.9375,30-08-2025 14:01,0,28.8,62093.5742,28.2,220.3
S4-Bhandup Lake,19.14655,72.9301,130.686,-746,8.87954,2112.16382,27.9375,30-08-2025 14:01,0,28.8,62033.043,28.2,220.3
S4-Bhandup Lake,19.14649,72.9308,130.686,-811,8.6402,2112.16382,27.9375,30-08-2025 14:02,0,28.8,61959.0703,28.2,220.3
S4-Bhandup Lake,19.14652,72.9305,130.686,-857,8.83433,2112.16382,27.9375,30-08-2025 14:02,0,28.8,61888.4648,28.2,220.3
S4-Bhandup Lake,19.14655,72.9301,130.686,-855,8.61095,2112.16382,27.9375,30-08-2025 14:02,0,28.9,61723.7422,28.2,220.2
S4-Bhandup Lake,19.14649,72.9308,130.686,-797,8.82635,2112.16382,28,30-08-2025 14:03,0,28.9,61737.1875,28.2,220.1
S4-Bhandup Lake,19.14652,72.9305,109.347,-731,8.56574,2106.38452,27.9375,30-08-2025 14:03,0,28.9,61740.5469,28.2,220.1
S4-Bhandup Lake,19.14655,72.9301,130.686,-705,8.56042,2112.16382,27.9375,30-08-2025 14:03,0,28.9,61784.25,28.2,220.1
S4-Bhandup Lake,19.14649,72.9308,130.686,-539,8.94336,2112.16382,28,30-08-2025 14:04,0,28.9,61875.0195,28.3,220.2
S4-Bhandup Lake,19.14652,72.9305,109.347,224,8.65349,2106.38452,27.9375,30-08-2025 14:04,0,28.9,61942.2578,28.3,220.2
S4-Bhandup Lake,19.14655,72.9301,130.686,843,8.68275,2112.16382,28,30-08-2025 14:04,0,28.9,71412.5781,28.3,219.3
S4-Bhandup Lake,19.14649,72.9308,109.347,897,8.8822,2106.38452,28,30-08-2025 14:05,0,28.9,91322.9297,28.3,219.5
S4-Bhandup Lake,19.14652,72.9305,109.347,1001,8.85029,2106.38452,27.9375,30-08-2025 14:05,0,28.9,110835.5156,28.3,219.5
S4-Bhandup Lake,19.14655,72.9301,130.686,1029,9.38747,2112.16382,27.9375,30-08-2025 14:05,0,28.9,118053.2734,28.3,219.3
S4-Bhandup Lake,19.14649,72.9308,130.686,1012,9.42204,2112.16382,27.9375,30-08-2025 14:06,0,28.9,115712.3125,28.3,219.3
S4-Bhandup Lake,19.14652,72.9305,130.686,1007,9.34226,2112.16382,28,30-08-2025 14:06,0,28.9,113604.3125,28.3,219.3
S4-Bhandup Lake,19.14655,72.9301,109.347,1020,9.26248,2106.38452,28,30-08-2025 14:06,0,28.9,111461.2578,28.3,219.3
S4-Bhandup Lake,19.14649,72.9308,109.347,1014,9.27046,2106.38452,28.0625,30-08-2025 14:07,0,28.9,109049.2109,28.3,219.1
S4-Bhandup Lake,19.14652,72.9305,109.347,999,8.92741,2100.63135,28.0625,30-08-2025 14:07,0,29,107003.8438,28.3,219.1
S4-Bhandup Lake,19.14655,72.9301,109.347,997,8.89283,2100.63135,28.0625,30-08-2025 14:07,0,29,105503.3906,28.4,219.3
S4-Bhandup Lake,19.14649,72.9308,109.347,1002,8.8689,2100.63135,28.0625,30-08-2025 14:08,0,29,104397.1562,28.4,219.2
S4-Bhandup Lake,19.14652,72.9305,109.347,1002,8.87688,2100.63135,28.0625,30-08-2025 14:08,0,29,103482.6797,28.4,219.2
S4-Bhandup Lake,19.14655,72.9301,109.347,1004,9.14813,2100.63135,28.0625,30-08-2025 14:08,0,29,102646.6172,28.4,219.2
S4-Bhandup Lake,19.14649,72.9308,109.347,1005,8.83433,2100.63135,28.0625,30-08-2025 14:09,0,29,101990.9453,28.4,219.1
S4-Bhandup Lake,19.14652,72.9305,109.347,1007,9.06303,2100.63135,28.0625,30-08-2025 14:09,0,29,101494.1953,28.4,219.1
S4-Bhandup Lake,19.14655,72.9301,109.347,1009,8.76253,2100.63135,28.0625,30-08-2025 14:09,0,29,101261.7578,28.4,219.1
S4-Bhandup Lake,19.14649,72.9308,109.347,1010,8.7705,2100.63135,28.0625,30-08-2025 14:10,0,29,101149.0781,28.4,219.1
S4-Bhandup Lake,19.14652,72.9305,109.347,988,9.14015,2100.63135,28.0625,30-08-2025 14:10,0,29,101082.1797,28.4,218.9
S4-Bhandup Lake,19.14655,72.9301,109.347,970,9.11356,2100.63135,28.125,30-08-2025 14:10,0,29.1,100842.8047,28.4,218.9
S4-Bhandup Lake,19.14649,72.9308,109.347,975,9.01782,2094.90503,28.125,30-08-2025 14:11,0,29.1,100835.7656,28.4,218.9
S4-Bhandup Lake,19.14652,72.9305,109.347,964,8.65881,2094.90503,28.125,30-08-2025 14:11,0,29.1,100853.3594,28.4,218.9
S4-Bhandup Lake,19.14655,72.9301,109.347,909,8.65084,2094.90503,28.125,30-08-2025 14:11,0,29.1,100846.3281,28.4,218.9
S4-Bhandup Lake,19.14649,72.9308,109.347,849,8.60563,2094.90503,28.125,30-08-2025 14:12,0,29.1,100955.4453,28.4,218.9
S4-Bhandup Lake,19.14652,72.9305,109.347,834,8.64286,2094.90503,28.125,30-08-2025 14:12,0,29.1,101015.2891,28.4,218.8
S4-Bhandup Lake,19.14655,72.9301,109.347,801,8.89549,2094.90503,28.125,30-08-2025 14:12,0,29.1,100987.125,28.4,218.8
S4-Bhandup Lake,19.14649,72.9308,109.347,774,8.59233,2094.90503,28.125,30-08-2025 14:13,0,29.1,100835.7656,28.4,218.7
S4-Bhandup Lake,19.14652,72.9305,109.347,804,8.5551,2094.90503,28.125,30-08-2025 14:13,0,29.1,100726.6484,28.4,218.7
S4-Bhandup Lake,19.14655,72.9301,109.347,796,8.52851,2094.90503,28.125,30-08-2025 14:13,0,29.1,100744.25,28.4,218.7
S4-Bhandup Lake,19.14649,72.9308,109.347,743,8.8104,2094.90503,28.125,30-08-2025 14:14,0,29.1,100761.8438,28.4,218.7
S4-Bhandup Lake,19.14652,72.9305,109.347,755,8.84763,2094.90503,28.125,30-08-2025 14:14,0,29.1,100740.7344,28.4,218.6
S4-Bhandup Lake,19.14655,72.9301,109.347,720,8.4567,2094.90503,28.125,30-08-2025 14:14,0,29.1,100737.2109,28.4,218.7
S4-Bhandup Lake,19.14649,72.9308,109.347,687,8.7838,2094.90503,28.1875,30-08-2025 14:15,0,29.1,100765.3672,28.4,218.5
S4-Bhandup Lake,19.14652,72.9305,109.347,750,8.74657,2089.20557,28.125,30-08-2025 14:15,0,29.1,100867.4453,28.4,218.5
S4-Bhandup Lake,19.14655,72.9301,109.347,790,8.38224,2094.90503,28.1875,30-08-2025 14:15,0,29.1,100835.7656,28.5,218.7
S4-Bhandup Lake,19.14649,72.9308,109.347,800,8.37958,2089.20557,28.1875,30-08-2025 14:16,0,29.1,100673.8594,28.5,218.7
S4-Bhandup Lake,19.14652,72.9305,109.347,782,8.68807,2089.20557,28.1875,30-08-2025 14:16,0,29.1,100624.5938,28.5,218.7
S4-Bhandup Lake,19.14655,72.9301,109.347,794,8.63754,2089.20557,28.1875,30-08-2025 14:16,0,29.1,100617.5547,28.5,218.7
S4-Bhandup Lake,19.14649,72.9308,109.347,836,8.61095,2089.20557,28.1875,30-08-2025 14:17,0,29.2,100406.4375,28.5,218.7
S4-Bhandup Lake,19.14652,72.9305,109.347,841,8.53382,2089.20557,28.1875,30-08-2025 14:17,0,29.2,100459.2109,28.5,218.7
S4-Bhandup Lake,19.14655,72.9301,109.347,865,8.32108,2089.20557,28.1875,30-08-2025 14:17,0,29.2,100452.1719,28.5,218.5
S4-Bhandup Lake,19.14649,72.9308,109.347,881,8.25193,2089.20557,28.1875,30-08-2025 14:18,0,29.2,100392.3594,28.5,218.6
S4-Bhandup Lake,19.14652,72.9305,109.347,907,8.21204,2089.20557,28.25,30-08-2025 14:18,0,29.2,100367.7344,28.5,218.5
S4-Bhandup Lake,19.14655,72.9301,109.347,925,8.23066,2083.53198,28.1875,30-08-2025 14:18,0,29.2,100385.3203,28.5,218.5
S4-Bhandup Lake,19.14649,72.9308,109.347,933,8.14822,2089.20557,28.25,30-08-2025 14:19,0,29.2,100445.1328,28.5,218.5
S4-Bhandup Lake,19.14652,72.9305,109.347,958,8.18811,2083.53198,28.25,30-08-2025 14:19,0,29.2,100508.4688,28.5,218.4
S4-Bhandup Lake,19.14655,72.9301,109.347,968,8.16683,2083.53198,28.25,30-08-2025 14:20,0,29.2,100424.0234,28.5,218.4
S4-Bhandup Lake,19.14649,72.9308,109.347,979,8.12695,2083.53198,28.25,30-08-2025 14:20,0,29.2,100329.0312,28.5,218.3
S4-Bhandup Lake,19.14652,72.9305,109.347,1003,8.38756,2083.53198,28.25,30-08-2025 14:20,0,29.2,100212.9453,28.6,218.8
S4-Bhandup Lake,19.14655,72.9301,109.347,1041,8.10833,2083.53198,28.25,30-08-2025 14:21,0,29.2,100202.3906,28.5,218.3
S4-Bhandup Lake,19.14649,72.9308,109.347,1043,8.09237,2083.53198,28.25,30-08-2025 14:21,0,29.3,99945.6406,28.6,218.8
S4-Bhandup Lake,19.14652,72.9305,109.347,1017,8.36629,2083.53198,28.25,30-08-2025 14:21,0,29.3,100012.4609,28.6,218.7
S4-Bhandup Lake,19.14655,72.9301,109.347,1035,8.03121,2083.53198,28.25,30-08-2025 14:22,0,29.3,100117.9766,28.6,218.8
S4-Bhandup Lake,19.14649,72.9308,109.347,1044,8.2998,2083.53198,28.3125,30-08-2025 14:22,0,29.3,100149.6328,28.6,218.8
S4-Bhandup Lake,19.14652,72.9305,109.347,1021,8.02855,2077.88574,28.25,30-08-2025 14:22,0,29.3,100093.3594,28.6,218.7
S4-Bhandup Lake,19.14655,72.9301,109.347,1031,8.23598,2083.53198,28.25,30-08-2025 14:23,0,29.3,100037.0859,28.6,218.7
S4-Bhandup Lake,19.14649,72.9308,109.347,1040,7.986,2083.53198,28.25,30-08-2025 14:23,0,29.3,100163.6953,28.6,218.6
S4-Bhandup Lake,19.14652,72.9305,109.347,1049,7.92218,2083.53198,28.3125,30-08-2025 14:23,0,29.3,100205.9141,28.6,218.6
S4-Bhandup Lake,19.14655,72.9301,109.347,1052,8.19875,2077.88574,28.3125,30-08-2025 14:24,0,29.3,100163.6953,28.6,218.6
S4-Bhandup Lake,19.14649,72.9308,109.347,1033,7.82644,2077.88574,28.3125,30-08-2025 14:24,0,29.3,99998.3984,28.6,218.6
S4-Bhandup Lake,19.14652,72.9305,109.347,1041,8.11897,2077.88574,28.3125,30-08-2025 14:24,0,29.3,99942.1328,28.6,218.6
S4-Bhandup Lake,19.14655,72.9301,109.347,1049,8.09769,2077.88574,28.3125,30-08-2025 14:25,0,29.3,100089.8359,28.6,218.5
S4-Bhandup Lake,19.14649,72.9308,109.347,1044,8.04185,2077.88574,28.375,30-08-2025 14:25,0,29.3,100079.2891,28.6,218.6
S4-Bhandup Lake,19.14652,72.9305,109.347,1041,7.8424,2072.26514,28.3125,30-08-2025 14:25,0,29.3,100100.3906,28.6,218.5
S4-Bhandup Lake,19.14655,72.9301,109.347,1052,8.02323,2077.88574,28.375,30-08-2025 14:26,0,29.3,99928.0625,28.6,218.5
S4-Bhandup Lake,19.14649,72.9308,109.347,1047,7.6589,2072.26514,28.375,30-08-2025 14:26,0,29.3,99910.4766,28.6,218.5
S4-Bhandup Lake,19.14652,72.9305,109.347,1047,7.74932,2072.26514,28.375,30-08-2025 14:26,0,29.3,99833.1172,28.6,218.5
S4-Bhandup Lake,19.14655,72.9301,109.347,1047,7.72804,2072.26514,28.375,30-08-2025 14:27,0,29.3,99928.0625,28.6,218.4
S4-Bhandup Lake,19.14649,72.9308,109.347,1048,7.92749,2072.26514,28.375,30-08-2025 14:27,0,29.3,99910.4766,28.6,218.3
S4-Bhandup Lake,19.14652,72.9305,109.347,1062,7.78389,2072.26514,28.375,30-08-2025 14:27,0,29.3,99928.0625,28.6,218.4
S4-Bhandup Lake,19.14655,72.9301,109.347,1056,7.9142,2072.26514,28.375,30-08-2025 14:28,0,29.4,99555.375,28.6,218.4
S4-Bhandup Lake,19.14649,72.9308,109.347,1061,7.95941,2072.26514,28.375,30-08-2025 14:28,0,29.4,99509.6719,28.6,218.1
S4-Bhandup Lake,19.14652,72.9305,109.347,1065,7.65358,2072.26514,28.375,30-08-2025 14:28,0,29.4,99460.4609,28.6,218.1
S4-Bhandup Lake,19.14655,72.9301,109.347,1060,7.65358,2072.26514,28.375,30-08-2025 14:29,0,29.4,99537.7891,28.6,218.1
S4-Bhandup Lake,19.14649,72.9308,109.347,1024,7.67752,2072.26514,28.375,30-08-2025 14:29,0,29.4,99622.1641,28.6,218.1
S4-Bhandup Lake,19.14652,72.9305,109.347,1051,7.65092,2072.26514,28.4375,30-08-2025 14:29,0,29.4,99731.1484,28.6,218.1
S4-Bhandup Lake,19.14655,72.9301,109.347,1070,7.82112,2066.67017,28.375,30-08-2025 14:30,0,29.4,99587.0078,28.6,218.1
S4-Bhandup Lake,19.14649,72.9308,109.347,1040,7.61369,2072.26514,28.375,30-08-2025 14:30,0,29.4,99418.2812,28.6,218.1
S4-Bhandup Lake,19.14652,72.9305,109.347,1043,7.8291,2072.26514,28.375,30-08-2025 14:30,0,29.4,99362.0469,28.6,218.1
S4-Bhandup Lake,19.14655,72.9301,109.347,1039,7.56317,2072.26514,28.375,30-08-2025 14:31,0,29.4,99340.9688,28.6,218.1
S4-Bhandup Lake,19.14649,72.9308,109.347,1059,7.82644,2072.26514,28.375,30-08-2025 14:31,0,29.4,99316.3672,28.6,218.1
S4-Bhandup Lake,19.14652,72.9305,109.347,1050,7.54455,2072.26514,28.375,30-08-2025 14:31,0,29.4,99210.9375,28.6,218.1
S4-Bhandup Lake,19.14655,72.9301,109.347,1044,7.50732,2072.26514,28.375,30-08-2025 14:32,0,29.4,99210.9375,28.6,218.1
S4-Bhandup Lake,19.14649,72.9308,109.347,1046,7.53125,2072.26514,28.375,30-08-2025 14:32,0,29.4,99158.2266,28.6,218.1
S4-Bhandup Lake,19.14652,72.9305,109.347,1054,7.52859,2072.26514,28.4375,30-08-2025 14:32,0,29.4,99130.1172,28.6,218.1
S4-Bhandup Lake,19.14655,72.9301,109.347,1046,7.54189,2066.67017,28.4375,30-08-2025 14:33,0,29.4,99080.9219,28.6,217.9
S4-Bhandup Lake,19.14649,72.9308,109.347,1034,7.69613,2066.67017,28.4375,30-08-2025 14:33,0,29.4,99105.5156,28.6,218.1
S4-Bhandup Lake,19.14652,72.9305,109.347,1047,7.44881,2066.67017,28.4375,30-08-2025 14:33,0,29.4,99007.1406,28.6,217.9
S4-Bhandup Lake,19.14655,72.9301,109.347,1058,7.43286,2066.67017,28.4375,30-08-2025 14:34,0,29.4,98922.8281,28.6,217.9
S4-Bhandup Lake,19.14649,72.9308,109.347,1049,7.6722,2066.67017,28.4375,30-08-2025 14:34,0,29.4,98986.0625,28.6,217.9
S4-Bhandup Lake,19.14652,72.9305,109.347,1054,7.44881,2066.67017,28.4375,30-08-2025 14:34,0,29.4,98943.9062,28.6,217.9
S4-Bhandup Lake,19.14655,72.9301,109.347,1055,7.65624,2066.67017,28.4375,30-08-2025 14:35,0,29.5,98631.2891,28.6,217.9
S4-Bhandup Lake,19.14649,72.9308,109.347,1042,7.66422,2066.67017,28.4375,30-08-2025 14:35,0,29.5,98455.7109,28.6,217.9
S4-Bhandup Lake,19.14652,72.9305,109.347,1047,7.40626,2066.67017,28.4375,30-08-2025 14:36,0,29.5,98536.4766,28.6,217.9
S4-Bhandup Lake,19.14655,72.9301,109.347,1052,7.41158,2066.67017,28.4375,30-08-2025 14:36,0,29.5,98543.5,28.6,217.9
S4-Bhandup Lake,19.14649,72.9308,109.347,1049,7.60571,2066.67017,28.4375,30-08-2025 14:36,0,29.5,98568.0859,28.6,217.9
S4-Bhandup Lake,19.14652,72.9305,109.347,1052,7.62167,2066.67017,28.4375,30-08-2025 14:37,0,29.5,98532.9688,28.6,217.7
S4-Bhandup Lake,19.14655,72.9301,109.347,1047,7.57114,2066.67017,28.5,30-08-2025 14:37,0,29.5,98898.2344,28.6,217.5
S4-Bhandup Lake,19.14649,72.9308,109.347,1053,7.38765,2061.10132,28.4375,30-08-2025 14:37,0,29.5,99326.9062,28.6,217.5
S4-Bhandup Lake,19.14652,72.9305,109.347,1050,7.29989,2066.67017,28.4375,30-08-2025 14:38,0,29.5,99681.9297,28.6,217.4
S4-Bhandup Lake,19.14655,72.9301,109.347,1044,7.54189,2066.67017,28.5,30-08-2025 14:38,0,29.5,99650.2891,28.6,217.4
S4-Bhandup Lake,19.14649,72.9308,109.347,1029,7.53923,2061.10132,28.4375,30-08-2025 14:38,0,29.5,99520.2188,28.6,217.4
S4-Bhandup Lake,19.14652,72.9305,109.347,1054,7.25734,2066.67017,28.4375,30-08-2025 14:39,0,29.5,99579.9766,28.6,217.3
S4-Bhandup Lake,19.14655,72.9301,109.347,1097,7.30521,2066.67017,28.5,30-08-2025 14:39,0,29.5,99537.7891,28.6,216.4
S4-Bhandup Lake,19.14649,72.9308,109.347,1088,7.2467,2061.10132,28.5,30-08-2025 14:39,0,29.5,99435.8594,28.6,215.3
S4-Bhandup Lake,19.14652,72.9305,109.347,1050,7.4887,2061.10132,28.5,30-08-2025 14:40,0,29.5,99312.8516,28.6,214.7
S4-Bhandup Lake,19.14655,72.9301,109.347,1039,7.23607,2061.10132,28.5,30-08-2025 14:40,0,29.5,99305.8203,28.6,214.2
S4-Bhandup Lake,19.14649,72.9308,109.347,1044,7.2467,2061.10132,28.5,30-08-2025 14:40,0,29.5,99358.5391,28.6,214
S4-Bhandup Lake,19.14652,72.9305,109.347,1054,7.36106,2061.10132,28.5,30-08-2025 14:41,0,29.5,99305.8203,28.6,214.2
S4-Bhandup Lake,19.14655,72.9301,109.347,1058,7.47009,2061.10132,28.5,30-08-2025 14:41,0,29.5,99291.7578,28.6,214.2
S4-Bhandup Lake,19.14649,72.9308,109.347,1077,7.44615,2061.10132,28.5,30-08-2025 14:41,0,29.5,99316.3672,28.7,214.4
S4-Bhandup Lake,19.14652,72.9305,109.347,1076,7.44615,2061.10132,28.5,30-08-2025 14:42,0,29.5,99288.2422,28.7,214.1
S4-Bhandup Lake,19.14655,72.9301,109.347,1035,7.44349,2061.10132,28.5,30-08-2025 14:42,0,29.5,99400.7109,28.6,213.5
S4-Bhandup Lake,19.14649,72.9308,109.347,1034,7.45413,2061.10132,28.5,30-08-2025 14:42,0,29.5,99481.5547,28.7,213.7
S4-Bhandup Lake,19.14652,72.9305,109.347,1084,7.38765,2061.10132,28.5,30-08-2025 14:43,0,29.5,99485.0703,28.7,213
S4-Bhandup Lake,19.14655,72.9301,0,0,7.48604,0,28.5,30-08-2025 14:43,0,29.5,99351.5078,28.6,212.6
S4-Bhandup Lake,19.14649,72.9308,0,-2041,7.19352,0,27.6875,30-08-2025 14:43,0,29.5,99284.7344,28.6,212.5
S4-Bhandup Lake,19.14652,72.9305,0,-2049,7.1749,0,27.6875,30-08-2025 14:44,0,29.5,99358.5391,28.7,212.3
S4-Bhandup Lake,19.14655,72.9301,0,-1968,7.32648,0,27.6875,30-08-2025 14:44,0,29.5,99383.1328,28.6,211.9
S4-Bhandup Lake,19.14649,72.9308,0,-1984,7.19086,0,27.6875,30-08-2025 14:44,0,29.5,99379.625,28.7,212.2
S4-Bhandup Lake,19.14652,72.9305,0,-1915,7.25202,0,27.6875,30-08-2025 14:45,0,29.5,99309.3359,28.6,211.7
S4-Bhandup Lake,19.14655,72.9301,0,-1776,7.24404,0,27.6875,30-08-2025 14:45,0,29.5,99326.9062,28.7,211.8
S4-Bhandup Lake,19.14649,72.9308,0,-1722,7.01002,0,27.6875,30-08-2025 14:45,0,29.5,99253.1094,28.6,211.7
S4-Bhandup Lake,19.14652,72.9305,0,-1650,7.19086,0,27.6875,30-08-2025 14:46,0,29.5,99263.6484,28.6,211.4
S4-Bhandup Lake,19.14655,72.9301,0,-1630,7.01002,0,27.6875,30-08-2025 14:46,0,29.5,99189.8516,28.6,211.4
S4-Bhandup Lake,19.14649,72.9308,0,-1642,6.91695,0,27.6875,30-08-2025 14:46,0,29.5,99186.3359,28.6,211.4
S4-Bhandup Lake,19.14652,72.9305,0,-1493,6.89833,0,27.6875,30-08-2025 14:47,0,29.5,99189.8516,28.6,211.4
S4-Bhandup Lake,19.14655,72.9301,0,-1461,7.06055,0,27.6875,30-08-2025 14:47,0,29.5,99161.7422,28.6,211.2
S4-Bhandup Lake,19.14649,72.9308,0,-1466,7.02332,0,27.6875,30-08-2025 14:47,0,29.5,99119.5781,28.6,211.2
S4-Bhandup Lake,19.14652,72.9305,0,-1361,9.5231,0,27.6875,30-08-2025 14:48,0,29.5,99151.2031,28.6,211.2
S4-Bhandup Lake,19.14655,72.9301,65.303,-1319,9.70127,613.51562,27.6875,30-08-2025 14:48,0,29.5,99221.4766,28.7,211.2
S4-Bhandup Lake,19.14649,72.9308,0,0,9.64011,0,28,30-08-2025 14:48,0,29.5,99203.9062,28.7,210.8
S4-Bhandup Lake,19.14652,72.9305,0,-2019,9.32365,0,27.75,30-08-2025 14:49,0,29.5,99098.4922,28.6,210.5
S4-Bhandup Lake,19.14655,72.9301,0,-2001,9.32631,0,27.75,30-08-2025 14:49,0,29.5,99042.2734,28.6,210.6
S4-Bhandup Lake,19.14649,72.9308,0,-1838,9.32099,0,27.75,30-08-2025 14:49,0,29.5,99049.3047,28.6,210.7
S4-Bhandup Lake,19.14652,72.9305,0,-1806,9.49651,0,27.75,30-08-2025 14:50,0,29.5,99045.7891,28.6,210.5
S4-Bhandup Lake,19.14655,72.9301,0,-1677,9.24919,0,27.75,30-08-2025 14:50,0,29.5,99007.1406,28.6,210.4
S4-Bhandup Lake,19.14649,72.9308,0,-1685,9.48853,0,27.75,30-08-2025 14:50,0,29.5,99144.1719,28.7,210.7
S4-Bhandup Lake,19.14652,72.9305,0,-1851,9.41141,0,27.75,30-08-2025 14:51,0,29.5,99242.5625,28.6,210.5
S4-Bhandup Lake,19.14655,72.9301,0,-1690,9.21727,0,27.75,30-08-2025 14:51,0,29.5,99270.6797,28.7,210.7
S4-Bhandup Lake,19.14649,72.9308,0,-1585,9.4513,0,27.75,30-08-2025 14:51,0,29.5,99186.3359,28.7,210.5
S4-Bhandup Lake,19.14652,72.9305,0,-1523,9.196,0,27.75,30-08-2025 14:52,0,29.5,99098.4922,28.7,210.4
S4-Bhandup Lake,19.14655,72.9301,0,-1492,9.40609,0,27.8125,30-08-2025 14:52,0,29.5,99059.8438,28.7,210.5
S4-Bhandup Lake,19.14649,72.9308,0,-1609,9.39545,0,27.8125,30-08-2025 14:52,0,29.5,99161.7422,28.7,210.5
S4-Bhandup Lake,19.14652,72.9305,0,-1618,9.10292,0,27.8125,30-08-2025 14:53,0,29.5,99196.875,28.7,210
S4-Bhandup Lake,19.14655,72.9301,0,-1537,9.31833,0,27.8125,30-08-2025 14:53,0,29.6,98905.2656,28.7,209.8
S4-Bhandup Lake,19.14649,72.9308,65.303,-1491,9.34758,611.59668,27.8125,30-08-2025 14:53,0,29.5,99035.25,28.7,209.8
S4-Bhandup Lake,19.14652,72.9305,130.686,-1345,9.30503,2123.80542,27.8125,30-08-2025 14:54,0,29.6,98810.4219,28.7,209.9
S4-Bhandup Lake,19.14655,72.9301,130.686,-1339,9.29174,2123.80542,27.8125,30-08-2025 14:54,0,29.6,98806.9062,28.7,209.9
S4-Bhandup Lake,19.14649,72.9308,130.686,-1429,9.24653,2123.80542,27.8125,30-08-2025 14:54,0,29.6,98676.9531,28.7,210
S4-Bhandup Lake,19.14652,72.9305,130.686,-1380,9.24121,2123.80542,27.8125,30-08-2025 14:55,0,29.5,98891.2109,28.7,210
S4-Bhandup Lake,19.14655,72.9301,130.686,-1314,8.99655,2123.80542,27.8125,30-08-2025 14:55,0,29.6,98648.8516,28.7,209.9
S4-Bhandup Lake,19.14649,72.9308,130.686,-1289,9.20664,2123.80542,27.8125,30-08-2025 14:55,0,29.5,98915.7969,28.7,209.6
S4-Bhandup Lake,19.14652,72.9305,130.686,-1347,8.73593,2123.80542,27.875,30-08-2025 14:56,0,29.6,98641.8281,28.7,208.9
S4-Bhandup Lake,19.14655,72.9301,130.686,-1284,9.02846,2117.97095,27.8125,30-08-2025 14:56,0,29.5,98866.625,28.7,209.4
S4-Bhandup Lake,19.14649,72.9308,130.686,-1188,9.11356,2123.80542,27.875,30-08-2025 14:56,0,29.5,98768.2656,28.7,209.4
S4-Bhandup Lake,19.14652,72.9305,130.686,-1184,8.88752,2117.97095,27.8125,30-08-2025 14:57,0,29.6,98518.9141,28.7,209.4
S4-Bhandup Lake,19.14655,72.9301,130.686,-1100,8.87954,2123.80542,27.875,30-08-2025 14:57,0,29.6,98515.4062,28.7,209.4
S4-Bhandup Lake,19.14649,72.9308,130.686,-1014,8.84763,2117.97095,27.875,30-08-2025 14:57,0,29.5,98796.3672,28.7,209.4
S4-Bhandup Lake,19.14652,72.9305,130.686,-1067,9.09494,2117.97095,27.875,30-08-2025 14:58,0,29.5,98740.1719,28.7,209.4
S4-Bhandup Lake,19.14655,72.9301,130.686,-1042,9.03112,2117.97095,27.875,30-08-2025 14:58,0,29.5,98740.1719,28.7,209.4
S4-Bhandup Lake,19.14649,72.9308,130.686,-985,9.01782,2117.97095,27.875,30-08-2025 14:58,0,29.6,98480.2891,28.7,209.4
S4-Bhandup Lake,19.14652,72.9305,130.686,-1045,8.89283,2117.97095,27.875,30-08-2025 14:59,0,29.6,98547.0078,28.7,209.4
S4-Bhandup Lake,19.14655,72.9301,130.686,-991,8.69338,2117.97095,27.875,30-08-2025 14:59,0,29.6,98522.4297,28.7,209.2
S4-Bhandup Lake,19.14649,72.9308,130.686,-900,9.00719,2117.97095,27.875,30-08-2025 14:59,0,29.6,98554.0312,28.7,209.2
S4-Bhandup Lake,19.14652,72.9305,130.686,-1022,8.71998,2117.97095,27.875,30-08-2025 15:00,0,29.6,98571.5938,28.7,209.1
S4-Bhandup Lake,19.14655,72.9301,130.686,-1021,8.97793,2117.97095,27.875,30-08-2025 15:00,0,29.6,98589.1484,28.7,209
S4-Bhandup Lake,19.14649,72.9308,130.686,-825,8.69338,2117.97095,27.9375,30-08-2025 15:00,0,29.6,98561.0625,28.7,208.9
S4-Bhandup Lake,19.14652,72.9305,130.686,-820,8.72264,2112.16382,27.9375,30-08-2025 15:01,0,29.6,98525.9453,28.7,208.9
S4-Bhandup Lake,19.14655,72.9301,130.686,-786,8.60297,2112.16382,27.9375,30-08-2025 15:01,0,29.6,98550.5234,28.7,208.7
S4-Bhandup Lake,19.14649,72.9308,130.686,-746,8.87954,2112.16382,27.9375,30-08-2025 15:01,0,29.6,98554.0312,28.7,208.5
S4-Bhandup Lake,19.14652,72.9305,130.686,-811,8.6402,2112.16382,27.9375,30-08-2025 15:02,0,29.6,98539.9844,28.7,208.4
S4-Bhandup Lake,19.14655,72.9301,130.686,-857,8.83433,2112.16382,27.9375,30-08-2025 15:02,0,29.6,98529.4531,28.7,208.5
S4-Bhandup Lake,19.14649,72.9308,130.686,-855,8.61095,2112.16382,27.9375,30-08-2025 15:02,0,29.6,98557.5469,28.6,208.2
S4-Bhandup Lake,19.14652,72.9305,130.686,-797,8.82635,2112.16382,28,30-08-2025 15:03,0,29.6,98529.4531,28.7,208.3
S4-Bhandup Lake,19.14655,72.9301,109.347,-731,8.56574,2106.38452,27.9375,30-08-2025 15:03,0,29.6,98452.2031,28.7,208.2
S4-Bhandup Lake,19.14649,72.9308,130.686,-705,8.56042,2112.16382,27.9375,30-08-2025 15:03,0,29.6,98448.6875,28.7,208.1
S4-Bhandup Lake,19.14652,72.9305,130.686,-539,8.94336,2112.16382,28,30-08-2025 15:04,0,29.6,98568.0859,28.7,208.2
S4-Bhandup Lake,19.14655,72.9301,109.347,224,8.65349,2106.38452,27.9375,30-08-2025 15:04,0,29.6,98624.2734,28.7,208.2
S4-Bhandup Lake,19.14649,72.9308,130.686,843,8.68275,2112.16382,28,30-08-2025 15:04,0,29.6,98606.7109,28.7,207.9
S4-Bhandup Lake,19.14652,72.9305,109.347,897,8.8822,2106.38452,28,30-08-2025 15:05,0,29.6,98497.8516,28.7,207.5
S4-Bhandup Lake,19.14655,72.9301,109.347,1001,8.85029,2106.38452,27.9375,30-08-2025 15:05,0,29.6,98483.8047,28.7,207.5
S4-Bhandup Lake,19.14649,72.9308,130.686,1029,9.38747,2112.16382,27.9375,30-08-2025 15:05,0,29.6,98476.7812,28.7,207.4
S4-Bhandup Lake,19.14652,72.9305,130.686,1012,9.42204,2112.16382,27.9375,30-08-2025 15:06,0,29.6,98466.25,28.7,207.3
S4-Bhandup Lake,19.14655,72.9301,130.686,1007,9.34226,2112.16382,28,30-08-2025 15:06,0,29.6,98508.3828,28.7,207.3
S4-Bhandup Lake,19.14649,72.9308,109.347,1020,9.26248,2106.38452,28,30-08-2025 15:06,0,29.6,98490.8281,28.7,207.3
S4-Bhandup Lake,19.14652,72.9305,109.347,1014,9.27046,2106.38452,28.0625,30-08-2025 15:07,0,29.6,98427.625,28.7,207.3
S4-Bhandup Lake,19.14655,72.9301,109.347,999,8.92741,2100.63135,28.0625,30-08-2025 15:07,0,29.6,98332.8281,28.7,207.3
S4-Bhandup Lake,19.14649,72.9308,109.347,997,8.89283,2100.63135,28.0625,30-08-2025 15:07,0,29.6,98318.7812,28.7,207
S4-Bhandup Lake,19.14652,72.9305,109.347,1002,8.8689,2100.63135,28.0625,30-08-2025 15:08,0,29.6,98367.9375,28.7,207
S4-Bhandup Lake,19.14655,72.9301,109.347,1002,8.87688,2100.63135,28.0625,30-08-2025 15:08,0,29.6,98350.375,28.7,207
S4-Bhandup Lake,19.14649,72.9308,109.347,1004,9.14813,2100.63135,28.0625,30-08-2025 15:08,0,29.6,98287.1875,28.7,207
S4-Bhandup Lake,19.14652,72.9305,109.347,1005,8.83433,2100.63135,28.0625,30-08-2025 15:09,0,29.6,98325.8047,28.7,206.9
S4-Bhandup Lake,19.14655,72.9301,109.347,1007,9.06303,2100.63135,28.0625,30-08-2025 15:09,0,29.6,98294.2031,28.7,206.8
S4-Bhandup Lake,19.14649,72.9308,109.347,1009,8.76253,2100.63135,28.0625,30-08-2025 15:09,0,29.6,98287.1875,28.7,206.8
S4-Bhandup Lake,19.14652,72.9305,109.347,1010,8.7705,2100.63135,28.0625,30-08-2025 15:10,0,29.6,98248.5703,28.7,206.7
S4-Bhandup Lake,19.14655,72.9301,109.347,988,9.14015,2100.63135,28.0625,30-08-2025 15:10,0,29.6,98304.7422,28.7,206.6
S4-Bhandup Lake,19.14649,72.9308,109.347,970,9.11356,2100.63135,28.125,30-08-2025 15:10,0,29.6,98389,28.7,206.6
S4-Bhandup Lake,19.14652,72.9305,109.347,975,9.01782,2094.90503,28.125,30-08-2025 15:11,0,29.6,98378.4688,28.7,206.6
S4-Bhandup Lake,19.14655,72.9301,109.347,964,8.65881,2094.90503,28.125,30-08-2025 15:11,0,29.6,98325.8047,28.7,206.6
S4-Bhandup Lake,19.14649,72.9308,109.347,909,8.65084,2094.90503,28.125,30-08-2025 15:11,0,29.6,98255.5938,28.7,206.6
S4-Bhandup Lake,19.14652,72.9305,109.347,849,8.60563,2094.90503,28.125,30-08-2025 15:12,0,29.6,98199.4219,28.7,206.5
S4-Bhandup Lake,19.14655,72.9301,109.347,834,8.64286,2094.90503,28.125,30-08-2025 15:12,0,29.6,98181.8672,28.7,205.9
S4-Bhandup Lake,19.14649,72.9308,109.347,801,8.89549,2094.90503,28.125,30-08-2025 15:12,0,29.6,98153.7891,28.7,206
S4-Bhandup Lake,19.14652,72.9305,109.347,774,8.59233,2094.90503,28.125,30-08-2025 15:13,0,29.6,98150.2812,28.7,206.1
S4-Bhandup Lake,19.14655,72.9301,109.347,804,8.5551,2094.90503,28.125,30-08-2025 15:13,0,29.6,98231.0156,28.7,206
S4-Bhandup Lake,19.14649,72.9308,109.347,796,8.52851,2094.90503,28.125,30-08-2025 15:13,0,28.5,41786.4102,28.2,206.6
S4-Bhandup Lake,19.14652,72.9305,109.347,743,8.8104,2094.90503,28.125,30-08-2025 15:14,0,28.6,118790.5156,28,227.1
S4-Bhandup Lake,19.14655,72.9301,109.347,755,8.84763,2094.90503,28.125,30-08-2025 15:14,0,28.6,117885.1328,28,226.9
S4-Bhandup Lake,19.14649,72.9308,109.347,720,8.4567,2094.90503,28.125,30-08-2025 15:14,0,28.6,116548.0625,28,226.7
S4-Bhandup Lake,19.14652,72.9305,109.347,687,8.7838,2094.90503,28.1875,30-08-2025 15:15,0,28.6,116019.3906,28,226.7
S4-Bhandup Lake,19.14655,72.9301,109.347,750,8.74657,2089.20557,28.125,30-08-2025 15:15,0,28.6,115669.4688,28,226.7
S4-Bhandup Lake,19.14649,72.9308,109.347,790,8.38224,2094.90503,28.1875,30-08-2025 15:15,0,28.6,115451.7188,28,226.5
S4-Bhandup Lake,19.14652,72.9305,109.347,800,8.37958,2089.20557,28.1875,30-08-2025 15:16,0,28.6,115212.5938,28,226.5
S4-Bhandup Lake,19.14655,72.9301,109.347,782,8.68807,2089.20557,28.1875,30-08-2025 15:16,0,28.6,115166.1953,28,226.5
S4-Bhandup Lake,19.14649,72.9308,109.347,794,8.63754,2089.20557,28.1875,30-08-2025 15:16,0,28.6,115084.125,28,226.3
S4-Bhandup Lake,19.14652,72.9305,109.347,836,8.61095,2089.20557,28.1875,30-08-2025 15:17,0,28.6,115002.0625,28,226.3
S4-Bhandup Lake,19.14655,72.9301,109.347,841,8.53382,2089.20557,28.1875,30-08-2025 15:17,0,28.6,115002.0625,28,226.3
S4-Bhandup Lake,19.14649,72.9308,109.347,865,8.32108,2089.20557,28.1875,30-08-2025 15:17,0,28.6,115059.1484,28,226.3
S4-Bhandup Lake,19.14652,72.9305,109.347,881,8.25193,2089.20557,28.1875,30-08-2025 15:18,0,28.6,115052.0156,28,226.3
S4-Bhandup Lake,19.14655,72.9301,109.347,907,8.21204,2089.20557,28.25,30-08-2025 15:18,0,28.6,114944.9766,28,226.1
S4-Bhandup Lake,19.14649,72.9308,109.347,925,8.23066,2083.53198,28.1875,30-08-2025 15:18,0,28.6,114977.0859,28,226.1
S4-Bhandup Lake,19.14652,72.9305,109.347,933,8.14822,2089.20557,28.25,30-08-2025 15:19,0,28.6,114895.0234,28,226.1
S4-Bhandup Lake,19.14655,72.9301,109.347,958,8.18811,2083.53198,28.25,30-08-2025 15:19,0,28.6,114763.0312,28,226.1
S4-Bhandup Lake,19.14649,72.9308,109.347,968,8.16683,2083.53198,28.25,30-08-2025 15:19,0,28.6,114509.7891,28,226.1
S4-Bhandup Lake,19.14652,72.9305,109.347,979,8.12695,2083.53198,28.25,30-08-2025 15:20,0,28.6,114463.4375,28,226.1
S4-Bhandup Lake,19.14655,72.9301,109.347,1003,8.38756,2083.53198,28.25,30-08-2025 15:20,0,28.7,114160.3438,28.1,226.2
S4-Bhandup Lake,19.14649,72.9308,109.347,1041,8.10833,2083.53198,28.25,30-08-2025 15:20,0,28.7,114124.6953,28.1,226.2
S4-Bhandup Lake,19.14652,72.9305,109.347,1043,8.09237,2083.53198,28.25,30-08-2025 15:21,0,28.7,114238.7891,28,226.1
S4-Bhandup Lake,19.14655,72.9301,109.347,1017,8.36629,2083.53198,28.25,30-08-2025 15:21,0,28.7,114263.7422,28.1,226.2
S4-Bhandup Lake,19.14649,72.9308,109.347,1035,8.03121,2083.53198,28.25,30-08-2025 15:21,0,28.7,114292.2578,28.1,226.2
S4-Bhandup Lake,19.14652,72.9305,109.347,1044,8.2998,2083.53198,28.3125,30-08-2025 15:22,0,28.7,114356.4453,28.1,226.2
S4-Bhandup Lake,19.14655,72.9301,109.347,1021,8.02855,2077.88574,28.25,30-08-2025 15:22,0,28.7,114356.4453,28.1,226.1
S4-Bhandup Lake,19.14649,72.9308,109.347,1031,8.23598,2083.53198,28.25,30-08-2025 15:22,0,28.7,114317.2188,28.1,226.1
S4-Bhandup Lake,19.14652,72.9305,109.347,1040,7.986,2083.53198,28.25,30-08-2025 15:23,0,28.7,114081.9141,28.1,226.1
S4-Bhandup Lake,19.14655,72.9301,109.347,1049,7.92218,2083.53198,28.3125,30-08-2025 15:23,0,28.7,114124.6953,28.1,226.1
S4-Bhandup Lake,19.14649,72.9308,109.347,1052,8.19875,2077.88574,28.3125,30-08-2025 15:23,0,28.7,114078.3516,28.1,226.1
S4-Bhandup Lake,19.14652,72.9305,109.347,1033,7.82644,2077.88574,28.3125,30-08-2025 15:24,0,28.7,114124.6953,28.1,226.1
S4-Bhandup Lake,19.14655,72.9301,109.347,1041,8.11897,2077.88574,28.3125,30-08-2025 15:24,0,28.7,113960.7109,28.1,226.1
S4-Bhandup Lake,19.14649,72.9308,109.347,1049,8.09769,2077.88574,28.3125,30-08-2025 15:24,0,28.7,114007.0547,28.1,226.1
S4-Bhandup Lake,19.14652,72.9305,109.347,1044,8.04185,2077.88574,28.375,30-08-2025 15:25,0,28.7,113932.2031,28.1,226.1
S4-Bhandup Lake,19.14655,72.9301,109.347,1041,7.8424,2072.26514,28.3125,30-08-2025 15:25,0,28.7,113907.2422,28.1,226
S4-Bhandup Lake,19.14649,72.9308,109.347,1052,8.02323,2077.88574,28.375,30-08-2025 15:25,0,28.7,113846.6484,28.1,226
S4-Bhandup Lake,19.14652,72.9305,109.347,1047,7.6589,2072.26514,28.375,30-08-2025 15:26,0,28.7,113892.9922,28.2,226.2
S4-Bhandup Lake,19.14655,72.9301,109.347,1047,7.74932,2072.26514,28.375,30-08-2025 15:26,0,28.7,113882.2891,28.2,226.2
S4-Bhandup Lake,19.14649,72.9308,109.347,1047,7.72804,2072.26514,28.375,30-08-2025 15:26,0,28.7,113814.5703,28.1,225.9
S4-Bhandup Lake,19.14652,72.9305,109.347,1048,7.92749,2072.26514,28.375,30-08-2025 15:27,0,28.7,113736.1641,28.2,226.1
S4-Bhandup Lake,19.14655,72.9301,109.347,1062,7.78389,2072.26514,28.375,30-08-2025 15:27,0,28.7,113704.0859,28.2,226.1
S4-Bhandup Lake,19.14649,72.9308,109.347,1056,7.9142,2072.26514,28.375,30-08-2025 15:27,0,28.8,113433.2734,28.2,226
S4-Bhandup Lake,19.14652,72.9305,109.347,1061,7.95941,2072.26514,28.375,30-08-2025 15:28,0,28.7,113650.6328,28.2,226
S4-Bhandup Lake,19.14655,72.9301,109.347,1065,7.65358,2072.26514,28.375,30-08-2025 15:28,0,28.8,113390.5234,28.2,226
S4-Bhandup Lake,19.14649,72.9308,109.347,1060,7.65358,2072.26514,28.375,30-08-2025 15:28,0,28.8,113351.3359,28.2,226
S4-Bhandup Lake,19.14652,72.9305,109.347,1024,7.67752,2072.26514,28.375,30-08-2025 15:29,0,28.8,113871.6016,28.2,227.4
S4-Bhandup Lake,19.14655,72.9301,109.347,1051,7.65092,2072.26514,28.4375,30-08-2025 15:29,0,28.8,118779.7812,28.2,228.5
S4-Bhandup Lake,19.14649,72.9308,109.347,1070,7.82112,2066.67017,28.375,30-08-2025 15:29,0,28.8,124076,28.2,228.5
S4-Bhandup Lake,19.14652,72.9305,109.347,1040,7.61369,2072.26514,28.375,30-08-2025 15:30,0,28.8,118615.1016,28.2,215.6
S4-Bhandup Lake,19.14655,72.9301,109.347,1043,7.8291,2072.26514,28.375,30-08-2025 15:30,0,28.8,91371.7188,28.2,216.5
S4-Bhandup Lake,19.14649,72.9308,109.347,1039,7.56317,2072.26514,28.375,30-08-2025 15:30,0,28.8,66231.4297,28.2,218.3
S4-Bhandup Lake,19.14652,72.9305,109.347,1059,7.82644,2072.26514,28.375,30-08-2025 15:31,0,28.8,55531.9453,28.2,220.3
S4-Bhandup Lake,19.14655,72.9301,109.347,1050,7.54455,2072.26514,28.375,30-08-2025 15:31,0,28.8,59130.0781,28.2,220.4
S4-Bhandup Lake,19.14649,72.9308,109.347,1044,7.50732,2072.26514,28.375,30-08-2025 15:31,0,28.8,62046.4961,28.2,220.3
S4-Bhandup Lake,19.14652,72.9305,109.347,1046,7.53125,2072.26514,28.375,30-08-2025 15:32,0,28.8,62093.5742,28.2,220.3
S4-Bhandup Lake,19.14655,72.9301,109.347,1054,7.52859,2072.26514,28.4375,30-08-2025 15:32,0,28.8,62033.043,28.2,220.3
S4-Bhandup Lake,19.14649,72.9308,109.347,1046,7.54189,2066.67017,28.4375,30-08-2025 15:32,0,28.8,61959.0703,28.2,220.3
S4-Bhandup Lake,19.14652,72.9305,109.347,1034,7.69613,2066.67017,28.4375,30-08-2025 15:33,0,28.8,61888.4648,28.2,220.3
S4-Bhandup Lake,19.14655,72.9301,109.347,1047,7.44881,2066.67017,28.4375,30-08-2025 15:33,0,28.9,61723.7422,28.2,220.2
S4-Bhandup Lake,19.14649,72.9308,109.347,1058,7.43286,2066.67017,28.4375,30-08-2025 15:33,0,28.9,61737.1875,28.2,220.1
S4-Bhandup Lake,19.14652,72.9305,109.347,1049,7.6722,2066.67017,28.4375,30-08-2025 15:34,0,28.9,61740.5469,28.2,220.1
S4-Bhandup Lake,19.14655,72.9301,109.347,1054,7.44881,2066.67017,28.4375,30-08-2025 15:34,0,28.9,61784.25,28.2,220.1
S4-Bhandup Lake,19.14649,72.9308,109.347,1055,7.65624,2066.67017,28.4375,30-08-2025 15:34,0,28.9,61875.0195,28.3,220.2
S4-Bhandup Lake,19.14652,72.9305,109.347,1042,7.66422,2066.67017,28.4375,30-08-2025 15:35,0,28.9,61942.2578,28.3,220.2
S4-Bhandup Lake,19.14655,72.9301,109.347,1047,7.40626,2066.67017,28.4375,30-08-2025 15:35,0,28.9,71412.5781,28.3,219.3
S4-Bhandup Lake,19.14649,72.9308,109.347,1052,7.41158,2066.67017,28.4375,30-08-2025 15:35,0,28.9,91322.9297,28.3,219.5
S4-Bhandup Lake,19.14652,72.9305,109.347,1049,7.60571,2066.67017,28.4375,30-08-2025 15:36,0,28.9,110835.5156,28.3,219.5
S4-Bhandup Lake,19.14655,72.9301,109.347,1052,7.62167,2066.67017,28.4375,30-08-2025 15:36,0,28.9,118053.2734,28.3,219.3
S4-Bhandup Lake,19.14649,72.9308,109.347,1047,7.57114,2066.67017,28.5,30-08-2025 15:36,0,28.9,115712.3125,28.3,219.3
S4-Bhandup Lake,19.14652,72.9305,109.347,1053,7.38765,2061.10132,28.4375,30-08-2025 15:37,0,28.9,113604.3125,28.3,219.3
S4-Bhandup Lake,19.14655,72.9301,109.347,1050,7.29989,2066.67017,28.4375,30-08-2025 15:37,0,28.9,111461.2578,28.3,219.3
S4-Bhandup Lake,19.14649,72.9308,109.347,1044,7.54189,2066.67017,28.5,30-08-2025 15:37,0,28.9,109049.2109,28.3,219.1
S4-Bhandup Lake,19.14652,72.9305,109.347,1029,7.53923,2061.10132,28.4375,30-08-2025 15:38,0,29,107003.8438,28.3,219.1
S4-Bhandup Lake,19.14655,72.9301,109.347,1054,7.25734,2066.67017,28.4375,30-08-2025 15:38,0,29,105503.3906,28.4,219.3
S4-Bhandup Lake,19.14649,72.9308,109.347,1097,7.30521,2066.67017,28.5,30-08-2025 15:38,0,29,104397.1562,28.4,219.2
S4-Bhandup Lake,19.14652,72.9305,109.347,1088,7.2467,2061.10132,28.5,30-08-2025 15:39,0,29,103482.6797,28.4,219.2
S4-Bhandup Lake,19.14655,72.9301,109.347,1050,7.4887,2061.10132,28.5,30-08-2025 15:39,0,29,102646.6172,28.4,219.2
S4-Bhandup Lake,19.14649,72.9308,109.347,1039,7.23607,2061.10132,28.5,30-08-2025 15:39,0,29,101990.9453,28.4,219.1
S4-Bhandup Lake,19.14652,72.9305,109.347,1044,7.2467,2061.10132,28.5,30-08-2025 15:40,0,29,101494.1953,28.4,219.1
S4-Bhandup Lake,19.14655,72.9301,109.347,1054,7.36106,2061.10132,28.5,30-08-2025 15:40,0,29,101261.7578,28.4,219.1
S4-Bhandup Lake,19.14649,72.9308,109.347,1058,7.47009,2061.10132,28.5,30-08-2025 15:40,0,29,101149.0781,28.4,219.1
S4-Bhandup Lake,19.14652,72.9305,109.347,1077,7.44615,2061.10132,28.5,30-08-2025 15:41,0,29,101082.1797,28.4,218.9
S4-Bhandup Lake,19.14655,72.9301,109.347,1076,7.44615,2061.10132,28.5,30-08-2025 15:41,0,29.1,100842.8047,28.4,218.9
S4-Bhandup Lake,19.14649,72.9308,109.347,1035,7.44349,2061.10132,28.5,30-08-2025 15:41,0,29.1,100835.7656,28.4,218.9
S4-Bhandup Lake,19.14652,72.9305,109.347,1034,7.45413,2061.10132,28.5,30-08-2025 15:42,0,29.1,100853.3594,28.4,218.9
S4-Bhandup Lake,19.14655,72.9301,109.347,1084,7.38765,2061.10132,28.5,30-08-2025 15:42,0,29.1,100846.3281,28.4,218.9
S4-Bhandup Lake,19.14649,72.9308,0,0,7.48604,0,28,30-08-2025 15:42,0,29.1,100955.4453,28.4,218.9
S4-Bhandup Lake,19.14652,72.9305,0,-2041,7.19352,0,27.6875,30-08-2025 15:43,0,29.1,101015.2891,28.4,218.8
S4-Bhandup Lake,19.14655,72.9301,0,-2049,7.1749,0,27.6875,30-08-2025 15:43,0,29.1,100987.125,28.4,218.8
S4-Bhandup Lake,19.14649,72.9308,0,-1968,7.32648,0,27.6875,30-08-2025 15:43,0,29.1,100835.7656,28.4,218.7
S4-Bhandup Lake,19.14652,72.9305,0,-1984,7.19086,0,27.6875,30-08-2025 15:44,0,29.1,100726.6484,28.4,218.7
S4-Bhandup Lake,19.14655,72.9301,0,-1915,7.25202,0,27.6875,30-08-2025 15:44,0,29.1,100744.25,28.4,218.7
S4-Bhandup Lake,19.14649,72.9308,0,-1776,7.24404,0,27.6875,30-08-2025 15:44,0,29.1,100761.8438,28.4,218.7
S4-Bhandup Lake,19.14652,72.9305,0,-1722,7.01002,0,27.6875,30-08-2025 15:45,0,29.1,100740.7344,28.4,218.6
S4-Bhandup Lake,19.14655,72.9301,0,-1650,7.19086,0,27.6875,30-08-2025 15:45,0,29.1,100737.2109,28.4,218.7
S4-Bhandup Lake,19.14649,72.9308,0,-1630,7.01002,0,27.6875,30-08-2025 15:45,0,29.1,100765.3672,28.4,218.5
S4-Bhandup Lake,19.14652,72.9305,0,-1642,6.91695,0,27.6875,30-08-2025 15:46,0,29.1,100867.4453,28.4,218.5
S4-Bhandup Lake,19.14655,72.9301,0,-1493,6.89833,0,27.6875,30-08-2025 15:46,0,29.1,100835.7656,28.5,218.7
S4-Bhandup Lake,19.14649,72.9308,0,-1461,7.06055,0,27.6875,30-08-2025 15:46,0,29.1,100673.8594,28.5,218.7
S4-Bhandup Lake,19.14652,72.9305,0,-1466,7.02332,0,27.6875,30-08-2025 15:47,0,29.1,100624.5938,28.5,218.7
S4-Bhandup Lake,19.14655,72.9301,0,-1361,9.5231,0,27.6875,30-08-2025 15:47,0,29.1,100617.5547,28.5,218.7
S4-Bhandup Lake,19.14649,72.9308,65.303,-1319,9.70127,613.51562,27.6875,30-08-2025 15:47,0,29.2,100406.4375,28.5,218.7
S4-Bhandup Lake,19.14652,72.9305,0,0,9.64011,0,28,30-08-2025 15:48,0,29.2,100459.2109,28.5,218.7
S4-Bhandup Lake,19.14655,72.9301,0,-2019,9.32365,0,27.75,30-08-2025 15:48,0,29.2,100452.1719,28.5,218.5
S4-Bhandup Lake,19.14649,72.9308,0,-2001,9.32631,0,27.75,30-08-2025 15:48,0,29.2,100392.3594,28.5,218.6
S4-Bhandup Lake,19.14652,72.9305,0,-1838,9.32099,0,27.75,30-08-2025 15:49,0,29.2,100367.7344,28.5,218.5
S4-Bhandup Lake,19.14655,72.9301,0,-1806,9.49651,0,27.75,30-08-2025 15:49,0,29.2,100385.3203,28.5,218.5
S4-Bhandup Lake,19.14649,72.9308,0,-1677,9.24919,0,27.75,30-08-2025 15:49,0,29.2,100445.1328,28.5,218.5
S4-Bhandup Lake,19.14652,72.9305,0,-1685,9.48853,0,27.75,30-08-2025 15:50,0,29.2,100508.4688,28.5,218.4
S4-Bhandup Lake,19.14655,72.9301,0,-1851,9.41141,0,27.75,30-08-2025 15:50,0,29.2,100424.0234,28.5,218.4
S4-Bhandup Lake,19.14649,72.9308,0,-1690,9.21727,0,27.75,30-08-2025 15:50,0,29.2,100329.0312,28.5,218.3
S4-Bhandup Lake,19.14652,72.9305,0,-1585,9.4513,0,27.75,30-08-2025 15:51,0,29.2,100212.9453,28.6,218.8
S4-Bhandup Lake,19.14655,72.9301,0,-1523,9.196,0,27.75,30-08-2025 15:51,0,29.2,100202.3906,28.5,218.3
S4-Bhandup Lake,19.14649,72.9308,0,-1492,9.40609,0,27.8125,30-08-2025 15:51,0,29.3,99945.6406,28.6,218.8
S4-Bhandup Lake,19.14652,72.9305,0,-1609,9.39545,0,27.8125,30-08-2025 15:52,0,29.3,100012.4609,28.6,218.7
S4-Bhandup Lake,19.14655,72.9301,0,-1618,9.10292,0,27.8125,30-08-2025 15:52,0,29.3,100117.9766,28.6,218.8
S4-Bhandup Lake,19.14649,72.9308,0,-1537,9.31833,0,27.8125,30-08-2025 15:52,0,29.3,100149.6328,28.6,218.8
S4-Bhandup Lake,19.14652,72.9305,65.303,-1491,9.34758,611.59668,27.8125,30-08-2025 15:53,0,29.3,100093.3594,28.6,218.7
S4-Bhandup Lake,19.14655,72.9301,130.686,-1345,9.30503,2123.80542,27.8125,30-08-2025 15:53,0,29.3,100037.0859,28.6,218.7
S4-Bhandup Lake,19.14649,72.9308,130.686,-1339,9.29174,2123.80542,27.8125,30-08-2025 15:53,0,29.3,100163.6953,28.6,218.6
S4-Bhandup Lake,19.14652,72.9305,130.686,-1429,9.24653,2123.80542,27.8125,30-08-2025 15:54,0,29.3,100205.9141,28.6,218.6
S4-Bhandup Lake,19.14655,72.9301,130.686,-1380,9.24121,2123.80542,27.8125,30-08-2025 15:54,0,29.3,100163.6953,28.6,218.6
S4-Bhandup Lake,19.14649,72.9308,130.686,-1314,8.99655,2123.80542,27.8125,30-08-2025 15:54,0,29.3,99998.3984,28.6,218.6
S4-Bhandup Lake,19.14652,72.9305,130.686,-1289,9.20664,2123.80542,27.8125,30-08-2025 15:55,0,29.3,99942.1328,28.6,218.6
S4-Bhandup Lake,19.14655,72.9301,130.686,-1347,8.73593,2123.80542,27.875,30-08-2025 15:55,0,29.3,100089.8359,28.6,218.5
S4-Bhandup Lake,19.14649,72.9308,130.686,-1284,9.02846,2117.97095,27.8125,30-08-2025 15:55,0,29.3,100079.2891,28.6,218.6
S4-Bhandup Lake,19.14652,72.9305,130.686,-1188,9.11356,2123.80542,27.875,30-08-2025 15:56,0,29.3,100100.3906,28.6,218.5
S4-Bhandup Lake,19.14655,72.9301,130.686,-1184,8.88752,2117.97095,27.8125,30-08-2025 15:56,0,29.3,99928.0625,28.6,218.5
S4-Bhandup Lake,19.14649,72.9308,130.686,-1100,8.87954,2123.80542,27.875,30-08-2025 15:56,0,29.3,99910.4766,28.6,218.5
S4-Bhandup Lake,19.14652,72.9305,130.686,-1014,8.84763,2117.97095,27.875,30-08-2025 15:57,0,29.3,99833.1172,28.6,218.5
S4-Bhandup Lake,19.14655,72.9301,130.686,-1067,9.09494,2117.97095,27.875,30-08-2025 15:57,0,29.3,99928.0625,28.6,218.4
S4-Bhandup Lake,19.14649,72.9308,130.686,-1042,9.03112,2117.97095,27.875,30-08-2025 15:57,0,29.3,99910.4766,28.6,218.3
S4-Bhandup Lake,19.14652,72.9305,130.686,-985,9.01782,2117.97095,27.875,30-08-2025 15:58,0,29.3,99928.0625,28.6,218.4
S4-Bhandup Lake,19.14655,72.9301,130.686,-1045,8.89283,2117.97095,27.875,30-08-2025 15:58,0,29.4,99555.375,28.6,218.4
S4-Bhandup Lake,19.14649,72.9308,130.686,-991,8.69338,2117.97095,27.875,30-08-2025 15:58,0,29.4,99509.6719,28.6,218.1
S4-Bhandup Lake,19.14652,72.9305,130.686,-900,9.00719,2117.97095,27.875,30-08-2025 15:59,0,29.4,99460.4609,28.6,218.1
S4-Bhandup Lake,19.14655,72.9301,130.686,-1022,8.71998,2117.97095,27.875,30-08-2025 15:59,0,29.4,99537.7891,28.6,218.1
S4-Bhandup Lake,19.14649,72.9308,130.686,-1021,8.97793,2117.97095,27.875,30-08-2025 15:59,0,29.4,99622.1641,28.6,218.1
S4-Bhandup Lake,19.14652,72.9305,130.686,-825,8.69338,2117.97095,27.9375,30-08-2025 16:00,0,29.4,99731.1484,28.6,218.1
S4-Bhandup Lake,19.14655,72.9301,130.686,-820,8.72264,2112.16382,27.9375,30-08-2025 16:00,0,29.4,99587.0078,28.6,218.1
S4-Bhandup Lake,19.14649,72.9308,130.686,-786,8.60297,2112.16382,27.9375,30-08-2025 16:00,0,29.4,99418.2812,28.6,218.1
S4-Bhandup Lake,19.14652,72.9305,130.686,-746,8.87954,2112.16382,27.9375,30-08-2025 16:01,0,29.4,99362.0469,28.6,218.1
S4-Bhandup Lake,19.14655,72.9301,130.686,-811,8.6402,2112.16382,27.9375,30-08-2025 16:01,0,29.4,99340.9688,28.6,218.1
S4-Bhandup Lake,19.14649,72.9308,130.686,-857,8.83433,2112.16382,27.9375,30-08-2025 16:01,0,29.4,99316.3672,28.6,218.1
S4-Bhandup Lake,19.14652,72.9305,130.686,-855,8.61095,2112.16382,27.9375,30-08-2025 16:02,0,29.4,99210.9375,28.6,218.1
S4-Bhandup Lake,19.14655,72.9301,130.686,-797,8.82635,2112.16382,28,30-08-2025 16:02,0,29.4,99210.9375,28.6,218.1
S4-Bhandup Lake,19.14649,72.9308,109.347,-731,8.56574,2106.38452,27.9375,30-08-2025 16:02,0,29.4,99158.2266,28.6,218.1
S4-Bhandup Lake,19.14652,72.9305,130.686,-705,8.56042,2112.16382,27.9375,30-08-2025 16:03,0,29.4,99130.1172,28.6,218.1
S4-Bhandup Lake,19.14655,72.9301,130.686,-539,8.94336,2112.16382,28,30-08-2025 16:03,0,29.4,99080.9219,28.6,217.9
S4-Bhandup Lake,19.14649,72.9308,109.347,224,8.65349,2106.38452,27.9375,30-08-2025 16:03,0,29.4,99105.5156,28.6,218.1
S4-Bhandup Lake,19.14652,72.9305,130.686,843,8.68275,2112.16382,28,30-08-2025 16:04,0,29.4,99007.1406,28.6,217.9
S4-Bhandup Lake,19.14655,72.9301,109.347,897,8.8822,2106.38452,28,30-08-2025 16:04,0,29.4,98922.8281,28.6,217.9
S4-Bhandup Lake,19.14649,72.9308,109.347,1001,8.85029,2106.38452,27.9375,30-08-2025 16:04,0,29.4,98986.0625,28.6,217.9
S4-Bhandup Lake,19.14652,72.9305,130.686,1029,9.38747,2112.16382,27.9375,30-08-2025 16:05,0,29.4,98943.9062,28.6,217.9
S4-Bhandup Lake,19.14655,72.9301,130.686,1012,9.42204,2112.16382,27.9375,30-08-2025 16:05,0,29.5,98631.2891,28.6,217.9
S4-Bhandup Lake,19.14649,72.9308,130.686,1007,9.34226,2112.16382,28,30-08-2025 16:05,0,29.5,98455.7109,28.6,217.9
S4-Bhandup Lake,19.14652,72.9305,109.347,1020,9.26248,2106.38452,28,30-08-2025 16:06,0,29.5,98536.4766,28.6,217.9
S4-Bhandup Lake,19.14655,72.9301,109.347,1014,9.27046,2106.38452,28.0625,30-08-2025 16:06,0,29.5,98543.5,28.6,217.9
S4-Bhandup Lake,19.14649,72.9308,109.347,999,8.92741,2100.63135,28.0625,30-08-2025 16:06,0,29.5,98568.0859,28.6,217.9
S4-Bhandup Lake,19.14652,72.9305,109.347,997,8.89283,2100.63135,28.0625,30-08-2025 16:07,0,29.5,98532.9688,28.6,217.7
S4-Bhandup Lake,19.14655,72.9301,109.347,1002,8.8689,2100.63135,28.0625,30-08-2025 16:07,0,29.5,98898.2344,28.6,217.5
S4-Bhandup Lake,19.14649,72.9308,109.347,1002,8.87688,2100.63135,28.0625,30-08-2025 16:07,0,29.5,99326.9062,28.6,217.5
S4-Bhandup Lake,19.14652,72.9305,109.347,1004,9.14813,2100.63135,28.0625,30-08-2025 16:08,0,29.5,99681.9297,28.6,217.4
S4-Bhandup Lake,19.14655,72.9301,109.347,1005,8.83433,2100.63135,28.0625,30-08-2025 16:08,0,29.5,99650.2891,28.6,217.4
S4-Bhandup Lake,19.14649,72.9308,109.347,1007,9.06303,2100.63135,28.0625,30-08-2025 16:08,0,29.5,99520.2188,28.6,217.4
S4-Bhandup Lake,19.14652,72.9305,109.347,1009,8.76253,2100.63135,28.0625,30-08-2025 16:09,0,29.5,99579.9766,28.6,217.3
S4-Bhandup Lake,19.14655,72.9301,109.347,1010,8.7705,2100.63135,28.0625,30-08-2025 16:09,0,29.5,99537.7891,28.6,216.4
S4-Bhandup Lake,19.14649,72.9308,109.347,988,9.14015,2100.63135,28.0625,30-08-2025 16:09,0,29.5,99435.8594,28.6,215.3
S4-Bhandup Lake,19.14652,72.9305,109.347,970,9.11356,2100.63135,28.125,30-08-2025 16:10,0,29.5,99312.8516,28.6,214.7
S4-Bhandup Lake,19.14655,72.9301,109.347,975,9.01782,2094.90503,28.125,30-08-2025 16:10,0,29.5,99305.8203,28.6,214.2
S4-Bhandup Lake,19.14649,72.9308,109.347,964,8.65881,2094.90503,28.125,30-08-2025 16:10,0,29.5,99358.5391,28.6,214
S4-Bhandup Lake,19.14652,72.9305,109.347,909,8.65084,2094.90503,28.125,30-08-2025 16:11,0,29.5,99305.8203,28.6,214.2
S4-Bhandup Lake,19.14655,72.9301,109.347,849,8.60563,2094.90503,28.125,30-08-2025 16:11,0,29.5,99291.7578,28.6,214.2
S4-Bhandup Lake,19.14649,72.9308,109.347,834,8.64286,2094.90503,28.125,30-08-2025 16:11,0,29.5,99316.3672,28.7,214.4
S4-Bhandup Lake,19.14652,72.9305,109.347,801,8.89549,2094.90503,28.125,30-08-2025 16:12,0,29.5,99288.2422,28.7,214.1
S4-Bhandup Lake,19.14655,72.9301,109.347,774,8.59233,2094.90503,28.125,30-08-2025 16:12,0,29.5,99400.7109,28.6,213.5
S4-Bhandup Lake,19.14649,72.9308,109.347,804,8.5551,2094.90503,28.125,30-08-2025 16:12,0,29.5,99481.5547,28.7,213.7
S4-Bhandup Lake,19.14652,72.9305,109.347,796,8.52851,2094.90503,28.125,30-08-2025 16:13,0,29.5,99485.0703,28.7,213
S4-Bhandup Lake,19.14655,72.9301,109.347,743,8.8104,2094.90503,28.125,30-08-2025 16:13,0,29.5,99351.5078,28.6,212.6
S4-Bhandup Lake,19.14649,72.9308,109.347,755,8.84763,2094.90503,28.125,30-08-2025 16:13,0,29.5,99284.7344,28.6,212.5
S4-Bhandup Lake,19.14652,72.9305,109.347,720,8.4567,2094.90503,28.125,30-08-2025 16:14,0,29.5,99358.5391,28.7,212.3
S4-Bhandup Lake,19.14655,72.9301,109.347,687,8.7838,2094.90503,28.1875,30-08-2025 16:14,0,29.5,99383.1328,28.6,211.9
S4-Bhandup Lake,19.14649,72.9308,109.347,750,8.74657,2089.20557,28.125,30-08-2025 16:14,0,29.5,99379.625,28.7,212.2
S4-Bhandup Lake,19.14652,72.9305,109.347,790,8.38224,2094.90503,28.1875,30-08-2025 16:15,0,29.5,99309.3359,28.6,211.7
S4-Bhandup Lake,19.14655,72.9301,109.347,800,8.37958,2089.20557,28.1875,30-08-2025 16:15,0,29.5,99326.9062,28.7,211.8
S4-Bhandup Lake,19.14649,72.9308,109.347,782,8.68807,2089.20557,28.1875,30-08-2025 16:15,0,29.5,99253.1094,28.6,211.7
S4-Bhandup Lake,19.14652,72.9305,109.347,794,8.63754,2089.20557,28.1875,30-08-2025 16:16,0,29.5,99263.6484,28.6,211.4
S4-Bhandup Lake,19.14655,72.9301,109.347,836,8.61095,2089.20557,28.1875,30-08-2025 16:16,0,29.5,99189.8516,28.6,211.4
S4-Bhandup Lake,19.14649,72.9308,109.347,841,8.53382,2089.20557,28.1875,30-08-2025 16:16,0,29.5,99186.3359,28.6,211.4
S4-Bhandup Lake,19.14652,72.9305,109.347,865,8.32108,2089.20557,28.1875,30-08-2025 16:17,0,29.5,99189.8516,28.6,211.4
S4-Bhandup Lake,19.14655,72.9301,109.347,881,8.25193,2089.20557,28.1875,30-08-2025 16:17,0,29.5,99161.7422,28.6,211.2
S4-Bhandup Lake,19.14649,72.9308,109.347,907,8.21204,2089.20557,28.25,30-08-2025 16:17,0,29.5,99119.5781,28.6,211.2
S4-Bhandup Lake,19.14652,72.9305,109.347,925,8.23066,2083.53198,28.1875,30-08-2025 16:18,0,29.5,99151.2031,28.6,211.2
S4-Bhandup Lake,19.14655,72.9301,109.347,933,8.14822,2089.20557,28.25,30-08-2025 16:18,0,29.5,99221.4766,28.7,211.2
S4-Bhandup Lake,19.14649,72.9308,109.347,958,8.18811,2083.53198,28.25,30-08-2025 16:18,0,29.5,99203.9062,28.7,210.8
S4-Bhandup Lake,19.14652,72.9305,109.347,968,8.16683,2083.53198,28.25,30-08-2025 16:19,0,29.5,99098.4922,28.6,210.5
S4-Bhandup Lake,19.14655,72.9301,109.347,979,8.12695,2083.53198,28.25,30-08-2025 16:19,0,29.5,99042.2734,28.6,210.6
S4-Bhandup Lake,19.14649,72.9308,109.347,1003,8.38756,2083.53198,28.25,30-08-2025 16:19,0,29.5,99049.3047,28.6,210.7
S4-Bhandup Lake,19.14652,72.9305,109.347,1041,8.10833,2083.53198,28.25,30-08-2025 16:20,0,29.5,99045.7891,28.6,210.5
S4-Bhandup Lake,19.14655,72.9301,109.347,1043,8.09237,2083.53198,28.25,30-08-2025 16:20,0,29.5,99007.1406,28.6,210.4
S4-Bhandup Lake,19.14649,72.9308,109.347,1017,8.36629,2083.53198,28.25,30-08-2025 16:20,0,29.5,99144.1719,28.7,210.7
S4-Bhandup Lake,19.14652,72.9305,109.347,1035,8.03121,2083.53198,28.25,30-08-2025 16:21,0,29.5,99242.5625,28.6,210.5
S4-Bhandup Lake,19.14655,72.9301,109.347,1044,8.2998,2083.53198,28.3125,30-08-2025 16:21,0,29.5,99270.6797,28.7,210.7
S4-Bhandup Lake,19.14649,72.9308,109.347,1021,8.02855,2077.88574,28.25,30-08-2025 16:21,0,29.5,99186.3359,28.7,210.5
S4-Bhandup Lake,19.14652,72.9305,109.347,1031,8.23598,2083.53198,28.25,30-08-2025 16:22,0,29.5,99098.4922,28.7,210.4
S4-Bhandup Lake,19.14655,72.9301,109.347,1040,7.986,2083.53198,28.25,30-08-2025 16:22,0,29.5,99059.8438,28.7,210.5
S4-Bhandup Lake,19.14649,72.9308,109.347,1049,7.92218,2083.53198,28.3125,30-08-2025 16:22,0,29.5,99161.7422,28.7,210.5
S4-Bhandup Lake,19.14652,72.9305,109.347,1052,8.19875,2077.88574,28.3125,30-08-2025 16:23,0,29.5,99196.875,28.7,210
S4-Bhandup Lake,19.14655,72.9301,109.347,1033,7.82644,2077.88574,28.3125,30-08-2025 16:23,0,29.6,98905.2656,28.7,209.8
S4-Bhandup Lake,19.14649,72.9308,109.347,1041,8.11897,2077.88574,28.3125,30-08-2025 16:23,0,29.5,99035.25,28.7,209.8
S4-Bhandup Lake,19.14652,72.9305,109.347,1049,8.09769,2077.88574,28.3125,30-08-2025 16:24,0,29.6,98810.4219,28.7,209.9
S4-Bhandup Lake,19.14655,72.9301,109.347,1044,8.04185,2077.88574,28.375,30-08-2025 16:24,0,29.6,98806.9062,28.7,209.9
S4-Bhandup Lake,19.14649,72.9308,109.347,1041,7.8424,2072.26514,28.3125,30-08-2025 16:24,0,29.6,98676.9531,28.7,210
S4-Bhandup Lake,19.14652,72.9305,109.347,1052,8.02323,2077.88574,28.375,30-08-2025 16:25,0,29.5,98891.2109,28.7,210
S4-Bhandup Lake,19.14655,72.9301,109.347,1047,7.6589,2072.26514,28.375,30-08-2025 16:25,0,29.6,98648.8516,28.7,209.9
S4-Bhandup Lake,19.14649,72.9308,109.347,1047,7.74932,2072.26514,28.375,30-08-2025 16:25,0,29.5,98915.7969,28.7,209.6
S4-Bhandup Lake,19.14652,72.9305,109.347,1047,7.72804,2072.26514,28.375,30-08-2025 16:26,0,29.6,98641.8281,28.7,208.9
S4-Bhandup Lake,19.14655,72.9301,109.347,1048,7.92749,2072.26514,28.375,30-08-2025 16:26,0,29.5,98866.625,28.7,209.4
S4-Bhandup Lake,19.14649,72.9308,109.347,1062,7.78389,2072.26514,28.375,30-08-2025 16:26,0,29.5,98768.2656,28.7,209.4
S4-Bhandup Lake,19.14652,72.9305,109.347,1056,7.9142,2072.26514,28.375,30-08-2025 16:27,0,29.6,98518.9141,28.7,209.4
S4-Bhandup Lake,19.14655,72.9301,109.347,1061,7.95941,2072.26514,28.375,30-08-2025 16:27,0,29.6,98515.4062,28.7,209.4
S4-Bhandup Lake,19.14649,72.9308,109.347,1065,7.65358,2072.26514,28.375,30-08-2025 16:27,0,29.5,98796.3672,28.7,209.4
S4-Bhandup Lake,19.14652,72.9305,109.347,1060,7.65358,2072.26514,28.375,30-08-2025 16:28,0,29.5,98740.1719,28.7,209.4
S4-Bhandup Lake,19.14655,72.9301,109.347,1024,7.67752,2072.26514,28.375,30-08-2025 16:28,0,29.5,98740.1719,28.7,209.4
S4-Bhandup Lake,19.14649,72.9308,109.347,1051,7.65092,2072.26514,28.4375,30-08-2025 16:28,0,29.6,98480.2891,28.7,209.4
S4-Bhandup Lake,19.14652,72.9305,109.347,1070,7.82112,2066.67017,28.375,30-08-2025 16:29,0,29.6,98547.0078,28.7,209.4
S4-Bhandup Lake,19.14655,72.9301,109.347,1040,7.61369,2072.26514,28.375,30-08-2025 16:29,0,29.6,98522.4297,28.7,209.2
S4-Bhandup Lake,19.14649,72.9308,109.347,1043,7.8291,2072.26514,28.375,30-08-2025 16:29,0,29.6,98554.0312,28.7,209.2
S4-Bhandup Lake,19.14652,72.9305,109.347,1039,7.56317,2072.26514,28.375,30-08-2025 16:30,0,29.6,98571.5938,28.7,209.1
S4-Bhandup Lake,19.14655,72.9301,109.347,1059,7.82644,2072.26514,28.375,30-08-2025 16:30,0,29.6,98589.1484,28.7,209
S4-Bhandup Lake,19.14649,72.9308,109.347,1050,7.54455,2072.26514,28.375,30-08-2025 16:30,0,29.6,98561.0625,28.7,208.9
S4-Bhandup Lake,19.14652,72.9305,109.347,1044,7.50732,2072.26514,28.375,30-08-2025 16:31,0,29.6,98525.9453,28.7,208.9
S4-Bhandup Lake,19.14655,72.9301,109.347,1046,7.53125,2072.26514,28.375,30-08-2025 16:31,0,29.6,98550.5234,28.7,208.7
S4-Bhandup Lake,19.14649,72.9308,109.347,1054,7.52859,2072.26514,28.4375,30-08-2025 16:31,0,29.6,98554.0312,28.7,208.5
S4-Bhandup Lake,19.14652,72.9305,109.347,1046,7.54189,2066.67017,28.4375,30-08-2025 16:32,0,29.6,98539.9844,28.7,208.4
S4-Bhandup Lake,19.14655,72.9301,109.347,1034,7.69613,2066.67017,28.4375,30-08-2025 16:32,0,29.6,98529.4531,28.7,208.5
S4-Bhandup Lake,19.14649,72.9308,109.347,1047,7.44881,2066.67017,28.4375,30-08-2025 16:32,0,29.6,98557.5469,28.6,208.2
S4-Bhandup Lake,19.14652,72.9305,109.347,1058,7.43286,2066.67017,28.4375,30-08-2025 16:33,0,29.6,98529.4531,28.7,208.3
S4-Bhandup Lake,19.14655,72.9301,109.347,1049,7.6722,2066.67017,28.4375,30-08-2025 16:33,0,29.6,98452.2031,28.7,208.2
S4-Bhandup Lake,19.14649,72.9308,109.347,1054,7.44881,2066.67017,28.4375,30-08-2025 16:33,0,29.6,98448.6875,28.7,208.1
S4-Bhandup Lake,19.14652,72.9305,109.347,1055,7.65624,2066.67017,28.4375,30-08-2025 16:34,0,29.6,98568.0859,28.7,208.2
S4-Bhandup Lake,19.14655,72.9301,109.347,1042,7.66422,2066.67017,28.4375,30-08-2025 16:34,0,29.6,98624.2734,28.7,208.2
S4-Bhandup Lake,19.14649,72.9308,109.347,1047,7.40626,2066.67017,28.4375,30-08-2025 16:34,0,29.6,98606.7109,28.7,207.9
S4-Bhandup Lake,19.14652,72.9305,109.347,1052,7.41158,2066.67017,28.4375,30-08-2025 16:35,0,29.6,98497.8516,28.7,207.5
S4-Bhandup Lake,19.14655,72.9301,109.347,1049,7.60571,2066.67017,28.4375,30-08-2025 16:35,0,29.6,98483.8047,28.7,207.5
S4-Bhandup Lake,19.14649,72.9308,109.347,1052,7.62167,2066.67017,28.4375,30-08-2025 16:35,0,29.6,98476.7812,28.7,207.4
S4-Bhandup Lake,19.14652,72.9305,109.347,1047,7.57114,2066.67017,28.5,30-08-2025 16:36,0,29.6,98466.25,28.7,207.3
S4-Bhandup Lake,19.14655,72.9301,109.347,1053,7.38765,2061.10132,28.4375,30-08-2025 16:36,0,29.6,98508.3828,28.7,207.3
S4-Bhandup Lake,19.14649,72.9308,109.347,1050,7.29989,2066.67017,28.4375,30-08-2025 16:36,0,29.6,98490.8281,28.7,207.3
S4-Bhandup Lake,19.14652,72.9305,109.347,1044,7.54189,2066.67017,28.5,30-08-2025 16:37,0,29.6,98427.625,28.7,207.3
S4-Bhandup Lake,19.14655,72.9301,109.347,1029,7.53923,2061.10132,28.4375,30-08-2025 16:37,0,29.6,98332.8281,28.7,207.3
S4-Bhandup Lake,19.14649,72.9308,109.347,1054,7.25734,2066.67017,28.4375,30-08-2025 16:37,0,29.6,98318.7812,28.7,207
S4-Bhandup Lake,19.14652,72.9305,109.347,1097,7.30521,2066.67017,28.5,30-08-2025 16:38,0,29.6,98367.9375,28.7,207
S4-Bhandup Lake,19.14655,72.9301,109.347,1088,7.2467,2061.10132,28.5,30-08-2025 16:38,0,29.6,98350.375,28.7,207
S4-Bhandup Lake,19.14649,72.9308,109.347,1050,7.4887,2061.10132,28.5,30-08-2025 16:38,0,29.6,98287.1875,28.7,207
S4-Bhandup Lake,19.14652,72.9305,109.347,1039,7.23607,2061.10132,28.5,30-08-2025 16:39,0,29.6,98325.8047,28.7,206.9
S4-Bhandup Lake,19.14655,72.9301,109.347,1044,7.2467,2061.10132,28.5,30-08-2025 16:39,0,29.6,98294.2031,28.7,206.8
S4-Bhandup Lake,19.14649,72.9308,109.347,1054,7.36106,2061.10132,28.5,30-08-2025 16:39,0,29.6,98287.1875,28.7,206.8
S4-Bhandup Lake,19.14652,72.9305,109.347,1058,7.47009,2061.10132,28.5,30-08-2025 16:40,0,29.6,98248.5703,28.7,206.7
S4-Bhandup Lake,19.14655,72.9301,109.347,1077,7.44615,2061.10132,28.5,30-08-2025 16:40,0,29.6,98304.7422,28.7,206.6
S4-Bhandup Lake,19.14649,72.9308,109.347,1076,7.44615,2061.10132,28.5,30-08-2025 16:40,0,29.6,98389,28.7,206.6
S4-Bhandup Lake,19.14652,72.9305,109.347,1035,7.44349,2061.10132,28.5,30-08-2025 16:41,0,29.6,98378.4688,28.7,206.6
S4-Bhandup Lake,19.14655,72.9301,109.347,1034,7.45413,2061.10132,28.5,30-08-2025 16:41,0,29.6,98325.8047,28.7,206.6
S4-Bhandup Lake,19.14649,72.9308,109.347,1084,7.38765,2061.10132,28.5,30-08-2025 16:41,0,29.6,98255.5938,28.7,206.6
S5-Dhamapur Lake,16.0406,73.5925,0,0,5.76013,0,28,30-08-2025 18:08,0,28.6,41456.8125,28.2,206.3
S5-Dhamapur Lake,16.0404,73.5924,0,-1845,5.46495,0,27.8125,30-08-2025 18:08,0,28.6,41362.207,28.3,206.1
S5-Dhamapur Lake,16.0404,73.5924,0,-3533,5.52877,0,27.8125,30-08-2025 18:09,0,28.6,41274.1367,28.3,205.5
S5-Dhamapur Lake,16.0404,73.5924,0,-3329,5.74418,0,27.8125,30-08-2025 18:09,0,28.6,41235,28.3,205.4
S5-Dhamapur Lake,16.0404,73.5924,0,-3252,5.40378,0,27.875,30-08-2025 18:09,0,28.6,41274.1367,28.3,205
S5-Dhamapur Lake,16.0404,73.5924,0,-3202,5.35325,0,27.8125,30-08-2025 18:10,0,28.6,41336.1094,28.3,204.5
S5-Dhamapur Lake,16.0404,73.5924,0,-3177,5.24688,0,27.8125,30-08-2025 18:10,0,28.6,41404.6133,28.3,204.3
S5-Dhamapur Lake,16.0404,73.5924,0,-3147,5.31602,0,27.8125,30-08-2025 18:10,0,28.6,41391.5664,28.3,204.3
S5-Dhamapur Lake,16.0404,73.5924,0,-3121,5.23358,0,27.8125,30-08-2025 18:11,0,28.6,41385.043,28.2,203.8
S5-Dhamapur Lake,16.0404,73.5924,0,-3095,5.50484,0,27.8125,30-08-2025 18:11,0,28.7,41296.9727,28.2,203.4
S5-Dhamapur Lake,16.0404,73.5924,0,-3076,5.34793,0,27.8125,30-08-2025 18:11,0,28.7,41345.8945,28.2,203.1
S5-Dhamapur Lake,16.0404,73.5924,0,-3089,5.47824,0,27.8125,30-08-2025 18:12,0,28.7,41319.8008,28.2,202.8
S5-Dhamapur Lake,16.0404,73.5924,0,-3085,5.22826,0,27.8125,30-08-2025 18:12,0,28.7,41336.1094,28.2,202.4
S5-Dhamapur Lake,16.0404,73.5924,0,-3070,5.41708,0,27.8125,30-08-2025 18:12,0,28.7,41385.043,28.2,202.4
S5-Dhamapur Lake,16.0404,73.5924,0,-3128,5.72024,0,27.8125,30-08-2025 18:13,0,28.7,41385.043,28.2,202.4
S5-Dhamapur Lake,16.0404,73.5924,65.303,-3203,5.62185,611.59668,27.8125,30-08-2025 18:13,0,28.7,41371.9922,28.2,202.2
S5-Dhamapur Lake,16.0404,73.5924,130.686,-3195,5.3373,2123.80542,27.75,30-08-2025 18:13,0,28.7,41293.707,28.2,202
S5-Dhamapur Lake,16.0404,73.5924,130.686,-3168,5.59259,2129.66724,27.8125,30-08-2025 18:14,0,28.7,41316.543,28.2,202
S5-Dhamapur Lake,16.0404,73.5924,130.686,-3151,5.48888,2123.80542,27.75,30-08-2025 18:14,0,28.7,41394.8281,28.2,202
S5-Dhamapur Lake,16.0404,73.5924,130.686,-3172,5.23624,2129.66724,27.8125,30-08-2025 18:14,0,28.7,41473.125,28.2,202
S5-Dhamapur Lake,16.0404,73.5924,130.686,-3109,5.31336,2123.80542,27.8125,30-08-2025 18:15,0,28.7,41525.3281,28.2,201.9
S5-Dhamapur Lake,16.0404,73.5924,130.686,-3019,5.02349,2123.80542,27.8125,30-08-2025 18:15,0,28.7,41535.1172,28.2,201.7
S5-Dhamapur Lake,16.0404,73.5924,130.686,-3025,5.27347,2123.80542,27.8125,30-08-2025 18:15,0,28.7,41502.4883,28.2,201.7
S5-Dhamapur Lake,16.0404,73.5924,130.686,-3009,5.20167,2123.80542,27.8125,30-08-2025 18:16,0,28.7,41492.6992,28.2,201.6
S5-Dhamapur Lake,16.0404,73.5924,130.686,-2986,4.9251,2123.80542,27.8125,30-08-2025 18:16,0,28.7,41460.0742,28.2,201.6
S5-Dhamapur Lake,16.0404,73.5924,130.686,-2958,5.14848,2123.80542,27.75,30-08-2025 18:16,0,28.7,41394.8281,28.2,201.4
S5-Dhamapur Lake,16.0404,73.5924,130.686,-3013,6.68824,2129.66724,27.8125,30-08-2025 18:17,0,28.7,41424.1875,28.2,201.3
S5-Dhamapur Lake,16.0404,73.5924,130.686,-3162,6.63506,2123.80542,27.8125,30-08-2025 18:17,0,28.7,41437.2383,28.2,201.2
S5-Dhamapur Lake,16.0404,73.5924,130.686,-3260,6.62176,2123.80542,27.8125,30-08-2025 18:17,0,28.7,41469.8633,28.2,201.3
S5-Dhamapur Lake,16.0404,73.5924,130.686,-3277,6.68026,2123.80542,27.8125,30-08-2025 18:18,0,28.8,41329.5898,28.2,201.1
S5-Dhamapur Lake,16.0404,73.5924,130.686,-3258,6.62974,2123.80542,27.8125,30-08-2025 18:18,0,28.8,41313.2812,28.2,201
S5-Dhamapur Lake,16.0404,73.5924,130.686,-3214,6.69888,2123.80542,27.8125,30-08-2025 18:18,0,28.8,41326.3281,28.2,201
S5-Dhamapur Lake,16.0404,73.5924,130.686,-3219,6.7042,2123.80542,27.75,30-08-2025 18:19,0,28.8,41163.2578,28.2,200.1
S5-Dhamapur Lake,16.0404,73.5924,130.686,-3195,6.14042,2129.66724,27.75,30-08-2025 18:19,0,28.8,39941.5859,28.2,200.1
S5-Dhamapur Lake,16.0404,73.5924,130.686,-3173,5.77609,2129.66724,27.8125,30-08-2025 18:19,0,28.8,38959.4766,28.2,200.1
S5-Dhamapur Lake,16.0404,73.5924,130.686,-3160,5.62451,2123.80542,27.8125,30-08-2025 18:20,0,28.8,38589.1484,28.2,200.1
S5-Dhamapur Lake,16.0404,73.5924,130.686,-3103,5.69897,2123.80542,27.8125,30-08-2025 18:20,0,28.8,38767.7891,28.2,200.1
S5-Dhamapur Lake,16.0404,73.5924,130.686,-3059,5.61653,2123.80542,27.8125,30-08-2025 18:20,0,28.8,38917.2344,28.2,200
S5-Dhamapur Lake,16.0404,73.5924,130.686,-3056,5.4809,2123.80542,27.8125,30-08-2025 18:21,0,28.8,38965.9727,28.2,200
S5-Dhamapur Lake,16.0404,73.5924,130.686,-3049,5.4091,2123.80542,27.8125,30-08-2025 18:21,0,28.8,38982.2227,28.2,200.7
S5-Dhamapur Lake,16.0404,73.5924,130.686,-3005,5.50484,2123.80542,27.8125,30-08-2025 18:22,0,28.8,39115.4688,28.2,200.8
S5-Dhamapur Lake,16.0404,73.5924,130.686,-2971,5.18305,2123.80542,27.8125,30-08-2025 18:22,0,28.8,39362.5391,28.2,200.7
S5-Dhamapur Lake,16.0404,73.5924,130.686,-2944,5.31868,2123.80542,27.8125,30-08-2025 18:22,0,28.8,39456.8398,28.2,200.6
S5-Dhamapur Lake,16.0404,73.5924,130.686,-2933,5.40378,2123.80542,27.8125,30-08-2025 18:23,0,28.8,39502.3711,28.2,200.7
S5-Dhamapur Lake,16.0404,73.5924,130.686,-2926,5.19369,2123.80542,27.75,30-08-2025 18:23,0,28.8,39518.6328,28.2,200.6
S5-Dhamapur Lake,16.0404,73.5924,130.686,-2910,5.324,2129.66724,27.8125,30-08-2025 18:23,0,28.8,39560.9141,28.2,200.6
S5-Dhamapur Lake,16.0404,73.5924,130.686,-2900,5.35857,2123.80542,27.8125,30-08-2025 18:24,0,28.8,39603.1992,28.2,200.6
S5-Dhamapur Lake,16.0404,73.5924,130.686,-2911,5.15646,2123.80542,27.8125,30-08-2025 18:24,0,28.8,39606.4531,28.2,200.6
S5-Dhamapur Lake,16.0404,73.5924,130.686,-2921,5.1671,2123.80542,27.8125,30-08-2025 18:24,0,28.8,39590.1875,28.2,200.5
S5-Dhamapur Lake,16.0404,73.5924,130.686,-2917,5.28411,2123.80542,27.8125,30-08-2025 18:25,0,28.8,39564.168,28.2,200.6
S5-Dhamapur Lake,16.0404,73.5924,130.686,-2925,6.86376,2123.80542,27.8125,30-08-2025 18:25,0,28.8,39521.8867,28.2,200.6
S5-Dhamapur Lake,16.0404,73.5924,130.686,-3321,6.70952,2123.80542,27.8125,30-08-2025 18:25,0,28.8,39528.3906,28.2,200.5
S5-Dhamapur Lake,16.0404,73.5924,130.686,-3695,6.71749,2123.80542,27.8125,30-08-2025 18:26,0,28.8,39560.9141,28.2,200.5
S5-Dhamapur Lake,16.0404,73.5924,130.686,-3708,6.70686,2123.80542,27.8125,30-08-2025 18:26,0,28.8,39632.4766,28.2,200.5
S5-Dhamapur Lake,16.0404,73.5924,130.686,-3709,6.63506,2123.80542,27.8125,30-08-2025 18:26,0,28.8,39619.4648,28.2,200.4
S5-Dhamapur Lake,16.0404,73.5924,130.686,-3724,6.73079,2123.80542,27.875,30-08-2025 18:27,0,28.8,39661.7539,28.2,200.4
S5-Dhamapur Lake,16.0404,73.5924,130.686,-3720,6.73079,2117.97095,27.875,30-08-2025 18:27,0,28.8,39638.9844,28.2,195.3
S5-Dhamapur Lake,16.0404,73.5924,130.686,-3723,6.59782,2117.97095,27.875,30-08-2025 18:27,0,28.8,37294.7656,28.2,191.6
S5-Dhamapur Lake,16.0404,73.5924,130.686,-3732,6.69356,2117.97095,27.875,30-08-2025 18:28,0,28.8,34130.4844,28.2,191.6
S5-Dhamapur Lake,16.0404,73.5924,130.686,-3743,6.6058,2117.97095,27.875,30-08-2025 18:28,0,28.8,32356.918,28.2,191.6
S5-Dhamapur Lake,16.0404,73.5924,130.686,-3740,6.55793,2117.97095,27.875,30-08-2025 18:28,0,28.8,32347.2754,28.2,191.6
S5-Dhamapur Lake,16.0404,73.5924,130.686,-3729,6.57921,2117.97095,27.875,30-08-2025 18:29,0,28.8,32305.498,28.2,191.5
S5-Dhamapur Lake,16.0404,73.5924,130.686,-3733,6.56325,2117.97095,27.875,30-08-2025 18:29,0,28.8,32302.2832,28.2,191.5
S5-Dhamapur Lake,16.0404,73.5924,130.686,-3726,6.59251,2117.97095,27.875,30-08-2025 18:29,0,28.8,32315.1387,28.2,191.4
S5-Dhamapur Lake,16.0404,73.5924,130.686,-3729,6.6191,2117.97095,27.875,30-08-2025 18:30,0,28.8,32337.6348,28.2,191.3
S5-Dhamapur Lake,16.0404,73.5924,130.686,-3719,6.56059,2117.97095,27.9375,30-08-2025 18:30,0,28.8,32389.0586,28.2,191.3
S5-Dhamapur Lake,16.0404,73.5924,130.686,-3711,6.70952,2112.16382,27.875,30-08-2025 18:30,0,28.8,32344.0625,28.2,191.3
S5-Dhamapur Lake,16.0404,73.5924,130.686,-3728,6.66431,2117.97095,27.875,30-08-2025 18:31,0,28.8,32327.9941,28.2,191.1
S5-Dhamapur Lake,16.0404,73.5924,130.686,-3722,6.55262,2117.97095,27.9375,30-08-2025 18:31,0,28.8,32289.4277,28.2,191.1
S5-Dhamapur Lake,16.0404,73.5924,130.686,-3704,6.6324,2112.16382,27.9375,30-08-2025 18:31,0,28.8,32305.498,28.2,190.9
S5-Dhamapur Lake,16.0404,73.5924,130.686,-3682,6.58719,2112.16382,27.9375,30-08-2025 18:32,0,28.8,32260.5059,28.2,190.9
S5-Dhamapur Lake,16.0404,73.5924,130.686,-3675,6.59251,2112.16382,27.9375,30-08-2025 18:32,0,28.8,32218.7344,28.2,191.3
S5-Dhamapur Lake,16.0404,73.5924,130.686,-3678,6.51007,2112.16382,27.9375,30-08-2025 18:32,0,28.8,32170.5371,28.2,191.3
S5-Dhamapur Lake,16.0404,73.5924,130.686,-3677,6.49677,2112.16382,27.9375,30-08-2025 18:33,0,28.8,32154.4727,28.2,191.2
S5-Dhamapur Lake,16.0404,73.5924,130.686,-3692,6.62442,2112.16382,27.875,30-08-2025 18:33,0,28.8,32141.6211,28.2,191.2
S5-Dhamapur Lake,16.0404,73.5924,130.686,-3692,6.48347,2117.97095,27.875,30-08-2025 18:33,0,28.8,32109.4941,28.2,191.2
S5-Dhamapur Lake,16.0404,73.5924,130.686,-3683,6.50209,2117.97095,27.9375,30-08-2025 18:34,0,28.8,32131.9824,28.2,191.1
S5-Dhamapur Lake,16.0404,73.5924,130.686,-3672,6.65899,2112.16382,27.875,30-08-2025 18:34,0,28.8,32189.8164,28.2,191
S5-Dhamapur Lake,16.0404,73.5924,130.686,-3666,6.55793,2117.97095,27.875,30-08-2025 18:34,0,28.8,32218.7344,28.2,191
S5-Dhamapur Lake,16.0404,73.5924,130.686,-3672,6.58719,2117.97095,27.875,30-08-2025 18:35,0,28.9,32151.2598,28.2,190.9
S5-Dhamapur Lake,16.0404,73.5924,130.686,-3686,6.60048,2117.97095,27.875,30-08-2025 18:35,0,28.8,32205.8809,28.2,190.9
S5-Dhamapur Lake,16.0404,73.5924,130.686,-3670,6.59516,2117.97095,27.875,30-08-2025 18:35,0,28.8,32228.373,28.2,190.9
S5-Dhamapur Lake,16.0404,73.5924,130.686,-3652,6.71749,2117.97095,27.875,30-08-2025 18:36,0,28.8,32231.5859,28.2,190.7
S5-Dhamapur Lake,16.0404,73.5924,130.686,-3651,6.64569,2117.97095,27.875,30-08-2025 18:36,0,28.8,32209.0938,28.2,190.6
S5-Dhamapur Lake,16.0404,73.5924,130.686,-3652,6.63506,2117.97095,27.875,30-08-2025 18:37,0,28.8,32176.9629,28.2,190.6
S5-Dhamapur Lake,16.0404,73.5924,130.686,-3658,6.70686,2117.97095,27.8125,30-08-2025 18:37,0,28.8,32199.4551,28.2,190.6
S5-Dhamapur Lake,16.0404,73.5924,130.686,-3651,6.70952,2123.80542,27.875,30-08-2025 18:37,0,28.8,32215.5195,28.2,190.6
S5-Dhamapur Lake,16.0404,73.5924,130.686,-3649,6.61112,2117.97095,27.875,30-08-2025 18:38,0,28.8,32212.3066,28.2,190.6
S5-Dhamapur Lake,16.0404,73.5924,130.686,-3654,6.54996,2117.97095,27.875,30-08-2025 18:38,0,28.8,32180.1758,28.2,190.6
S5-Dhamapur Lake,16.0404,73.5924,130.686,-3643,6.59516,2117.97095,27.875,30-08-2025 18:38,0,28.8,32189.8164,28.2,190.6
S5-Dhamapur Lake,16.0404,73.5924,130.686,-3644,6.53932,2117.97095,27.875,30-08-2025 18:39,0,28.8,32212.3066,28.2,190.6
S5-Dhamapur Lake,16.0404,73.5924,130.686,-3642,6.65367,2117.97095,27.875,30-08-2025 18:39,0,28.8,32209.0938,28.2,190.6
S5-Dhamapur Lake,16.0404,73.5924,130.686,-3636,6.51007,2117.97095,27.875,30-08-2025 18:39,0,28.8,32212.3066,28.2,190.5
S5-Dhamapur Lake,16.0404,73.5924,130.686,-3633,6.5473,2117.97095,27.875,30-08-2025 18:40,0,28.8,32180.1758,28.2,190.6
S5-Dhamapur Lake,16.0404,73.5924,130.686,-3632,6.61378,2117.97095,27.875,30-08-2025 18:40,0,28.8,32183.3887,28.2,190.6
S5-Dhamapur Lake,16.0404,73.5924,130.686,-3625,6.66165,2117.97095,27.875,30-08-2025 18:40,0,28.8,32154.4727,28.2,190.5
S5-Dhamapur Lake,16.0404,73.5924,130.686,-3628,6.58985,2117.97095,27.875,30-08-2025 18:41,0,28.8,32183.3887,28.2,190.5
S5-Dhamapur Lake,16.0404,73.5924,130.686,-3635,6.65101,2117.97095,27.9375,30-08-2025 18:41,0,28.8,32193.0293,28.2,190.6
S5-Dhamapur Lake,16.0404,73.5924,130.686,-3635,6.59251,2112.16382,27.9375,30-08-2025 18:41,0,28.8,32231.5859,28.2,190.5
S5-Dhamapur Lake,16.0404,73.5924,130.686,-3630,6.60048,2112.16382,27.9375,30-08-2025 18:42,0,28.8,32266.9336,28.2,190.5
S5-Dhamapur Lake,16.0404,73.5924,130.686,-3631,6.68292,2112.16382,27.9375,30-08-2025 18:42,0,28.8,32283.002,28.2,190.4
S5-Dhamapur Lake,16.0404,73.5924,130.686,-3626,6.57655,2112.16382,27.9375,30-08-2025 18:42,0,28.8,32260.5059,28.2,190.3
S5-Dhamapur Lake,16.0404,73.5924,130.686,-3618,6.66697,2112.16382,27.9375,30-08-2025 18:43,0,28.8,32199.4551,28.2,190.3
S5-Dhamapur Lake,16.0404,73.5924,130.686,-3616,6.67494,2112.16382,27.9375,30-08-2025 18:43,0,28.8,32199.4551,28.2,190.5
S5-Dhamapur Lake,16.0404,73.5924,130.686,-3614,6.60314,2112.16382,27.9375,30-08-2025 18:43,0,28.8,32186.6035,28.2,190.4
S5-Dhamapur Lake,16.0404,73.5924,130.686,-3604,6.66697,2112.16382,27.9375,30-08-2025 18:44,0,28.8,32186.6035,28.2,190.3
S5-Dhamapur Lake,16.0404,73.5924,130.686,-3601,6.61112,2112.16382,28,30-08-2025 18:44,0,28.8,32183.3887,28.2,190.3
S5-Dhamapur Lake,16.0404,73.5924,109.347,-3610,6.59516,2106.38452,27.9375,30-08-2025 18:44,0,28.8,32186.6035,28.2,190.3
S5-Dhamapur Lake,16.0404,73.5924,130.686,-3607,6.59516,2112.16382,28,30-08-2025 18:45,0,28.8,32244.4395,28.2,190.3
S5-Dhamapur Lake,16.0404,73.5924,109.347,-3603,6.62974,2106.38452,27.9375,30-08-2025 18:45,0,28.8,32247.6543,28.2,190.4
S5-Dhamapur Lake,16.0404,73.5924,130.686,-3596,6.6324,2112.16382,27.9375,30-08-2025 18:45,0,28.8,32238.0137,28.2,190.2
S5-Dhamapur Lake,16.0404,73.5924,130.686,-3587,6.71749,2112.16382,28,30-08-2025 18:46,0,28.8,32157.6855,28.2,190.3
S5-Dhamapur Lake,16.0404,73.5924,109.347,-3577,6.79196,2106.38452,28,30-08-2025 18:46,0,28.9,32083.7949,28.2,190.2
S5-Dhamapur Lake,16.0404,73.5924,109.347,-3567,6.68824,2106.38452,28,30-08-2025 18:46,0,28.9,32070.9453,28.2,190.3
S5-Dhamapur Lake,16.0404,73.5924,109.347,-3556,6.7042,2106.38452,28,30-08-2025 18:47,0,28.9,32148.0469,28.2,190.2
S5-Dhamapur Lake,16.0404,73.5924,109.347,-3579,6.74675,2106.38452,28,30-08-2025 18:47,0,28.9,32154.4727,28.2,190.2
S5-Dhamapur Lake,16.0404,73.5924,109.347,-3585,6.68026,2106.38452,28,30-08-2025 18:47,0,28.9,32148.0469,28.2,190.2
S5-Dhamapur Lake,16.0404,73.5924,109.347,-3563,6.70952,2106.38452,28,30-08-2025 18:48,0,28.9,32125.5586,28.2,190.1
S5-Dhamapur Lake,16.0404,73.5924,109.347,-3562,6.75738,2106.38452,28,30-08-2025 18:48,0,28.9,32119.1328,28.2,190
S5-Dhamapur Lake,16.0404,73.5924,109.347,-3576,6.77334,2106.38452,28,30-08-2025 18:48,0,28.9,32125.5586,28.2,189.9
S5-Dhamapur Lake,16.0404,73.5924,109.347,-3559,6.78398,2106.38452,28,30-08-2025 18:49,0,28.9,32119.1328,28.2,189.9
S5-Dhamapur Lake,16.0404,73.5924,109.347,-3561,6.79993,2106.38452,28,30-08-2025 18:49,0,28.9,32151.2598,28.2,190
S5-Dhamapur Lake,16.0404,73.5924,109.347,-3573,6.77068,2106.38452,28,30-08-2025 18:49,0,28.9,32115.9199,28.2,189.9
S5-Dhamapur Lake,16.0404,73.5924,109.347,-3566,6.80525,2106.38452,28,30-08-2025 18:50,0,28.9,32109.4941,28.2,189.9
S5-Dhamapur Lake,16.0404,73.5924,109.347,-3551,6.80525,2106.38452,28,30-08-2025 18:50,0,28.9,32080.582,28.2,189.9
S5-Dhamapur Lake,16.0404,73.5924,109.347,-3557,6.85844,2106.38452,28.0625,30-08-2025 18:50,0,28.9,32103.0684,28.2,189.8
S5-Dhamapur Lake,16.0404,73.5924,109.347,-3569,6.87705,2100.63135,28.0625,30-08-2025 18:51,0,28.9,32070.9453,28.2,189.9
S5-Dhamapur Lake,16.0404,73.5924,109.347,-3563,6.87174,2100.63135,28.0625,30-08-2025 18:51,0,28.9,32090.2188,28.3,190
S5-Dhamapur Lake,16.0404,73.5924,109.347,-3573,6.80525,2100.63135,28.0625,30-08-2025 18:51,0,28.9,32125.5586,28.3,189.9
S5-Dhamapur Lake,16.0404,73.5924,109.347,-3568,6.80525,2100.63135,28.0625,30-08-2025 18:52,0,28.9,32144.834,28.3,189.9
S5-Dhamapur Lake,16.0404,73.5924,109.347,-3548,6.89035,2100.63135,28.0625,30-08-2025 18:52,0,28.9,32128.7715,28.3,189.9
S5-Dhamapur Lake,16.0404,73.5924,109.347,-3547,6.80525,2100.63135,28.0625,30-08-2025 18:52,0,28.9,32099.8574,28.3,189.7
S5-Dhamapur Lake,16.0404,73.5924,109.347,-3559,6.88503,2100.63135,28.0625,30-08-2025 18:53,0,28.9,32112.707,28.3,189.7
S5-Dhamapur Lake,16.0404,73.5924,109.347,-3565,6.78398,2100.63135,28.0625,30-08-2025 18:53,0,28.9,32080.582,28.2,189.4
S5-Dhamapur Lake,16.0404,73.5924,109.347,-3559,6.88503,2100.63135,28.0625,30-08-2025 18:53,0,28.9,32099.8574,28.3,189.7
S5-Dhamapur Lake,16.0404,73.5924,109.347,-3556,6.80525,2100.63135,28.0625,30-08-2025 18:54,0,28.9,32087.0059,28.3,189.6
S5-Dhamapur Lake,16.0404,73.5924,109.347,-3566,6.78398,2100.63135,28.125,30-08-2025 18:54,0,28.9,32099.8574,28.3,189.5
S5-Dhamapur Lake,16.0404,73.5924,109.347,-3576,6.72281,2094.90503,28.125,30-08-2025 18:55,0,28.9,32112.707,28.3,189.5
S5-Dhamapur Lake,16.0404,73.5924,109.347,-3558,6.76536,2094.90503,28.0625,30-08-2025 18:55,0,28.9,32115.9199,28.3,189.4
S5-Dhamapur Lake,16.0404,73.5924,109.347,-3562,6.66165,2100.63135,28.125,30-08-2025 18:55,0,28.9,32125.5586,28.3,189.4
S5-Dhamapur Lake,16.0404,73.5924,109.347,-3571,6.76004,2094.90503,28.125,30-08-2025 18:56,0,28.9,32103.0684,28.3,189.4
S5-Dhamapur Lake,16.0404,73.5924,109.347,-3550,6.68558,2094.90503,28.125,30-08-2025 18:56,0,28.9,32122.3457,28.3,189.2
S5-Dhamapur Lake,16.0404,73.5924,109.347,-3550,6.73611,2094.90503,28.0625,30-08-2025 18:56,0,28.9,32122.3457,28.3,189.2
S5-Dhamapur Lake,16.0404,73.5924,109.347,-3561,6.80525,2100.63135,28.0625,30-08-2025 18:57,0,28.9,32119.1328,28.3,189
S5-Dhamapur Lake,16.0404,73.5924,109.347,-3566,7.18554,2100.63135,28.125,30-08-2025 18:57,0,28.9,32070.9453,28.3,189
S5-Dhamapur Lake,16.0404,73.5924,109.347,-3546,7.26,2094.90503,28.125,30-08-2025 18:57,0,28.9,32093.4316,28.3,189
S5-Dhamapur Lake,16.0404,73.5924,109.347,-3538,7.43818,2094.90503,28.125,30-08-2025 18:58,0,28.9,32083.7949,28.4,189.2
S5-Dhamapur Lake,16.0404,73.5924,109.347,-3542,7.47541,2094.90503,28.125,30-08-2025 18:58,0,28.9,32067.7324,28.4,189.1
S5-Dhamapur Lake,16.0404,73.5924,109.347,-3540,7.40094,2094.90503,28.125,30-08-2025 18:58,0,28.9,32083.7949,28.4,189.1
S5-Dhamapur Lake,16.0404,73.5924,109.347,-3544,7.49668,2094.90503,28.125,30-08-2025 18:59,0,29,32083.7949,28.4,189
S5-Dhamapur Lake,16.0404,73.5924,109.347,-3548,7.4302,2094.90503,28.125,30-08-2025 18:59,0,29,32138.4082,28.4,188.8
S5-Dhamapur Lake,16.0404,73.5924,109.347,-3551,7.52327,2094.90503,28.125,30-08-2025 18:59,0,29,32109.4941,28.4,188.7
S5-Dhamapur Lake,16.0404,73.5924,109.347,-3555,7.44615,2094.90503,28.125,30-08-2025 19:00,0,29,32103.0684,28.4,188.5
S5-Dhamapur Lake,16.0404,73.5924,109.347,-3554,7.46477,2094.90503,28.125,30-08-2025 19:00,0,29,32045.2461,28.4,188.4
S5-Dhamapur Lake,16.0404,73.5924,109.347,-3559,7.36637,2094.90503,28.125,30-08-2025 19:00,0,29,32006.7012,28.4,188.3
S5-Dhamapur Lake,16.0404,73.5924,109.347,-3571,7.45945,2094.90503,28.125,30-08-2025 19:01,0,29,32019.5488,28.4,188.3
S5-Dhamapur Lake,16.0404,73.5924,109.347,-3571,7.43552,2094.90503,28.1875,30-08-2025 19:01,0,29,32025.9727,28.4,188.2
S5-Dhamapur Lake,16.0404,73.5924,109.347,-3570,7.47541,2089.20557,28.1875,30-08-2025 19:01,0,29,31987.4277,28.4,188.2
S5-Dhamapur Lake,16.0404,73.5924,109.347,-3565,7.39829,2089.20557,28.125,30-08-2025 19:02,0,29,31948.8867,28.4,188.2
S5-Dhamapur Lake,16.0404,73.5924,109.347,-3555,7.32382,2094.90503,28.1875,30-08-2025 19:02,0,29,31961.7324,28.4,188.3
S5-Dhamapur Lake,16.0404,73.5924,109.347,-3559,7.36106,2089.20557,28.1875,30-08-2025 19:02,0,29,32013.125,28.4,188.2
S5-Dhamapur Lake,16.0404,73.5924,109.347,-3558,7.36106,2089.20557,28.1875,30-08-2025 19:03,0,29,32016.3359,28.4,188.3
S5-Dhamapur Lake,16.0404,73.5924,0,0,5.76013,0,28,30-08-2025 19:03,0,29,32013.125,28.4,188.3
S5-Dhamapur Lake,16.0404,73.5924,0,-1845,5.46495,0,27.8125,30-08-2025 19:03,0,29,31964.9453,28.4,188.3
S5-Dhamapur Lake,16.0404,73.5924,0,-3533,5.52877,0,27.8125,30-08-2025 19:04,0,29,31910.3457,28.4,188.2
S5-Dhamapur Lake,16.0404,73.5924,0,-3329,5.74418,0,27.8125,30-08-2025 19:04,0,29,31936.0391,28.4,188.3
S5-Dhamapur Lake,16.0404,73.5924,0,-3252,5.40378,0,27.875,30-08-2025 19:04,0,29,31968.1562,28.4,188.2
S5-Dhamapur Lake,16.0404,73.5924,0,-3202,5.35325,0,27.8125,30-08-2025 19:05,0,29,31997.0645,28.4,188.2
S5-Dhamapur Lake,16.0404,73.5924,0,-3177,5.24688,0,27.8125,30-08-2025 19:05,0,29,32022.7598,28.4,188.2
S5-Dhamapur Lake,16.0404,73.5924,0,-3147,5.31602,0,27.8125,30-08-2025 19:05,0,29,32051.6699,28.4,188.2
S5-Dhamapur Lake,16.0404,73.5924,0,-3121,5.23358,0,27.8125,30-08-2025 19:06,0,29,32093.4316,28.4,188
S5-Dhamapur Lake,16.0404,73.5924,0,-3095,5.50484,0,27.8125,30-08-2025 19:06,0,29.1,32022.7598,28.4,188
S5-Dhamapur Lake,16.0404,73.5924,0,-3076,5.34793,0,27.8125,30-08-2025 19:06,0,29.1,32000.2773,28.4,187.9
S5-Dhamapur Lake,16.0404,73.5924,0,-3089,5.47824,0,27.8125,30-08-2025 19:07,0,29.1,32000.2773,28.4,187.8
S5-Dhamapur Lake,16.0404,73.5924,0,-3085,5.22826,0,27.8125,30-08-2025 19:07,0,29.1,31990.6406,28.4,187.6
S5-Dhamapur Lake,16.0404,73.5924,0,-3070,5.41708,0,27.8125,30-08-2025 19:07,0,29.1,32000.2773,28.4,187.6
S5-Dhamapur Lake,16.0404,73.5924,0,-3128,5.72024,0,27.8125,30-08-2025 19:08,0,29.1,31968.1562,28.4,187.6
S5-Dhamapur Lake,16.0404,73.5924,65.303,-3203,5.62185,611.59668,27.8125,30-08-2025 19:08,0,29.1,31977.793,28.4,187.6
S5-Dhamapur Lake,16.0404,73.5924,130.686,-3195,5.3373,2123.80542,27.75,30-08-2025 19:08,0,29.1,31990.6406,28.4,187.5
S5-Dhamapur Lake,16.0404,73.5924,130.686,-3168,5.59259,2129.66724,27.8125,30-08-2025 19:09,0,29.1,32006.7012,28.4,187.4
S5-Dhamapur Lake,16.0404,73.5924,130.686,-3151,5.48888,2123.80542,27.75,30-08-2025 19:09,0,29.1,32019.5488,28.4,187.4
S5-Dhamapur Lake,16.0404,73.5924,130.686,-3172,5.23624,2129.66724,27.8125,30-08-2025 19:09,0,29.1,32045.2461,28.4,187.3
S5-Dhamapur Lake,16.0404,73.5924,130.686,-3109,5.31336,2123.80542,27.8125,30-08-2025 19:10,0,29.1,32048.459,28.4,187.3
S5-Dhamapur Lake,16.0404,73.5924,130.686,-3019,5.02349,2123.80542,27.8125,30-08-2025 19:10,0,29.1,31993.8535,28.4,187.3
S5-Dhamapur Lake,16.0404,73.5924,130.686,-3025,5.27347,2123.80542,27.8125,30-08-2025 19:10,0,29.1,31958.5215,28.4,187.2
S5-Dhamapur Lake,16.0404,73.5924,130.686,-3009,5.20167,2123.80542,27.8125,30-08-2025 19:11,0,29.1,31932.8281,28.4,187.4
S5-Dhamapur Lake,16.0404,73.5924,130.686,-2986,4.9251,2123.80542,27.8125,30-08-2025 19:11,0,29.1,31990.6406,28.5,187.6
S5-Dhamapur Lake,16.0404,73.5924,130.686,-2958,5.14848,2123.80542,27.75,30-08-2025 19:11,0,29.1,31993.8535,28.5,187.4
S5-Dhamapur Lake,16.0404,73.5924,130.686,-3013,6.68824,2129.66724,27.8125,30-08-2025 19:12,0,29.1,32000.2773,28.5,187.5
S5-Dhamapur Lake,16.0404,73.5924,130.686,-3162,6.63506,2123.80542,27.8125,30-08-2025 19:12,0,29.1,31919.9805,28.5,187.4
S5-Dhamapur Lake,16.0404,73.5924,130.686,-3260,6.62176,2123.80542,27.8125,30-08-2025 19:12,0,29.1,31887.8652,28.5,187.4
S5-Dhamapur Lake,16.0404,73.5924,130.686,-3277,6.68026,2123.80542,27.8125,30-08-2025 19:13,0,29.1,31875.0215,28.5,187.3
S5-Dhamapur Lake,16.0404,73.5924,130.686,-3258,6.62974,2123.80542,27.8125,30-08-2025 19:13,0,29.1,31955.3105,28.5,187.3
S5-Dhamapur Lake,16.0404,73.5924,130.686,-3214,6.69888,2123.80542,27.8125,30-08-2025 19:13,0,29.1,32019.5488,28.5,187.2
S5-Dhamapur Lake,16.0404,73.5924,130.686,-3219,6.7042,2123.80542,27.75,30-08-2025 19:14,0,29.1,32054.8828,28.5,187.2
S5-Dhamapur Lake,16.0404,73.5924,130.686,-3195,6.14042,2129.66724,27.75,30-08-2025 19:14,0,29.1,31981.0039,28.5,187.2
S5-Dhamapur Lake,16.0404,73.5924,130.686,-3173,5.77609,2129.66724,27.8125,30-08-2025 19:14,0,29.1,31948.8867,28.5,187.2
S5-Dhamapur Lake,16.0404,73.5924,130.686,-3160,5.62451,2123.80542,27.8125,30-08-2025 19:15,0,29.1,31932.8281,28.5,187.2
S5-Dhamapur Lake,16.0404,73.5924,130.686,-3103,5.69897,2123.80542,27.8125,30-08-2025 19:15,0,29.1,31929.6172,28.5,187.2
S5-Dhamapur Lake,16.0404,73.5924,130.686,-3059,5.61653,2123.80542,27.8125,30-08-2025 19:15,0,29.1,31923.1914,28.5,187.3
S5-Dhamapur Lake,16.0404,73.5924,130.686,-3056,5.4809,2123.80542,27.8125,30-08-2025 19:16,0,29.1,31929.6172,28.5,187.4
S5-Dhamapur Lake,16.0404,73.5924,130.686,-3049,5.4091,2123.80542,27.8125,30-08-2025 19:16,0,29.1,31926.4043,28.5,187.4
S5-Dhamapur Lake,16.0404,73.5924,130.686,-3005,5.50484,2123.80542,27.8125,30-08-2025 19:16,0,29.2,31891.0781,28.5,187.4
S5-Dhamapur Lake,16.0404,73.5924,130.686,-2971,5.18305,2123.80542,27.8125,30-08-2025 19:17,0,29.2,31884.6543,28.5,187.4
S5-Dhamapur Lake,16.0404,73.5924,130.686,-2944,5.31868,2123.80542,27.8125,30-08-2025 19:17,0,29.2,31894.2891,28.5,187.4
S5-Dhamapur Lake,16.0404,73.5924,130.686,-2933,5.40378,2123.80542,27.8125,30-08-2025 19:17,0,29.2,31871.8105,28.5,187.4
S5-Dhamapur Lake,16.0404,73.5924,130.686,-2926,5.19369,2123.80542,27.75,30-08-2025 19:18,0,29.2,31884.6543,28.6,187.9
S5-Dhamapur Lake,16.0404,73.5924,130.686,-2910,5.324,2129.66724,27.8125,30-08-2025 19:18,0,29.2,31910.3457,28.6,187.9
S5-Dhamapur Lake,16.0404,73.5924,130.686,-2900,5.35857,2123.80542,27.8125,30-08-2025 19:18,0,29.2,31948.8867,28.6,188
S5-Dhamapur Lake,16.0404,73.5924,130.686,-2911,5.15646,2123.80542,27.8125,30-08-2025 19:19,0,29.2,31916.7695,28.6,188
S5-Dhamapur Lake,16.0404,73.5924,130.686,-2921,5.1671,2123.80542,27.8125,30-08-2025 19:19,0,29.2,31891.0781,28.6,188
S5-Dhamapur Lake,16.0404,73.5924,130.686,-2917,5.28411,2123.80542,27.8125,30-08-2025 19:19,0,29.2,31855.7539,28.6,188
S5-Dhamapur Lake,16.0404,73.5924,130.686,-2925,6.86376,2123.80542,27.8125,30-08-2025 19:20,0,29.2,31823.6406,28.6,188.1
S5-Dhamapur Lake,16.0404,73.5924,130.686,-3321,6.70952,2123.80542,27.8125,30-08-2025 19:20,0,29.2,31839.6973,28.6,188
S5-Dhamapur Lake,16.0404,73.5924,130.686,-3695,6.71749,2123.80542,27.8125,30-08-2025 19:20,0,29.2,31852.541,28.6,188
S5-Dhamapur Lake,16.0404,73.5924,130.686,-3708,6.70686,2123.80542,27.8125,30-08-2025 19:21,0,29.2,31855.7539,28.6,188
S5-Dhamapur Lake,16.0404,73.5924,130.686,-3709,6.63506,2123.80542,27.8125,30-08-2025 19:21,0,29.2,31855.7539,28.6,188
S5-Dhamapur Lake,16.0404,73.5924,130.686,-3724,6.73079,2123.80542,27.875,30-08-2025 19:21,0,29.2,31836.4863,28.6,188
S5-Dhamapur Lake,16.0404,73.5924,130.686,-3720,6.73079,2117.97095,27.875,30-08-2025 19:22,0,29.2,31846.1191,28.6,188
S5-Dhamapur Lake,16.0404,73.5924,130.686,-3723,6.59782,2117.97095,27.875,30-08-2025 19:22,0,29.2,31855.7539,28.6,187.9
S5-Dhamapur Lake,16.0404,73.5924,130.686,-3732,6.69356,2117.97095,27.875,30-08-2025 19:22,0,29.2,31852.541,28.6,188
S5-Dhamapur Lake,16.0404,73.5924,130.686,-3743,6.6058,2117.97095,27.875,30-08-2025 19:23,0,29.3,31788.3203,28.6,188
S5-Dhamapur Lake,16.0404,73.5924,130.686,-3740,6.55793,2117.97095,27.875,30-08-2025 19:23,0,29.3,31749.793,28.6,187.9
S5-Dhamapur Lake,16.0404,73.5924,130.686,-3729,6.57921,2117.97095,27.875,30-08-2025 19:23,0,29.3,31736.9512,28.6,187.9
S5-Dhamapur Lake,16.0404,73.5924,130.686,-3733,6.56325,2117.97095,27.875,30-08-2025 19:24,0,29.3,31749.793,28.6,188.1
S5-Dhamapur Lake,16.0404,73.5924,130.686,-3726,6.59251,2117.97095,27.875,30-08-2025 19:24,0,29.3,31749.793,28.6,188.1
S5-Dhamapur Lake,16.0404,73.5924,130.686,-3729,6.6191,2117.97095,27.875,30-08-2025 19:24,0,29.3,31730.5293,28.6,188.1
S5-Dhamapur Lake,16.0404,73.5924,130.686,-3719,6.56059,2117.97095,27.9375,30-08-2025 19:25,0,29.3,31727.3184,28.6,188.1
S5-Dhamapur Lake,16.0404,73.5924,130.686,-3711,6.70952,2112.16382,27.875,30-08-2025 19:25,0,29.3,31720.8984,28.6,188.1
S5-Dhamapur Lake,16.0404,73.5924,130.686,-3728,6.66431,2117.97095,27.875,30-08-2025 19:25,0,29.3,31762.6348,28.6,188.2
S5-Dhamapur Lake,16.0404,73.5924,130.686,-3722,6.55262,2117.97095,27.9375,30-08-2025 19:26,0,29.3,31746.582,28.6,188.1
S5-Dhamapur Lake,16.0404,73.5924,130.686,-3704,6.6324,2112.16382,27.9375,30-08-2025 19:26,0,29.3,31762.6348,28.6,188.1
S5-Dhamapur Lake,16.0404,73.5924,130.686,-3682,6.58719,2112.16382,27.9375,30-08-2025 19:26,0,29.3,31746.582,28.6,188.1
S5-Dhamapur Lake,16.0404,73.5924,130.686,-3675,6.59251,2112.16382,27.9375,30-08-2025 19:27,0,29.3,31765.8457,28.6,188.1
S5-Dhamapur Lake,16.0404,73.5924,130.686,-3678,6.51007,2112.16382,27.9375,30-08-2025 19:27,0,29.3,31743.3711,28.6,188.2
S5-Dhamapur Lake,16.0404,73.5924,130.686,-3677,6.49677,2112.16382,27.9375,30-08-2025 19:27,0,29.3,31765.8457,28.6,188.1
S5-Dhamapur Lake,16.0404,73.5924,130.686,-3692,6.62442,2112.16382,27.875,30-08-2025 19:28,0,29.3,31759.4238,28.6,188.2
S5-Dhamapur Lake,16.0404,73.5924,130.686,-3692,6.48347,2117.97095,27.875,30-08-2025 19:28,0,29.3,31749.793,28.6,188.1
S5-Dhamapur Lake,16.0404,73.5924,130.686,-3683,6.50209,2117.97095,27.9375,30-08-2025 19:28,0,29.3,31724.1074,28.6,188.2
S5-Dhamapur Lake,16.0404,73.5924,130.686,-3672,6.65899,2112.16382,27.875,30-08-2025 19:29,0,29.3,31759.4238,28.6,188.1
S5-Dhamapur Lake,16.0404,73.5924,130.686,-3666,6.55793,2117.97095,27.875,30-08-2025 19:29,0,29.3,31788.3203,28.6,188.1
S5-Dhamapur Lake,16.0404,73.5924,130.686,-3672,6.58719,2117.97095,27.875,30-08-2025 19:29,0,29.3,31794.7422,28.6,188.1
S5-Dhamapur Lake,16.0404,73.5924,130.686,-3686,6.60048,2117.97095,27.875,30-08-2025 19:30,0,29.3,31753.002,28.6,188.1
S5-Dhamapur Lake,16.0404,73.5924,130.686,-3670,6.59516,2117.97095,27.875,30-08-2025 19:30,0,29.3,31762.6348,28.6,188.1
S5-Dhamapur Lake,16.0404,73.5924,130.686,-3652,6.71749,2117.97095,27.875,30-08-2025 19:30,0,29.3,31749.793,28.6,188
S5-Dhamapur Lake,16.0404,73.5924,130.686,-3651,6.64569,2117.97095,27.875,30-08-2025 19:31,0,29.3,31743.3711,28.6,187.9
S5-Dhamapur Lake,16.0404,73.5924,130.686,-3652,6.63506,2117.97095,27.875,30-08-2025 19:31,0,29.3,31717.6875,28.6,188
S5-Dhamapur Lake,16.0404,73.5924,130.686,-3658,6.70686,2117.97095,27.8125,30-08-2025 19:31,0,29.3,31698.4238,28.6,187.9
S5-Dhamapur Lake,16.0404,73.5924,130.686,-3651,6.70952,2123.80542,27.875,30-08-2025 19:32,0,29.3,31695.2148,28.6,187.9
S5-Dhamapur Lake,16.0404,73.5924,130.686,-3649,6.61112,2117.97095,27.875,30-08-2025 19:32,0,29.3,31704.8457,28.6,187.9
S5-Dhamapur Lake,16.0404,73.5924,130.686,-3654,6.54996,2117.97095,27.875,30-08-2025 19:32,0,29.3,31692.0039,28.7,188.1
S5-Dhamapur Lake,16.0404,73.5924,130.686,-3643,6.59516,2117.97095,27.875,30-08-2025 19:33,0,29.3,31692.0039,28.7,187.9
S5-Dhamapur Lake,16.0404,73.5924,130.686,-3644,6.53932,2117.97095,27.875,30-08-2025 19:33,0,29.3,31653.4805,28.7,187.9
S5-Dhamapur Lake,16.0404,73.5924,130.686,-3642,6.65367,2117.97095,27.875,30-08-2025 19:33,0,29.3,31672.7422,28.7,188.1
S5-Dhamapur Lake,16.0404,73.5924,130.686,-3636,6.51007,2117.97095,27.875,30-08-2025 19:34,0,29.3,31659.9004,28.7,188
S5-Dhamapur Lake,16.0404,73.5924,130.686,-3633,6.5473,2117.97095,27.875,30-08-2025 19:34,0,29.3,31708.0566,28.7,188
S5-Dhamapur Lake,16.0404,73.5924,130.686,-3632,6.61378,2117.97095,27.875,30-08-2025 19:34,0,29.3,31708.0566,28.7,187.9
S5-Dhamapur Lake,16.0404,73.5924,130.686,-3625,6.66165,2117.97095,27.875,30-08-2025 19:35,0,29.4,31634.2207,28.7,187.9
S5-Dhamapur Lake,16.0404,73.5924,130.686,-3628,6.58985,2117.97095,27.875,30-08-2025 19:35,0,29.4,31631.0098,28.7,187.9
S5-Dhamapur Lake,16.0404,73.5924,130.686,-3635,6.65101,2117.97095,27.9375,30-08-2025 19:35,0,29.4,31618.1719,28.7,187.9
S5-Dhamapur Lake,16.0404,73.5924,130.686,-3635,6.59251,2112.16382,27.9375,30-08-2025 19:36,0,29.4,31637.4297,28.7,187.9
S5-Dhamapur Lake,16.0404,73.5924,130.686,-3630,6.60048,2112.16382,27.9375,30-08-2025 19:36,0,29.4,31608.543,28.7,187.9
S5-Dhamapur Lake,16.0404,73.5924,130.686,-3631,6.68292,2112.16382,27.9375,30-08-2025 19:36,0,29.4,31656.6914,28.7,187.9
S5-Dhamapur Lake,16.0404,73.5924,130.686,-3626,6.57655,2112.16382,27.9375,30-08-2025 19:37,0,29.4,31637.4297,28.7,187.9
S5-Dhamapur Lake,16.0404,73.5924,130.686,-3618,6.66697,2112.16382,27.9375,30-08-2025 19:37,0,29.4,31637.4297,28.7,187.9
S5-Dhamapur Lake,16.0404,73.5924,130.686,-3616,6.67494,2112.16382,27.9375,30-08-2025 19:37,0,29.4,31608.543,28.7,187.7
S5-Dhamapur Lake,16.0404,73.5924,130.686,-3614,6.60314,2112.16382,27.9375,30-08-2025 19:38,0,29.4,31618.1719,28.7,187.9
S5-Dhamapur Lake,16.0404,73.5924,130.686,-3604,6.66697,2112.16382,27.9375,30-08-2025 19:38,0,29.4,31618.1719,28.7,187.7
S5-Dhamapur Lake,16.0404,73.5924,130.686,-3601,6.61112,2112.16382,28,30-08-2025 19:38,0,29.4,31618.1719,28.7,187.9
S5-Dhamapur Lake,16.0404,73.5924,109.347,-3610,6.59516,2106.38452,27.9375,30-08-2025 19:39,0,29.4,31614.9629,28.7,187.9
S5-Dhamapur Lake,16.0404,73.5924,130.686,-3607,6.59516,2112.16382,28,30-08-2025 19:39,0,29.4,31653.4805,28.7,187.9
S5-Dhamapur Lake,16.0404,73.5924,109.347,-3603,6.62974,2106.38452,27.9375,30-08-2025 19:39,0,29.4,31663.1113,28.7,187.7
S5-Dhamapur Lake,16.0404,73.5924,130.686,-3596,6.6324,2112.16382,27.9375,30-08-2025 19:40,0,29.4,31640.6406,28.7,187.7
S5-Dhamapur Lake,16.0404,73.5924,130.686,-3587,6.71749,2112.16382,28,30-08-2025 19:40,0,29.4,31717.6875,28.7,187.7
S5-Dhamapur Lake,16.0404,73.5924,109.347,-3577,6.79196,2106.38452,28,30-08-2025 19:40,0,29.4,31781.9004,28.7,187.7
S5-Dhamapur Lake,16.0404,73.5924,109.347,-3567,6.68824,2106.38452,28,30-08-2025 19:41,0,29.4,31765.8457,28.8,188
S5-Dhamapur Lake,16.0404,73.5924,109.347,-3556,6.7042,2106.38452,28,30-08-2025 19:41,0,29.4,31717.6875,28.7,187.7
S5-Dhamapur Lake,16.0404,73.5924,109.347,-3579,6.74675,2106.38452,28,30-08-2025 19:41,0,29.4,31672.7422,28.8,187.9
S5-Dhamapur Lake,16.0404,73.5924,109.347,-3585,6.68026,2106.38452,28,30-08-2025 19:42,0,29.4,31701.6348,28.8,188
S5-Dhamapur Lake,16.0404,73.5924,109.347,-3563,6.70952,2106.38452,28,30-08-2025 19:42,0,29.4,31695.2148,28.8,187.9
S5-Dhamapur Lake,16.0404,73.5924,109.347,-3562,6.75738,2106.38452,28,30-08-2025 19:42,0,29.5,31640.6406,28.8,187.9
S5-Dhamapur Lake,16.0404,73.5924,109.347,-3576,6.77334,2106.38452,28,30-08-2025 19:43,0,29.4,31711.2656,28.8,187.8
S5-Dhamapur Lake,16.0404,73.5924,109.347,-3559,6.78398,2106.38452,28,30-08-2025 19:43,0,29.5,31692.0039,28.7,187.5
S5-Dhamapur Lake,16.0404,73.5924,109.347,-3561,6.79993,2106.38452,28,30-08-2025 19:43,0,29.5,31685.584,28.8,187.6
S5-Dhamapur Lake,16.0404,73.5924,109.347,-3573,6.77068,2106.38452,28,30-08-2025 19:44,0,29.5,31672.7422,28.8,187.6
S5-Dhamapur Lake,16.0404,73.5924,109.347,-3566,6.80525,2106.38452,28,30-08-2025 19:44,0,29.5,31666.3223,28.8,187.7
S5-Dhamapur Lake,16.0404,73.5924,109.347,-3551,6.80525,2106.38452,28,30-08-2025 19:44,0,29.5,31698.4238,28.8,187.6
S5-Dhamapur Lake,16.0404,73.5924,109.347,-3557,6.85844,2106.38452,28.0625,30-08-2025 19:45,0,29.5,31692.0039,28.8,187.6
S5-Dhamapur Lake,16.0404,73.5924,109.347,-3569,6.87705,2100.63135,28.0625,30-08-2025 19:45,0,29.5,31672.7422,28.8,187.6
S5-Dhamapur Lake,16.0404,73.5924,109.347,-3563,6.87174,2100.63135,28.0625,30-08-2025 19:45,0,29.5,31624.5918,28.8,187.6
S5-Dhamapur Lake,16.0404,73.5924,109.347,-3573,6.80525,2100.63135,28.0625,30-08-2025 19:46,0,29.5,31602.1211,28.8,187.6
S5-Dhamapur Lake,16.0404,73.5924,109.347,-3568,6.80525,2100.63135,28.0625,30-08-2025 19:46,0,29.5,31544.3496,28.8,188.7
S5-Dhamapur Lake,16.0404,73.5924,109.347,-3548,6.89035,2100.63135,28.0625,30-08-2025 19:46,0,29.5,31537.9277,28.8,188.5
S5-Dhamapur Lake,16.0404,73.5924,109.347,-3547,6.80525,2100.63135,28.0625,30-08-2025 19:47,0,29.5,31515.4629,28.8,188.5
S5-Dhamapur Lake,16.0404,73.5924,109.347,-3559,6.88503,2100.63135,28.0625,30-08-2025 19:47,0,29.5,31525.0918,28.8,188.5
S5-Dhamapur Lake,16.0404,73.5924,109.347,-3565,6.78398,2100.63135,28.0625,30-08-2025 19:47,0,29.5,31518.6719,28.8,188.5
S5-Dhamapur Lake,16.0404,73.5924,109.347,-3559,6.88503,2100.63135,28.0625,30-08-2025 19:48,0,29.5,31534.7207,28.8,188.5
S5-Dhamapur Lake,16.0404,73.5924,109.347,-3556,6.80525,2100.63135,28.0625,30-08-2025 19:48,0,29.5,31528.3008,28.8,188.5
S5-Dhamapur Lake,16.0404,73.5924,109.347,-3566,6.78398,2100.63135,28.125,30-08-2025 19:48,0,29.5,31537.9277,28.8,188.5
S5-Dhamapur Lake,16.0404,73.5924,109.347,-3576,6.72281,2094.90503,28.125,30-08-2025 19:49,0,29.5,31525.0918,28.8,188.3
S5-Dhamapur Lake,16.0404,73.5924,109.347,-3558,6.76536,2094.90503,28.0625,30-08-2025 19:49,0,29.5,31483.3711,28.8,188.3
S5-Dhamapur Lake,16.0404,73.5924,109.347,-3562,6.66165,2100.63135,28.125,30-08-2025 19:49,0,29.5,31422.4004,28.8,188.2
S5-Dhamapur Lake,16.0404,73.5924,109.347,-3571,6.76004,2094.90503,28.125,30-08-2025 19:50,0,29.5,31393.5215,28.8,188.1
S5-Dhamapur Lake,16.0404,73.5924,109.347,-3550,6.68558,2094.90503,28.125,30-08-2025 19:50,0,29.5,31393.5215,28.8,188.1
S5-Dhamapur Lake,16.0404,73.5924,109.347,-3550,6.73611,2094.90503,28.0625,30-08-2025 19:50,0,29.5,31476.9531,28.8,188.1
S5-Dhamapur Lake,16.0404,73.5924,109.347,-3561,6.80525,2100.63135,28.0625,30-08-2025 19:51,0,29.5,31534.7207,28.8,188.1
S5-Dhamapur Lake,16.0404,73.5924,109.347,-3566,7.18554,2100.63135,28.125,30-08-2025 19:51,0,29.5,31528.3008,28.8,188
S5-Dhamapur Lake,16.0404,73.5924,109.347,-3546,7.26,2094.90503,28.125,30-08-2025 19:51,0,29.5,31489.7891,28.8,187.9
S5-Dhamapur Lake,16.0404,73.5924,109.347,-3538,7.43818,2094.90503,28.125,30-08-2025 19:52,0,29.5,31489.7891,28.8,187.9
S5-Dhamapur Lake,16.0404,73.5924,109.347,-3542,7.47541,2094.90503,28.125,30-08-2025 19:52,0,29.5,31544.3496,28.8,187.9
S5-Dhamapur Lake,16.0404,73.5924,109.347,-3540,7.40094,2094.90503,28.125,30-08-2025 19:52,0,29.5,31563.6055,28.8,187.9
S5-Dhamapur Lake,16.0404,73.5924,109.347,-3544,7.49668,2094.90503,28.125,30-08-2025 19:53,0,29.5,31563.6055,28.8,187.7
S5-Dhamapur Lake,16.0404,73.5924,109.347,-3548,7.4302,2094.90503,28.125,30-08-2025 19:53,0,29.5,31531.5098,28.8,187.8
S5-Dhamapur Lake,16.0404,73.5924,109.347,-3551,7.52327,2094.90503,28.125,30-08-2025 19:53,0,29.5,31473.7422,28.8,187.7
S5-Dhamapur Lake,16.0404,73.5924,109.347,-3555,7.44615,2094.90503,28.125,30-08-2025 19:54,0,29.6,31377.4785,28.8,187.6
S5-Dhamapur Lake,16.0404,73.5924,109.347,-3554,7.46477,2094.90503,28.125,30-08-2025 19:54,0,29.5,31432.0254,28.8,187.7
S5-Dhamapur Lake,16.0404,73.5924,109.347,-3559,7.36637,2094.90503,28.125,30-08-2025 19:54,0,29.6,31393.5215,28.8,187.6
S5-Dhamapur Lake,16.0404,73.5924,109.347,-3571,7.45945,2094.90503,28.125,30-08-2025 19:55,0,29.6,31406.3555,28.8,187.6
S5-Dhamapur Lake,16.0404,73.5924,109.347,-3571,7.43552,2094.90503,28.1875,30-08-2025 19:55,0,29.6,31393.5215,28.8,187.5
S5-Dhamapur Lake,16.0404,73.5924,109.347,-3570,7.47541,2089.20557,28.1875,30-08-2025 19:55,0,29.6,31396.7285,28.8,187.6
S5-Dhamapur Lake,16.0404,73.5924,109.347,-3565,7.39829,2089.20557,28.125,30-08-2025 19:56,0,29.6,31393.5215,28.8,187.6
S5-Dhamapur Lake,16.0404,73.5924,109.347,-3555,7.32382,2094.90503,28.1875,30-08-2025 19:56,0,29.6,31377.4785,28.8,187.5
S5-Dhamapur Lake,16.0404,73.5924,109.347,-3559,7.36106,2089.20557,28.1875,30-08-2025 19:56,0,29.6,31383.8945,28.8,187.6
S5-Dhamapur Lake,16.0404,73.5924,109.347,-3558,7.36106,2089.20557,28.1875,30-08-2025 19:57,0,29.6,31406.3555,28.8,187.5
S5-Dhamapur Lake,16.0404,73.5924,0,0,5.76013,0,28,30-08-2025 19:57,0,29.6,31409.5645,28.8,187.4
S5-Dhamapur Lake,16.0404,73.5924,0,-1845,5.46495,0,27.8125,30-08-2025 19:57,0,29.6,31380.6855,28.8,187.4
S5-Dhamapur Lake,16.0404,73.5924,0,-3533,5.52877,0,27.8125,30-08-2025 19:58,0,29.6,31374.2695,28.8,187.2
S5-Dhamapur Lake,16.0404,73.5924,0,-3329,5.74418,0,27.8125,30-08-2025 19:58,0,28.4,102826.4688,28.1,225.3
S5-Dhamapur Lake,16.0404,73.5924,0,-3252,5.40378,0,27.875,30-08-2025 19:58,0,28.6,41456.8125,28.2,206.3
S5-Dhamapur Lake,16.0404,73.5924,0,-3202,5.35325,0,27.8125,30-08-2025 19:59,0,28.6,41362.207,28.3,206.1
S5-Dhamapur Lake,16.0404,73.5924,0,-3177,5.24688,0,27.8125,30-08-2025 19:59,0,28.6,41274.1367,28.3,205.5
S5-Dhamapur Lake,16.0404,73.5924,0,-3147,5.31602,0,27.8125,30-08-2025 19:59,0,28.6,41235,28.3,205.4
S5-Dhamapur Lake,16.0404,73.5924,0,-3121,5.23358,0,27.8125,30-08-2025 20:00,0,28.6,41274.1367,28.3,205
S5-Dhamapur Lake,16.0404,73.5924,0,-3095,5.50484,0,27.8125,30-08-2025 20:00,0,28.6,41336.1094,28.3,204.5
S5-Dhamapur Lake,16.0404,73.5924,0,-3076,5.34793,0,27.8125,30-08-2025 20:00,0,28.6,41404.6133,28.3,204.3
S5-Dhamapur Lake,16.0404,73.5924,0,-3089,5.47824,0,27.8125,30-08-2025 20:01,0,28.6,41391.5664,28.3,204.3
S5-Dhamapur Lake,16.0404,73.5924,0,-3085,5.22826,0,27.8125,30-08-2025 20:01,0,28.6,41385.043,28.2,203.8
S5-Dhamapur Lake,16.0404,73.5924,0,-3070,5.41708,0,27.8125,30-08-2025 20:01,0,28.7,41296.9727,28.2,203.4
S5-Dhamapur Lake,16.0404,73.5924,0,-3128,5.72024,0,27.8125,30-08-2025 20:02,0,28.7,41345.8945,28.2,203.1
S5-Dhamapur Lake,16.0404,73.5924,65.303,-3203,5.62185,611.59668,27.8125,30-08-2025 20:02,0,28.7,41319.8008,28.2,202.8
S5-Dhamapur Lake,16.0404,73.5924,130.686,-3195,5.3373,2123.80542,27.75,30-08-2025 20:02,0,28.7,41336.1094,28.2,202.4
S5-Dhamapur Lake,16.0404,73.5924,130.686,-3168,5.59259,2129.66724,27.8125,30-08-2025 20:03,0,28.7,41385.043,28.2,202.4
S5-Dhamapur Lake,16.0404,73.5924,130.686,-3151,5.48888,2123.80542,27.75,30-08-2025 20:03,0,28.7,41385.043,28.2,202.4
S5-Dhamapur Lake,16.0404,73.5924,130.686,-3172,5.23624,2129.66724,27.8125,30-08-2025 20:03,0,28.7,41371.9922,28.2,202.2
S5-Dhamapur Lake,16.0404,73.5924,130.686,-3109,5.31336,2123.80542,27.8125,30-08-2025 20:04,0,28.7,41293.707,28.2,202
S5-Dhamapur Lake,16.0404,73.5924,130.686,-3019,5.02349,2123.80542,27.8125,30-08-2025 20:04,0,28.7,41316.543,28.2,202
S5-Dhamapur Lake,16.0404,73.5924,130.686,-3025,5.27347,2123.80542,27.8125,30-08-2025 20:04,0,28.7,41394.8281,28.2,202
S5-Dhamapur Lake,16.0404,73.5924,130.686,-3009,5.20167,2123.80542,27.8125,30-08-2025 20:05,0,28.7,41473.125,28.2,202
S5-Dhamapur Lake,16.0404,73.5924,130.686,-2986,4.9251,2123.80542,27.8125,30-08-2025 20:05,0,28.7,41525.3281,28.2,201.9
S5-Dhamapur Lake,16.0404,73.5924,130.686,-2958,5.14848,2123.80542,27.75,30-08-2025 20:05,0,28.7,41535.1172,28.2,201.7
S5-Dhamapur Lake,16.0404,73.5924,130.686,-3013,6.68824,2129.66724,27.8125,30-08-2025 20:06,0,28.7,41502.4883,28.2,201.7
S5-Dhamapur Lake,16.0404,73.5924,130.686,-3162,6.63506,2123.80542,27.8125,30-08-2025 20:06,0,28.7,41492.6992,28.2,201.6
S5-Dhamapur Lake,16.0404,73.5924,130.686,-3260,6.62176,2123.80542,27.8125,30-08-2025 20:06,0,28.7,41460.0742,28.2,201.6
S5-Dhamapur Lake,16.0404,73.5924,130.686,-3277,6.68026,2123.80542,27.8125,30-08-2025 20:07,0,28.7,41394.8281,28.2,201.4
S5-Dhamapur Lake,16.0404,73.5924,130.686,-3258,6.62974,2123.80542,27.8125,30-08-2025 20:07,0,28.7,41424.1875,28.2,201.3
S5-Dhamapur Lake,16.0404,73.5924,130.686,-3214,6.69888,2123.80542,27.8125,30-08-2025 20:07,0,28.7,41437.2383,28.2,201.2
S5-Dhamapur Lake,16.0404,73.5924,130.686,-3219,6.7042,2123.80542,27.75,30-08-2025 20:08,0,28.7,41469.8633,28.2,201.3
S5-Dhamapur Lake,16.0404,73.5924,130.686,-3195,6.14042,2129.66724,27.75,30-08-2025 20:08,0,28.8,41329.5898,28.2,201.1
S5-Dhamapur Lake,16.0404,73.5924,130.686,-3173,5.77609,2129.66724,27.8125,30-08-2025 20:08,0,28.8,41313.2812,28.2,201
S5-Dhamapur Lake,16.0404,73.5924,130.686,-3160,5.62451,2123.80542,27.8125,30-08-2025 20:09,0,28.8,41326.3281,28.2,201
S5-Dhamapur Lake,16.0404,73.5924,130.686,-3103,5.69897,2123.80542,27.8125,30-08-2025 20:09,0,28.8,41163.2578,28.2,200.1
S5-Dhamapur Lake,16.0404,73.5924,130.686,-3059,5.61653,2123.80542,27.8125,30-08-2025 20:09,0,28.8,39941.5859,28.2,200.1
S5-Dhamapur Lake,16.0404,73.5924,130.686,-3056,5.4809,2123.80542,27.8125,30-08-2025 20:10,0,28.8,38959.4766,28.2,200.1
S5-Dhamapur Lake,16.0404,73.5924,130.686,-3049,5.4091,2123.80542,27.8125,30-08-2025 20:10,0,28.8,38589.1484,28.2,200.1
S5-Dhamapur Lake,16.0404,73.5924,130.686,-3005,5.50484,2123.80542,27.8125,30-08-2025 20:10,0,28.8,38767.7891,28.2,200.1
S5-Dhamapur Lake,16.0404,73.5924,130.686,-2971,5.18305,2123.80542,27.8125,30-08-2025 20:11,0,28.8,38917.2344,28.2,200
S5-Dhamapur Lake,16.0404,73.5924,130.686,-2944,5.31868,2123.80542,27.8125,30-08-2025 20:11,0,28.8,38965.9727,28.2,200
S5-Dhamapur Lake,16.0404,73.5924,130.686,-2933,5.40378,2123.80542,27.8125,30-08-2025 20:11,0,28.8,38982.2227,28.2,200.7
S5-Dhamapur Lake,16.0404,73.5924,130.686,-2926,5.19369,2123.80542,27.75,30-08-2025 20:12,0,28.8,39115.4688,28.2,200.8
S5-Dhamapur Lake,16.0404,73.5924,130.686,-2910,5.324,2129.66724,27.8125,30-08-2025 20:12,0,28.8,39362.5391,28.2,200.7
S5-Dhamapur Lake,16.0404,73.5924,130.686,-2900,5.35857,2123.80542,27.8125,30-08-2025 20:12,0,28.8,39456.8398,28.2,200.6
S5-Dhamapur Lake,16.0404,73.5924,130.686,-2911,5.15646,2123.80542,27.8125,30-08-2025 20:13,0,28.8,39502.3711,28.2,200.7
S5-Dhamapur Lake,16.0404,73.5924,130.686,-2921,5.1671,2123.80542,27.8125,30-08-2025 20:13,0,28.8,39518.6328,28.2,200.6
S5-Dhamapur Lake,16.0404,73.5924,130.686,-2917,5.28411,2123.80542,27.8125,30-08-2025 20:13,0,28.8,39560.9141,28.2,200.6
S5-Dhamapur Lake,16.0404,73.5924,130.686,-2925,6.86376,2123.80542,27.8125,30-08-2025 20:14,0,28.8,39603.1992,28.2,200.6
S5-Dhamapur Lake,16.0404,73.5924,130.686,-3321,6.70952,2123.80542,27.8125,30-08-2025 20:14,0,28.8,39606.4531,28.2,200.6
S5-Dhamapur Lake,16.0404,73.5924,130.686,-3695,6.71749,2123.80542,27.8125,30-08-2025 20:14,0,28.8,39590.1875,28.2,200.5
S5-Dhamapur Lake,16.0404,73.5924,130.686,-3708,6.70686,2123.80542,27.8125,30-08-2025 20:15,0,28.8,39564.168,28.2,200.6
S5-Dhamapur Lake,16.0404,73.5924,130.686,-3709,6.63506,2123.80542,27.8125,30-08-2025 20:15,0,28.8,39521.8867,28.2,200.6
S5-Dhamapur Lake,16.0404,73.5924,130.686,-3724,6.73079,2123.80542,27.875,30-08-2025 20:15,0,28.8,39528.3906,28.2,200.5
S5-Dhamapur Lake,16.0404,73.5924,130.686,-3720,6.73079,2117.97095,27.875,30-08-2025 20:16,0,28.8,39560.9141,28.2,200.5
S5-Dhamapur Lake,16.0404,73.5924,130.686,-3723,6.59782,2117.97095,27.875,30-08-2025 20:16,0,28.8,39632.4766,28.2,200.5
S5-Dhamapur Lake,16.0404,73.5924,130.686,-3732,6.69356,2117.97095,27.875,30-08-2025 20:16,0,28.8,39619.4648,28.2,200.4
S5-Dhamapur Lake,16.0404,73.5924,130.686,-3743,6.6058,2117.97095,27.875,30-08-2025 20:17,0,28.8,39661.7539,28.2,200.4
S5-Dhamapur Lake,16.0404,73.5924,130.686,-3740,6.55793,2117.97095,27.875,30-08-2025 20:17,0,28.8,39638.9844,28.2,195.3
S5-Dhamapur Lake,16.0404,73.5924,130.686,-3729,6.57921,2117.97095,27.875,30-08-2025 20:17,0,28.8,37294.7656,28.2,191.6
S5-Dhamapur Lake,16.0404,73.5924,130.686,-3733,6.56325,2117.97095,27.875,30-08-2025 20:18,0,28.8,34130.4844,28.2,191.6
S5-Dhamapur Lake,16.0404,73.5924,130.686,-3726,6.59251,2117.97095,27.875,30-08-2025 20:18,0,28.8,32356.918,28.2,191.6
S5-Dhamapur Lake,16.0404,73.5924,130.686,-3729,6.6191,2117.97095,27.875,30-08-2025 20:18,0,28.8,32347.2754,28.2,191.6
S5-Dhamapur Lake,16.0404,73.5924,130.686,-3719,6.56059,2117.97095,27.9375,30-08-2025 20:19,0,28.8,32305.498,28.2,191.5
S5-Dhamapur Lake,16.0404,73.5924,130.686,-3711,6.70952,2112.16382,27.875,30-08-2025 20:19,0,28.8,32302.2832,28.2,191.5
S5-Dhamapur Lake,16.0404,73.5924,130.686,-3728,6.66431,2117.97095,27.875,30-08-2025 20:19,0,28.8,32315.1387,28.2,191.4
S5-Dhamapur Lake,16.0404,73.5924,130.686,-3722,6.55262,2117.97095,27.9375,30-08-2025 20:20,0,28.8,32337.6348,28.2,191.3
S5-Dhamapur Lake,16.0404,73.5924,130.686,-3704,6.6324,2112.16382,27.9375,30-08-2025 20:20,0,28.8,32389.0586,28.2,191.3
S5-Dhamapur Lake,16.0404,73.5924,130.686,-3682,6.58719,2112.16382,27.9375,30-08-2025 20:20,0,28.8,32344.0625,28.2,191.3
S5-Dhamapur Lake,16.0404,73.5924,130.686,-3675,6.59251,2112.16382,27.9375,30-08-2025 20:21,0,28.8,32327.9941,28.2,191.1
S5-Dhamapur Lake,16.0404,73.5924,130.686,-3678,6.51007,2112.16382,27.9375,30-08-2025 20:21,0,28.8,32289.4277,28.2,191.1
S5-Dhamapur Lake,16.0404,73.5924,130.686,-3677,6.49677,2112.16382,27.9375,30-08-2025 20:21,0,28.8,32305.498,28.2,190.9
S5-Dhamapur Lake,16.0404,73.5924,130.686,-3692,6.62442,2112.16382,27.875,30-08-2025 20:22,0,28.8,32260.5059,28.2,190.9
S5-Dhamapur Lake,16.0404,73.5924,130.686,-3692,6.48347,2117.97095,27.875,30-08-2025 20:22,0,28.8,32218.7344,28.2,191.3
S5-Dhamapur Lake,16.0404,73.5924,130.686,-3683,6.50209,2117.97095,27.9375,30-08-2025 20:22,0,28.8,32170.5371,28.2,191.3
S5-Dhamapur Lake,16.0404,73.5924,130.686,-3672,6.65899,2112.16382,27.875,30-08-2025 20:23,0,28.8,32154.4727,28.2,191.2
S5-Dhamapur Lake,16.0404,73.5924,130.686,-3666,6.55793,2117.97095,27.875,30-08-2025 20:23,0,28.8,32141.6211,28.2,191.2
S5-Dhamapur Lake,16.0404,73.5924,130.686,-3672,6.58719,2117.97095,27.875,30-08-2025 20:23,0,28.8,32109.4941,28.2,191.2
S5-Dhamapur Lake,16.0404,73.5924,130.686,-3686,6.60048,2117.97095,27.875,30-08-2025 20:24,0,28.8,32131.9824,28.2,191.1
S5-Dhamapur Lake,16.0404,73.5924,130.686,-3670,6.59516,2117.97095,27.875,30-08-2025 20:24,0,28.8,32189.8164,28.2,191
S5-Dhamapur Lake,16.0404,73.5924,130.686,-3652,6.71749,2117.97095,27.875,30-08-2025 20:24,0,28.8,32218.7344,28.2,191
S5-Dhamapur Lake,16.0404,73.5924,130.686,-3651,6.64569,2117.97095,27.875,30-08-2025 20:25,0,28.9,32151.2598,28.2,190.9
S5-Dhamapur Lake,16.0404,73.5924,130.686,-3652,6.63506,2117.97095,27.875,30-08-2025 20:25,0,28.8,32205.8809,28.2,190.9
S5-Dhamapur Lake,16.0404,73.5924,130.686,-3658,6.70686,2117.97095,27.8125,30-08-2025 20:25,0,28.8,32228.373,28.2,190.9
S5-Dhamapur Lake,16.0404,73.5924,130.686,-3651,6.70952,2123.80542,27.875,30-08-2025 20:26,0,28.8,32231.5859,28.2,190.7
S5-Dhamapur Lake,16.0404,73.5924,130.686,-3649,6.61112,2117.97095,27.875,30-08-2025 20:26,0,28.8,32209.0938,28.2,190.6
S5-Dhamapur Lake,16.0404,73.5924,130.686,-3654,6.54996,2117.97095,27.875,30-08-2025 20:26,0,28.8,32176.9629,28.2,190.6
S5-Dhamapur Lake,16.0404,73.5924,130.686,-3643,6.59516,2117.97095,27.875,30-08-2025 20:27,0,28.8,32199.4551,28.2,190.6
S5-Dhamapur Lake,16.0404,73.5924,130.686,-3644,6.53932,2117.97095,27.875,30-08-2025 20:27,0,28.8,32215.5195,28.2,190.6
S5-Dhamapur Lake,16.0404,73.5924,130.686,-3642,6.65367,2117.97095,27.875,30-08-2025 20:27,0,28.8,32212.3066,28.2,190.6
S5-Dhamapur Lake,16.0404,73.5924,130.686,-3636,6.51007,2117.97095,27.875,30-08-2025 20:28,0,28.8,32180.1758,28.2,190.6
S5-Dhamapur Lake,16.0404,73.5924,130.686,-3633,6.5473,2117.97095,27.875,30-08-2025 20:28,0,28.8,32189.8164,28.2,190.6
S5-Dhamapur Lake,16.0404,73.5924,130.686,-3632,6.61378,2117.97095,27.875,30-08-2025 20:28,0,28.8,32212.3066,28.2,190.6
S5-Dhamapur Lake,16.0404,73.5924,130.686,-3625,6.66165,2117.97095,27.875,30-08-2025 20:29,0,28.8,32209.0938,28.2,190.6
S5-Dhamapur Lake,16.0404,73.5924,130.686,-3628,6.58985,2117.97095,27.875,30-08-2025 20:29,0,28.8,32212.3066,28.2,190.5
S5-Dhamapur Lake,16.0404,73.5924,130.686,-3635,6.65101,2117.97095,27.9375,30-08-2025 20:29,0,28.8,32180.1758,28.2,190.6
S5-Dhamapur Lake,16.0404,73.5924,130.686,-3635,6.59251,2112.16382,27.9375,30-08-2025 20:30,0,28.8,32183.3887,28.2,190.6
S5-Dhamapur Lake,16.0404,73.5924,130.686,-3630,6.60048,2112.16382,27.9375,30-08-2025 20:30,0,28.8,32154.4727,28.2,190.5
S5-Dhamapur Lake,16.0404,73.5924,130.686,-3631,6.68292,2112.16382,27.9375,30-08-2025 20:30,0,28.8,32183.3887,28.2,190.5
S5-Dhamapur Lake,16.0404,73.5924,130.686,-3626,6.57655,2112.16382,27.9375,30-08-2025 20:31,0,28.8,32193.0293,28.2,190.6
S5-Dhamapur Lake,16.0404,73.5924,130.686,-3618,6.66697,2112.16382,27.9375,30-08-2025 20:31,0,28.8,32231.5859,28.2,190.5
S5-Dhamapur Lake,16.0404,73.5924,130.686,-3616,6.67494,2112.16382,27.9375,30-08-2025 20:31,0,28.8,32266.9336,28.2,190.5
S5-Dhamapur Lake,16.0404,73.5924,130.686,-3614,6.60314,2112.16382,27.9375,30-08-2025 20:32,0,28.8,32283.002,28.2,190.4
S5-Dhamapur Lake,16.0404,73.5924,130.686,-3604,6.66697,2112.16382,27.9375,30-08-2025 20:32,0,28.8,32260.5059,28.2,190.3
S5-Dhamapur Lake,16.0404,73.5924,130.686,-3601,6.61112,2112.16382,28,30-08-2025 20:32,0,28.8,32199.4551,28.2,190.3
S5-Dhamapur Lake,16.0404,73.5924,109.347,-3610,6.59516,2106.38452,27.9375,30-08-2025 20:33,0,28.8,32199.4551,28.2,190.5
S5-Dhamapur Lake,16.0404,73.5924,130.686,-3607,6.59516,2112.16382,28,30-08-2025 20:33,0,28.8,32186.6035,28.2,190.4
S5-Dhamapur Lake,16.0404,73.5924,109.347,-3603,6.62974,2106.38452,27.9375,30-08-2025 20:33,0,28.8,32186.6035,28.2,190.3
S5-Dhamapur Lake,16.0404,73.5924,130.686,-3596,6.6324,2112.16382,27.9375,30-08-2025 20:34,0,28.8,32183.3887,28.2,190.3
S5-Dhamapur Lake,16.0404,73.5924,130.686,-3587,6.71749,2112.16382,28,30-08-2025 20:34,0,28.8,32186.6035,28.2,190.3
S5-Dhamapur Lake,16.0404,73.5924,109.347,-3577,6.79196,2106.38452,28,30-08-2025 20:34,0,28.8,32244.4395,28.2,190.3
S5-Dhamapur Lake,16.0404,73.5924,109.347,-3567,6.68824,2106.38452,28,30-08-2025 20:35,0,28.8,32247.6543,28.2,190.4
S5-Dhamapur Lake,16.0404,73.5924,109.347,-3556,6.7042,2106.38452,28,30-08-2025 20:35,0,28.8,32238.0137,28.2,190.2
S5-Dhamapur Lake,16.0404,73.5924,109.347,-3579,6.74675,2106.38452,28,30-08-2025 20:35,0,28.8,32157.6855,28.2,190.3
S5-Dhamapur Lake,16.0404,73.5924,109.347,-3585,6.68026,2106.38452,28,30-08-2025 20:36,0,28.9,32083.7949,28.2,190.2
S5-Dhamapur Lake,16.0404,73.5924,109.347,-3563,6.70952,2106.38452,28,30-08-2025 20:36,0,28.9,32070.9453,28.2,190.3
S5-Dhamapur Lake,16.0404,73.5924,109.347,-3562,6.75738,2106.38452,28,30-08-2025 20:36,0,28.9,32148.0469,28.2,190.2
S5-Dhamapur Lake,16.0404,73.5924,109.347,-3576,6.77334,2106.38452,28,30-08-2025 20:37,0,28.9,32154.4727,28.2,190.2
S5-Dhamapur Lake,16.0404,73.5924,109.347,-3559,6.78398,2106.38452,28,30-08-2025 20:37,0,28.9,32148.0469,28.2,190.2
S5-Dhamapur Lake,16.0404,73.5924,109.347,-3561,6.79993,2106.38452,28,30-08-2025 20:37,0,28.9,32125.5586,28.2,190.1
S5-Dhamapur Lake,16.0404,73.5924,109.347,-3573,6.77068,2106.38452,28,30-08-2025 20:38,0,28.9,32119.1328,28.2,190
S5-Dhamapur Lake,16.0404,73.5924,109.347,-3566,6.80525,2106.38452,28,30-08-2025 20:38,0,28.9,32125.5586,28.2,189.9
S5-Dhamapur Lake,16.0404,73.5924,109.347,-3551,6.80525,2106.38452,28,30-08-2025 20:38,0,28.9,32119.1328,28.2,189.9
S5-Dhamapur Lake,16.0404,73.5924,109.347,-3557,6.85844,2106.38452,28.0625,30-08-2025 20:39,0,28.9,32151.2598,28.2,190
S5-Dhamapur Lake,16.0404,73.5924,109.347,-3569,6.87705,2100.63135,28.0625,30-08-2025 20:39,0,28.9,32115.9199,28.2,189.9
S5-Dhamapur Lake,16.0404,73.5924,109.347,-3563,6.87174,2100.63135,28.0625,30-08-2025 20:39,0,28.9,32109.4941,28.2,189.9
S5-Dhamapur Lake,16.0404,73.5924,109.347,-3573,6.80525,2100.63135,28.0625,30-08-2025 20:40,0,28.9,32080.582,28.2,189.9
S5-Dhamapur Lake,16.0404,73.5924,109.347,-3568,6.80525,2100.63135,28.0625,30-08-2025 20:40,0,28.9,32103.0684,28.2,189.8
S5-Dhamapur Lake,16.0404,73.5924,109.347,-3548,6.89035,2100.63135,28.0625,30-08-2025 20:40,0,28.9,32070.9453,28.2,189.9
S5-Dhamapur Lake,16.0404,73.5924,109.347,-3547,6.80525,2100.63135,28.0625,30-08-2025 20:41,0,28.9,32090.2188,28.3,190
S5-Dhamapur Lake,16.0404,73.5924,109.347,-3559,6.88503,2100.63135,28.0625,30-08-2025 20:41,0,28.9,32125.5586,28.3,189.9
S5-Dhamapur Lake,16.0404,73.5924,109.347,-3565,6.78398,2100.63135,28.0625,30-08-2025 20:41,0,28.9,32144.834,28.3,189.9
S5-Dhamapur Lake,16.0404,73.5924,109.347,-3559,6.88503,2100.63135,28.0625,30-08-2025 20:42,0,28.9,32128.7715,28.3,189.9
S5-Dhamapur Lake,16.0404,73.5924,109.347,-3556,6.80525,2100.63135,28.0625,30-08-2025 20:42,0,28.9,32099.8574,28.3,189.7
S5-Dhamapur Lake,16.0404,73.5924,109.347,-3566,6.78398,2100.63135,28.125,30-08-2025 20:42,0,28.9,32112.707,28.3,189.7
S5-Dhamapur Lake,16.0404,73.5924,109.347,-3576,6.72281,2094.90503,28.125,30-08-2025 20:43,0,28.9,32080.582,28.2,189.4
S5-Dhamapur Lake,16.0404,73.5924,109.347,-3558,6.76536,2094.90503,28.0625,30-08-2025 20:43,0,28.9,32099.8574,28.3,189.7
S5-Dhamapur Lake,16.0404,73.5924,109.347,-3562,6.66165,2100.63135,28.125,30-08-2025 20:43,0,28.9,32087.0059,28.3,189.6
S5-Dhamapur Lake,16.0404,73.5924,109.347,-3571,6.76004,2094.90503,28.125,30-08-2025 20:44,0,28.9,32099.8574,28.3,189.5
S5-Dhamapur Lake,16.0404,73.5924,109.347,-3550,6.68558,2094.90503,28.125,30-08-2025 20:44,0,28.9,32112.707,28.3,189.5
S5-Dhamapur Lake,16.0404,73.5924,109.347,-3550,6.73611,2094.90503,28.0625,30-08-2025 20:44,0,28.9,32115.9199,28.3,189.4
S5-Dhamapur Lake,16.0404,73.5924,109.347,-3561,6.80525,2100.63135,28.0625,30-08-2025 20:45,0,28.9,32125.5586,28.3,189.4
S5-Dhamapur Lake,16.0404,73.5924,109.347,-3566,7.18554,2100.63135,28.125,30-08-2025 20:45,0,28.9,32103.0684,28.3,189.4
S5-Dhamapur Lake,16.0404,73.5924,109.347,-3546,7.26,2094.90503,28.125,30-08-2025 20:45,0,28.9,32122.3457,28.3,189.2
S5-Dhamapur Lake,16.0404,73.5924,109.347,-3538,7.43818,2094.90503,28.125,30-08-2025 20:46,0,28.9,32122.3457,28.3,189.2
S5-Dhamapur Lake,16.0404,73.5924,109.347,-3542,7.47541,2094.90503,28.125,30-08-2025 20:46,0,28.9,32119.1328,28.3,189
S5-Dhamapur Lake,16.0404,73.5924,109.347,-3540,7.40094,2094.90503,28.125,30-08-2025 20:46,0,28.9,32070.9453,28.3,189
S5-Dhamapur Lake,16.0404,73.5924,109.347,-3544,7.49668,2094.90503,28.125,30-08-2025 20:47,0,28.9,32093.4316,28.3,189
S5-Dhamapur Lake,16.0404,73.5924,109.347,-3548,7.4302,2094.90503,28.125,30-08-2025 20:47,0,28.9,32083.7949,28.4,189.2
S5-Dhamapur Lake,16.0404,73.5924,109.347,-3551,7.52327,2094.90503,28.125,30-08-2025 20:47,0,28.9,32067.7324,28.4,189.1
S5-Dhamapur Lake,16.0404,73.5924,109.347,-3555,7.44615,2094.90503,28.125,30-08-2025 20:48,0,28.9,32083.7949,28.4,189.1
S5-Dhamapur Lake,16.0404,73.5924,109.347,-3554,7.46477,2094.90503,28.125,30-08-2025 20:48,0,29,32083.7949,28.4,189
S5-Dhamapur Lake,16.0404,73.5924,109.347,-3559,7.36637,2094.90503,28.125,30-08-2025 20:48,0,29,32138.4082,28.4,188.8
S5-Dhamapur Lake,16.0404,73.5924,109.347,-3571,7.45945,2094.90503,28.125,30-08-2025 20:49,0,29,32109.4941,28.4,188.7
S5-Dhamapur Lake,16.0404,73.5924,109.347,-3571,7.43552,2094.90503,28.1875,30-08-2025 20:49,0,29,32103.0684,28.4,188.5
S5-Dhamapur Lake,16.0404,73.5924,109.347,-3570,7.47541,2089.20557,28.1875,30-08-2025 20:49,0,29,32045.2461,28.4,188.4
S5-Dhamapur Lake,16.0404,73.5924,109.347,-3565,7.39829,2089.20557,28.125,30-08-2025 20:50,0,29,32006.7012,28.4,188.3
S5-Dhamapur Lake,16.0404,73.5924,109.347,-3555,7.32382,2094.90503,28.1875,30-08-2025 20:50,0,29,32019.5488,28.4,188.3
S5-Dhamapur Lake,16.0404,73.5924,109.347,-3559,7.36106,2089.20557,28.1875,30-08-2025 20:50,0,29,32025.9727,28.4,188.2
S5-Dhamapur Lake,16.0404,73.5924,109.347,-3558,7.36106,2089.20557,28.1875,30-08-2025 20:51,0,29,31987.4277,28.4,188.2
S5-Dhamapur Lake,16.0404,73.5924,0,0,5.76013,0,28,30-08-2025 20:51,0,29,31948.8867,28.4,188.2
S5-Dhamapur Lake,16.0404,73.5924,0,-1845,5.46495,0,27.8125,30-08-2025 20:51,0,29,31961.7324,28.4,188.3
S5-Dhamapur Lake,16.0404,73.5924,0,-3533,5.52877,0,27.8125,30-08-2025 20:52,0,29,32013.125,28.4,188.2
S5-Dhamapur Lake,16.0404,73.5924,0,-3329,5.74418,0,27.8125,30-08-2025 20:52,0,29,32016.3359,28.4,188.3
S5-Dhamapur Lake,16.0404,73.5924,0,-3252,5.40378,0,27.875,30-08-2025 20:52,0,29,32013.125,28.4,188.3
S5-Dhamapur Lake,16.0404,73.5924,0,-3202,5.35325,0,27.8125,30-08-2025 20:53,0,29,31964.9453,28.4,188.3
S5-Dhamapur Lake,16.0404,73.5924,0,-3177,5.24688,0,27.8125,30-08-2025 20:53,0,29,31910.3457,28.4,188.2
S5-Dhamapur Lake,16.0404,73.5924,0,-3147,5.31602,0,27.8125,30-08-2025 20:53,0,29,31936.0391,28.4,188.3
S5-Dhamapur Lake,16.0404,73.5924,0,-3121,5.23358,0,27.8125,30-08-2025 20:54,0,29,31968.1562,28.4,188.2
S5-Dhamapur Lake,16.0404,73.5924,0,-3095,5.50484,0,27.8125,30-08-2025 20:54,0,29,31997.0645,28.4,188.2
S5-Dhamapur Lake,16.0404,73.5924,0,-3076,5.34793,0,27.8125,30-08-2025 20:54,0,29,32022.7598,28.4,188.2
S5-Dhamapur Lake,16.0404,73.5924,0,-3089,5.47824,0,27.8125,30-08-2025 20:55,0,29,32051.6699,28.4,188.2
S5-Dhamapur Lake,16.0404,73.5924,0,-3085,5.22826,0,27.8125,30-08-2025 20:55,0,29,32093.4316,28.4,188
S5-Dhamapur Lake,16.0404,73.5924,0,-3070,5.41708,0,27.8125,30-08-2025 20:55,0,29.1,32022.7598,28.4,188
S5-Dhamapur Lake,16.0404,73.5924,0,-3128,5.72024,0,27.8125,30-08-2025 20:56,0,29.1,32000.2773,28.4,187.9
S5-Dhamapur Lake,16.0404,73.5924,65.303,-3203,5.62185,611.59668,27.8125,30-08-2025 20:56,0,29.1,32000.2773,28.4,187.8
S5-Dhamapur Lake,16.0404,73.5924,130.686,-3195,5.3373,2123.80542,27.75,30-08-2025 20:56,0,29.1,31990.6406,28.4,187.6
S5-Dhamapur Lake,16.0404,73.5924,130.686,-3168,5.59259,2129.66724,27.8125,30-08-2025 20:57,0,29.1,32000.2773,28.4,187.6
S5-Dhamapur Lake,16.0404,73.5924,130.686,-3151,5.48888,2123.80542,27.75,30-08-2025 20:57,0,29.1,31968.1562,28.4,187.6
S5-Dhamapur Lake,16.0404,73.5924,130.686,-3172,5.23624,2129.66724,27.8125,30-08-2025 20:57,0,29.1,31977.793,28.4,187.6
S5-Dhamapur Lake,16.0404,73.5924,130.686,-3109,5.31336,2123.80542,27.8125,30-08-2025 20:58,0,29.1,31990.6406,28.4,187.5
S5-Dhamapur Lake,16.0404,73.5924,130.686,-3019,5.02349,2123.80542,27.8125,30-08-2025 20:58,0,29.1,32006.7012,28.4,187.4
S5-Dhamapur Lake,16.0404,73.5924,130.686,-3025,5.27347,2123.80542,27.8125,30-08-2025 20:58,0,29.1,32019.5488,28.4,187.4
S5-Dhamapur Lake,16.0404,73.5924,130.686,-3009,5.20167,2123.80542,27.8125,30-08-2025 20:59,0,29.1,32045.2461,28.4,187.3
S5-Dhamapur Lake,16.0404,73.5924,130.686,-2986,4.9251,2123.80542,27.8125,30-08-2025 20:59,0,29.1,32048.459,28.4,187.3
S5-Dhamapur Lake,16.0404,73.5924,130.686,-2958,5.14848,2123.80542,27.75,30-08-2025 20:59,0,29.1,31993.8535,28.4,187.3
S5-Dhamapur Lake,16.0404,73.5924,130.686,-3013,6.68824,2129.66724,27.8125,30-08-2025 21:00,0,29.1,31958.5215,28.4,187.2
S5-Dhamapur Lake,16.0404,73.5924,130.686,-3162,6.63506,2123.80542,27.8125,30-08-2025 21:00,0,29.1,31932.8281,28.4,187.4
S5-Dhamapur Lake,16.0404,73.5924,130.686,-3260,6.62176,2123.80542,27.8125,30-08-2025 21:00,0,29.1,31990.6406,28.5,187.6
S5-Dhamapur Lake,16.0404,73.5924,130.686,-3277,6.68026,2123.80542,27.8125,30-08-2025 21:01,0,29.1,31993.8535,28.5,187.4
S5-Dhamapur Lake,16.0404,73.5924,130.686,-3258,6.62974,2123.80542,27.8125,30-08-2025 21:01,0,29.1,32000.2773,28.5,187.5
S5-Dhamapur Lake,16.0404,73.5924,130.686,-3214,6.69888,2123.80542,27.8125,30-08-2025 21:01,0,29.1,31919.9805,28.5,187.4
S5-Dhamapur Lake,16.0404,73.5924,130.686,-3219,6.7042,2123.80542,27.75,30-08-2025 21:02,0,29.1,31887.8652,28.5,187.4
S5-Dhamapur Lake,16.0404,73.5924,130.686,-3195,6.14042,2129.66724,27.75,30-08-2025 21:02,0,29.1,31875.0215,28.5,187.3
S5-Dhamapur Lake,16.0404,73.5924,130.686,-3173,5.77609,2129.66724,27.8125,30-08-2025 21:02,0,29.1,31955.3105,28.5,187.3
S5-Dhamapur Lake,16.0404,73.5924,130.686,-3160,5.62451,2123.80542,27.8125,30-08-2025 21:03,0,29.1,32019.5488,28.5,187.2
S5-Dhamapur Lake,16.0404,73.5924,130.686,-3103,5.69897,2123.80542,27.8125,30-08-2025 21:03,0,29.1,32054.8828,28.5,187.2
S5-Dhamapur Lake,16.0404,73.5924,130.686,-3059,5.61653,2123.80542,27.8125,30-08-2025 21:03,0,29.1,31981.0039,28.5,187.2
S5-Dhamapur Lake,16.0404,73.5924,130.686,-3056,5.4809,2123.80542,27.8125,30-08-2025 21:04,0,29.1,31948.8867,28.5,187.2
S5-Dhamapur Lake,16.0404,73.5924,130.686,-3049,5.4091,2123.80542,27.8125,30-08-2025 21:04,0,29.1,31932.8281,28.5,187.2
S5-Dhamapur Lake,16.0404,73.5924,130.686,-3005,5.50484,2123.80542,27.8125,30-08-2025 21:04,0,29.1,31929.6172,28.5,187.2
S5-Dhamapur Lake,16.0404,73.5924,130.686,-2971,5.18305,2123.80542,27.8125,30-08-2025 21:05,0,29.1,31923.1914,28.5,187.3
S5-Dhamapur Lake,16.0404,73.5924,130.686,-2944,5.31868,2123.80542,27.8125,30-08-2025 21:05,0,29.1,31929.6172,28.5,187.4
S5-Dhamapur Lake,16.0404,73.5924,130.686,-2933,5.40378,2123.80542,27.8125,30-08-2025 21:05,0,29.1,31926.4043,28.5,187.4
S5-Dhamapur Lake,16.0404,73.5924,130.686,-2926,5.19369,2123.80542,27.75,30-08-2025 21:06,0,29.2,31891.0781,28.5,187.4
S5-Dhamapur Lake,16.0404,73.5924,130.686,-2910,5.324,2129.66724,27.8125,30-08-2025 21:06,0,29.2,31884.6543,28.5,187.4
S5-Dhamapur Lake,16.0404,73.5924,130.686,-2900,5.35857,2123.80542,27.8125,30-08-2025 21:06,0,29.2,31894.2891,28.5,187.4
S5-Dhamapur Lake,16.0404,73.5924,130.686,-2911,5.15646,2123.80542,27.8125,30-08-2025 21:07,0,29.2,31871.8105,28.5,187.4
S5-Dhamapur Lake,16.0404,73.5924,130.686,-2921,5.1671,2123.80542,27.8125,30-08-2025 21:07,0,29.2,31884.6543,28.6,187.9
S5-Dhamapur Lake,16.0404,73.5924,130.686,-2917,5.28411,2123.80542,27.8125,30-08-2025 21:07,0,29.2,31910.3457,28.6,187.9
S5-Dhamapur Lake,16.0404,73.5924,130.686,-2925,6.86376,2123.80542,27.8125,30-08-2025 21:08,0,29.2,31948.8867,28.6,188
S5-Dhamapur Lake,16.0404,73.5924,130.686,-3321,6.70952,2123.80542,27.8125,30-08-2025 21:08,0,29.2,31916.7695,28.6,188
S5-Dhamapur Lake,16.0404,73.5924,130.686,-3695,6.71749,2123.80542,27.8125,30-08-2025 21:08,0,29.2,31891.0781,28.6,188
S5-Dhamapur Lake,16.0404,73.5924,130.686,-3708,6.70686,2123.80542,27.8125,30-08-2025 21:09,0,29.2,31855.7539,28.6,188
S5-Dhamapur Lake,16.0404,73.5924,130.686,-3709,6.63506,2123.80542,27.8125,30-08-2025 21:09,0,29.2,31823.6406,28.6,188.1
S5-Dhamapur Lake,16.0404,73.5924,130.686,-3724,6.73079,2123.80542,27.875,30-08-2025 21:09,0,29.2,31839.6973,28.6,188
S5-Dhamapur Lake,16.0404,73.5924,130.686,-3720,6.73079,2117.97095,27.875,30-08-2025 21:10,0,29.2,31852.541,28.6,188
S5-Dhamapur Lake,16.0404,73.5924,130.686,-3723,6.59782,2117.97095,27.875,30-08-2025 21:10,0,29.2,31855.7539,28.6,188
S5-Dhamapur Lake,16.0404,73.5924,130.686,-3732,6.69356,2117.97095,27.875,30-08-2025 21:10,0,29.2,31855.7539,28.6,188
S5-Dhamapur Lake,16.0404,73.5924,130.686,-3743,6.6058,2117.97095,27.875,30-08-2025 21:11,0,29.2,31836.4863,28.6,188
S5-Dhamapur Lake,16.0404,73.5924,130.686,-3740,6.55793,2117.97095,27.875,30-08-2025 21:11,0,29.2,31846.1191,28.6,188
S5-Dhamapur Lake,16.0404,73.5924,130.686,-3729,6.57921,2117.97095,27.875,30-08-2025 21:11,0,29.2,31855.7539,28.6,187.9
S5-Dhamapur Lake,16.0404,73.5924,130.686,-3733,6.56325,2117.97095,27.875,30-08-2025 21:12,0,29.2,31852.541,28.6,188
S5-Dhamapur Lake,16.0404,73.5924,130.686,-3726,6.59251,2117.97095,27.875,30-08-2025 21:12,0,29.3,31788.3203,28.6,188
S5-Dhamapur Lake,16.0404,73.5924,130.686,-3729,6.6191,2117.97095,27.875,30-08-2025 21:12,0,29.3,31749.793,28.6,187.9
S5-Dhamapur Lake,16.0404,73.5924,130.686,-3719,6.56059,2117.97095,27.9375,30-08-2025 21:13,0,29.3,31736.9512,28.6,187.9
S5-Dhamapur Lake,16.0404,73.5924,130.686,-3711,6.70952,2112.16382,27.875,30-08-2025 21:13,0,29.3,31749.793,28.6,188.1
S5-Dhamapur Lake,16.0404,73.5924,130.686,-3728,6.66431,2117.97095,27.875,30-08-2025 21:13,0,29.3,31749.793,28.6,188.1
S5-Dhamapur Lake,16.0404,73.5924,130.686,-3722,6.55262,2117.97095,27.9375,30-08-2025 21:14,0,29.3,31730.5293,28.6,188.1
S5-Dhamapur Lake,16.0404,73.5924,130.686,-3704,6.6324,2112.16382,27.9375,30-08-2025 21:14,0,29.3,31727.3184,28.6,188.1
S5-Dhamapur Lake,16.0404,73.5924,130.686,-3682,6.58719,2112.16382,27.9375,30-08-2025 21:14,0,29.3,31720.8984,28.6,188.1
S5-Dhamapur Lake,16.0404,73.5924,130.686,-3675,6.59251,2112.16382,27.9375,30-08-2025 21:15,0,29.3,31762.6348,28.6,188.2
S5-Dhamapur Lake,16.0404,73.5924,130.686,-3678,6.51007,2112.16382,27.9375,30-08-2025 21:15,0,29.3,31746.582,28.6,188.1
S5-Dhamapur Lake,16.0404,73.5924,130.686,-3677,6.49677,2112.16382,27.9375,30-08-2025 21:15,0,29.3,31762.6348,28.6,188.1
S5-Dhamapur Lake,16.0404,73.5924,130.686,-3692,6.62442,2112.16382,27.875,30-08-2025 21:16,0,29.3,31746.582,28.6,188.1
S5-Dhamapur Lake,16.0404,73.5924,130.686,-3692,6.48347,2117.97095,27.875,30-08-2025 21:16,0,29.3,31765.8457,28.6,188.1
S5-Dhamapur Lake,16.0404,73.5924,130.686,-3683,6.50209,2117.97095,27.9375,30-08-2025 21:16,0,29.3,31743.3711,28.6,188.2
S5-Dhamapur Lake,16.0404,73.5924,130.686,-3672,6.65899,2112.16382,27.875,30-08-2025 21:17,0,29.3,31765.8457,28.6,188.1
S5-Dhamapur Lake,16.0404,73.5924,130.686,-3666,6.55793,2117.97095,27.875,30-08-2025 21:17,0,29.3,31759.4238,28.6,188.2
S5-Dhamapur Lake,16.0404,73.5924,130.686,-3672,6.58719,2117.97095,27.875,30-08-2025 21:17,0,29.3,31749.793,28.6,188.1
S5-Dhamapur Lake,16.0404,73.5924,130.686,-3686,6.60048,2117.97095,27.875,30-08-2025 21:18,0,29.3,31724.1074,28.6,188.2
S5-Dhamapur Lake,16.0404,73.5924,130.686,-3670,6.59516,2117.97095,27.875,30-08-2025 21:18,0,29.3,31759.4238,28.6,188.1
S5-Dhamapur Lake,16.0404,73.5924,130.686,-3652,6.71749,2117.97095,27.875,30-08-2025 21:18,0,29.3,31788.3203,28.6,188.1
S5-Dhamapur Lake,16.0404,73.5924,130.686,-3651,6.64569,2117.97095,27.875,30-08-2025 21:19,0,29.3,31794.7422,28.6,188.1
S5-Dhamapur Lake,16.0404,73.5924,130.686,-3652,6.63506,2117.97095,27.875,30-08-2025 21:19,0,29.3,31753.002,28.6,188.1
S5-Dhamapur Lake,16.0404,73.5924,130.686,-3658,6.70686,2117.97095,27.8125,30-08-2025 21:19,0,29.3,31762.6348,28.6,188.1
S5-Dhamapur Lake,16.0404,73.5924,130.686,-3651,6.70952,2123.80542,27.875,30-08-2025 21:20,0,29.3,31749.793,28.6,188
S5-Dhamapur Lake,16.0404,73.5924,130.686,-3649,6.61112,2117.97095,27.875,30-08-2025 21:20,0,29.3,31743.3711,28.6,187.9
S5-Dhamapur Lake,16.0404,73.5924,130.686,-3654,6.54996,2117.97095,27.875,30-08-2025 21:20,0,29.3,31717.6875,28.6,188
S5-Dhamapur Lake,16.0404,73.5924,130.686,-3643,6.59516,2117.97095,27.875,30-08-2025 21:21,0,29.3,31698.4238,28.6,187.9
S5-Dhamapur Lake,16.0404,73.5924,130.686,-3644,6.53932,2117.97095,27.875,30-08-2025 21:21,0,29.3,31695.2148,28.6,187.9
S5-Dhamapur Lake,16.0404,73.5924,130.686,-3642,6.65367,2117.97095,27.875,30-08-2025 21:21,0,29.3,31704.8457,28.6,187.9
S5-Dhamapur Lake,16.0404,73.5924,130.686,-3636,6.51007,2117.97095,27.875,30-08-2025 21:22,0,29.3,31692.0039,28.7,188.1
S5-Dhamapur Lake,16.0404,73.5924,130.686,-3633,6.5473,2117.97095,27.875,30-08-2025 21:22,0,29.3,31692.0039,28.7,187.9
S5-Dhamapur Lake,16.0404,73.5924,130.686,-3632,6.61378,2117.97095,27.875,30-08-2025 21:22,0,29.3,31653.4805,28.7,187.9
S5-Dhamapur Lake,16.0404,73.5924,130.686,-3625,6.66165,2117.97095,27.875,30-08-2025 21:23,0,29.3,31672.7422,28.7,188.1
S5-Dhamapur Lake,16.0404,73.5924,130.686,-3628,6.58985,2117.97095,27.875,30-08-2025 21:23,0,29.3,31659.9004,28.7,188
S5-Dhamapur Lake,16.0404,73.5924,130.686,-3635,6.65101,2117.97095,27.9375,30-08-2025 21:23,0,29.3,31708.0566,28.7,188
S5-Dhamapur Lake,16.0404,73.5924,130.686,-3635,6.59251,2112.16382,27.9375,30-08-2025 21:24,0,29.3,31708.0566,28.7,187.9
S5-Dhamapur Lake,16.0404,73.5924,130.686,-3630,6.60048,2112.16382,27.9375,30-08-2025 21:24,0,29.4,31634.2207,28.7,187.9
S5-Dhamapur Lake,16.0404,73.5924,130.686,-3631,6.68292,2112.16382,27.9375,30-08-2025 21:24,0,29.4,31631.0098,28.7,187.9
S5-Dhamapur Lake,16.0404,73.5924,130.686,-3626,6.57655,2112.16382,27.9375,30-08-2025 21:25,0,29.4,31618.1719,28.7,187.9
S5-Dhamapur Lake,16.0404,73.5924,130.686,-3618,6.66697,2112.16382,27.9375,30-08-2025 21:25,0,29.4,31637.4297,28.7,187.9
S5-Dhamapur Lake,16.0404,73.5924,130.686,-3616,6.67494,2112.16382,27.9375,30-08-2025 21:25,0,29.4,31608.543,28.7,187.9
S5-Dhamapur Lake,16.0404,73.5924,130.686,-3614,6.60314,2112.16382,27.9375,30-08-2025 21:26,0,29.4,31656.6914,28.7,187.9
S5-Dhamapur Lake,16.0404,73.5924,130.686,-3604,6.66697,2112.16382,27.9375,30-08-2025 21:26,0,29.4,31637.4297,28.7,187.9
S5-Dhamapur Lake,16.0404,73.5924,130.686,-3601,6.61112,2112.16382,28,30-08-2025 21:26,0,29.4,31637.4297,28.7,187.9
S5-Dhamapur Lake,16.0404,73.5924,109.347,-3610,6.59516,2106.38452,27.9375,30-08-2025 21:27,0,29.4,31608.543,28.7,187.7
S5-Dhamapur Lake,16.0404,73.5924,130.686,-3607,6.59516,2112.16382,28,30-08-2025 21:27,0,29.4,31618.1719,28.7,187.9
S5-Dhamapur Lake,16.0404,73.5924,109.347,-3603,6.62974,2106.38452,27.9375,30-08-2025 21:27,0,29.4,31618.1719,28.7,187.7
S5-Dhamapur Lake,16.0404,73.5924,130.686,-3596,6.6324,2112.16382,27.9375,30-08-2025 21:28,0,29.4,31618.1719,28.7,187.9
S5-Dhamapur Lake,16.0404,73.5924,130.686,-3587,6.71749,2112.16382,28,30-08-2025 21:28,0,29.4,31614.9629,28.7,187.9
S5-Dhamapur Lake,16.0404,73.5924,109.347,-3577,6.79196,2106.38452,28,30-08-2025 21:28,0,29.4,31653.4805,28.7,187.9
S5-Dhamapur Lake,16.0404,73.5924,109.347,-3567,6.68824,2106.38452,28,30-08-2025 21:29,0,29.4,31663.1113,28.7,187.7
S5-Dhamapur Lake,16.0404,73.5924,109.347,-3556,6.7042,2106.38452,28,30-08-2025 21:29,0,29.4,31640.6406,28.7,187.7
S5-Dhamapur Lake,16.0404,73.5924,109.347,-3579,6.74675,2106.38452,28,30-08-2025 21:29,0,29.4,31717.6875,28.7,187.7
S5-Dhamapur Lake,16.0404,73.5924,109.347,-3585,6.68026,2106.38452,28,30-08-2025 21:30,0,29.4,31781.9004,28.7,187.7
S5-Dhamapur Lake,16.0404,73.5924,109.347,-3563,6.70952,2106.38452,28,30-08-2025 21:30,0,29.4,31765.8457,28.8,188
S5-Dhamapur Lake,16.0404,73.5924,109.347,-3562,6.75738,2106.38452,28,30-08-2025 21:30,0,29.4,31717.6875,28.7,187.7
S5-Dhamapur Lake,16.0404,73.5924,109.347,-3576,6.77334,2106.38452,28,30-08-2025 21:31,0,29.4,31672.7422,28.8,187.9
S5-Dhamapur Lake,16.0404,73.5924,109.347,-3559,6.78398,2106.38452,28,30-08-2025 21:31,0,29.4,31701.6348,28.8,188
S5-Dhamapur Lake,16.0404,73.5924,109.347,-3561,6.79993,2106.38452,28,30-08-2025 21:31,0,29.4,31695.2148,28.8,187.9
S5-Dhamapur Lake,16.0404,73.5924,109.347,-3573,6.77068,2106.38452,28,30-08-2025 21:32,0,29.5,31640.6406,28.8,187.9
S5-Dhamapur Lake,16.0404,73.5924,109.347,-3566,6.80525,2106.38452,28,30-08-2025 21:32,0,29.4,31711.2656,28.8,187.8
S5-Dhamapur Lake,16.0404,73.5924,109.347,-3551,6.80525,2106.38452,28,30-08-2025 21:32,0,29.5,31692.0039,28.7,187.5
S5-Dhamapur Lake,16.0404,73.5924,109.347,-3557,6.85844,2106.38452,28.0625,30-08-2025 21:33,0,29.5,31685.584,28.8,187.6
S5-Dhamapur Lake,16.0404,73.5924,109.347,-3569,6.87705,2100.63135,28.0625,30-08-2025 21:33,0,29.5,31672.7422,28.8,187.6
S5-Dhamapur Lake,16.0404,73.5924,109.347,-3563,6.87174,2100.63135,28.0625,30-08-2025 21:33,0,29.5,31666.3223,28.8,187.7
S5-Dhamapur Lake,16.0404,73.5924,109.347,-3573,6.80525,2100.63135,28.0625,30-08-2025 21:34,0,29.5,31698.4238,28.8,187.6
S5-Dhamapur Lake,16.0404,73.5924,109.347,-3568,6.80525,2100.63135,28.0625,30-08-2025 21:34,0,29.5,31692.0039,28.8,187.6
S5-Dhamapur Lake,16.0404,73.5924,109.347,-3548,6.89035,2100.63135,28.0625,30-08-2025 21:34,0,29.5,31672.7422,28.8,187.6
S5-Dhamapur Lake,16.0404,73.5924,109.347,-3547,6.80525,2100.63135,28.0625,30-08-2025 21:35,0,29.5,31624.5918,28.8,187.6
S5-Dhamapur Lake,16.0404,73.5924,109.347,-3559,6.88503,2100.63135,28.0625,30-08-2025 21:35,0,29.5,31602.1211,28.8,187.6
S5-Dhamapur Lake,16.0404,73.5924,109.347,-3565,6.78398,2100.63135,28.0625,30-08-2025 21:35,0,29.5,31544.3496,28.8,188.7
S5-Dhamapur Lake,16.0404,73.5924,109.347,-3559,6.88503,2100.63135,28.0625,30-08-2025 21:36,0,29.5,31537.9277,28.8,188.5
S5-Dhamapur Lake,16.0404,73.5924,109.347,-3556,6.80525,2100.63135,28.0625,30-08-2025 21:36,0,29.5,31515.4629,28.8,188.5
S5-Dhamapur Lake,16.0404,73.5924,109.347,-3566,6.78398,2100.63135,28.125,30-08-2025 21:36,0,29.5,31525.0918,28.8,188.5
S5-Dhamapur Lake,16.0404,73.5924,109.347,-3576,6.72281,2094.90503,28.125,30-08-2025 21:37,0,29.5,31518.6719,28.8,188.5
S5-Dhamapur Lake,16.0404,73.5924,109.347,-3558,6.76536,2094.90503,28.0625,30-08-2025 21:37,0,29.5,31534.7207,28.8,188.5
S5-Dhamapur Lake,16.0404,73.5924,109.347,-3562,6.66165,2100.63135,28.125,30-08-2025 21:37,0,29.5,31528.3008,28.8,188.5
S5-Dhamapur Lake,16.0404,73.5924,109.347,-3571,6.76004,2094.90503,28.125,30-08-2025 21:38,0,29.5,31537.9277,28.8,188.5
S5-Dhamapur Lake,16.0404,73.5924,109.347,-3550,6.68558,2094.90503,28.125,30-08-2025 21:38,0,29.5,31525.0918,28.8,188.3
S5-Dhamapur Lake,16.0404,73.5924,109.347,-3550,6.73611,2094.90503,28.0625,30-08-2025 21:38,0,29.5,31483.3711,28.8,188.3
S5-Dhamapur Lake,16.0404,73.5924,109.347,-3561,6.80525,2100.63135,28.0625,30-08-2025 21:39,0,29.5,31422.4004,28.8,188.2
S5-Dhamapur Lake,16.0404,73.5924,109.347,-3566,7.18554,2100.63135,28.125,30-08-2025 21:39,0,29.5,31393.5215,28.8,188.1
S5-Dhamapur Lake,16.0404,73.5924,109.347,-3546,7.26,2094.90503,28.125,30-08-2025 21:39,0,29.5,31393.5215,28.8,188.1
S5-Dhamapur Lake,16.0404,73.5924,109.347,-3538,7.43818,2094.90503,28.125,30-08-2025 21:40,0,29.5,31476.9531,28.8,188.1
S5-Dhamapur Lake,16.0404,73.5924,109.347,-3542,7.47541,2094.90503,28.125,30-08-2025 21:40,0,29.5,31534.7207,28.8,188.1
S5-Dhamapur Lake,16.0404,73.5924,109.347,-3540,7.40094,2094.90503,28.125,30-08-2025 21:40,0,29.5,31528.3008,28.8,188
S5-Dhamapur Lake,16.0404,73.5924,109.347,-3544,7.49668,2094.90503,28.125,30-08-2025 21:41,0,29.5,31489.7891,28.8,187.9
S5-Dhamapur Lake,16.0404,73.5924,109.347,-3548,7.4302,2094.90503,28.125,30-08-2025 21:41,0,29.5,31489.7891,28.8,187.9
S5-Dhamapur Lake,16.0404,73.5924,109.347,-3551,7.52327,2094.90503,28.125,30-08-2025 21:41,0,29.5,31544.3496,28.8,187.9
S5-Dhamapur Lake,16.0404,73.5924,109.347,-3555,7.44615,2094.90503,28.125,30-08-2025 21:42,0,29.5,31563.6055,28.8,187.9
S5-Dhamapur Lake,16.0404,73.5924,109.347,-3554,7.46477,2094.90503,28.125,30-08-2025 21:42,0,29.5,31563.6055,28.8,187.7
S5-Dhamapur Lake,16.0404,73.5924,109.347,-3559,7.36637,2094.90503,28.125,30-08-2025 21:42,0,29.5,31531.5098,28.8,187.8
S5-Dhamapur Lake,16.0404,73.5924,109.347,-3571,7.45945,2094.90503,28.125,30-08-2025 21:43,0,29.5,31473.7422,28.8,187.7
S5-Dhamapur Lake,16.0404,73.5924,109.347,-3571,7.43552,2094.90503,28.1875,30-08-2025 21:43,0,29.6,31377.4785,28.8,187.6
S5-Dhamapur Lake,16.0404,73.5924,109.347,-3570,7.47541,2089.20557,28.1875,30-08-2025 21:43,0,29.5,31432.0254,28.8,187.7
S5-Dhamapur Lake,16.0404,73.5924,109.347,-3565,7.39829,2089.20557,28.125,30-08-2025 21:44,0,29.6,31393.5215,28.8,187.6
S5-Dhamapur Lake,16.0404,73.5924,109.347,-3555,7.32382,2094.90503,28.1875,30-08-2025 21:44,0,29.6,31406.3555,28.8,187.6
S5-Dhamapur Lake,16.0404,73.5924,109.347,-3559,7.36106,2089.20557,28.1875,30-08-2025 21:44,0,29.6,31393.5215,28.8,187.5
S5-Dhamapur Lake,16.0404,73.5924,109.347,-3558,7.36106,2089.20557,28.1875,30-08-2025 21:45,0,29.6,31396.7285,28.8,187.6
S6-Shirpur Lake,21.0687,74.8594,0,0,6.15903,0,28,31-08-2025 11:11,0,28.4,102086.0938,28.1,225.4
S6-Shirpur Lake,21.0684,74.8591,0,-2712,6.08723,0,27.875,31-08-2025 11:11,0,28.4,101874.6641,28.1,225.3
S6-Shirpur Lake,21.0688,74.8595,0,-5324,6.01277,0,27.875,31-08-2025 11:11,0,28.5,101617.4766,28.1,225.4
S6-Shirpur Lake,21.0682,74.8593,0,-5196,5.90905,0,27.875,31-08-2025 11:12,0,28.5,101589.2969,28.1,225.4
S6-Shirpur Lake,21.0687,74.8594,0,-5168,5.82927,0,27.875,31-08-2025 11:12,0,28.5,101543.5,28.1,225.5
S6-Shirpur Lake,21.0684,74.8591,0,-5079,5.75747,0,27.875,31-08-2025 11:12,0,28.5,101427.2734,28.1,225.4
S6-Shirpur Lake,21.0688,74.8595,0,-5006,5.70429,0,27.875,31-08-2025 11:13,0,28.5,101363.8828,28.1,225.5
S6-Shirpur Lake,21.0682,74.8593,0,-5069,5.66705,0,27.875,31-08-2025 11:13,0,28.5,87869.0078,28.2,196.6
S6-Shirpur Lake,21.0687,74.8594,0,-5089,5.62451,0,27.875,31-08-2025 11:13,0,28.5,57243.5469,28.2,230.1
S6-Shirpur Lake,21.0684,74.8591,0,-5073,5.53675,0,27.875,31-08-2025 11:14,0,28.5,27846.0391,28.2,229.9
S6-Shirpur Lake,21.0688,74.8595,0,-5071,5.49686,0,27.9375,31-08-2025 11:14,0,28.5,0,28.2,229.8
S6-Shirpur Lake,21.0682,74.8593,0,-5070,5.47558,0,27.9375,31-08-2025 11:14,0,28.6,0,28.2,229.8
S6-Shirpur Lake,21.0687,74.8594,0,-5043,5.40378,0,27.9375,31-08-2025 11:15,0,28.6,0,28.2,229.8
S6-Shirpur Lake,21.0684,74.8591,0,-5029,5.36389,0,27.9375,31-08-2025 11:15,0,28.6,0,28.2,230.2
S6-Shirpur Lake,21.0688,74.8595,0,-5090,5.34262,0,27.9375,31-08-2025 11:15,0,28.6,0,28.2,230.2
S6-Shirpur Lake,21.0682,74.8593,50.73,-5132,5.26549,609.69171,27.9375,31-08-2025 11:16,0,28.6,0,28.2,230.1
S6-Shirpur Lake,21.0687,74.8594,100.351,-5129,5.2389,2112.16382,27.9375,31-08-2025 11:16,0,28.6,0,28.2,230.2
S6-Shirpur Lake,21.0684,74.8591,100.351,-5163,5.16444,2112.16382,27.9375,31-08-2025 11:16,0,28.6,0,28.2,230.2
S6-Shirpur Lake,21.0688,74.8595,100.351,-5206,5.18571,2112.16382,27.9375,31-08-2025 11:17,0,28.7,0,28.2,230.2
S6-Shirpur Lake,21.0682,74.8593,100.351,-5162,5.14848,2112.16382,28,31-08-2025 11:17,0,28.7,0,28.2,230.2
S6-Shirpur Lake,21.0687,74.8594,83.965,-5212,5.12987,2106.38452,27.9375,31-08-2025 11:18,0,28.7,0,28.2,230.2
S6-Shirpur Lake,21.0684,74.8591,100.351,-5341,5.09796,2112.16382,27.9375,31-08-2025 11:18,0,28.7,0,28.2,230.2
S6-Shirpur Lake,21.0688,74.8595,100.351,-5421,5.06338,2112.16382,27.9375,31-08-2025 11:18,0,28.7,0,28.2,230.2
S6-Shirpur Lake,21.0682,74.8593,100.351,-5540,5.082,2112.16382,27.9375,31-08-2025 11:19,0,28.7,0,28.2,230.2
S6-Shirpur Lake,21.0687,74.8594,100.351,-5630,5.05275,2112.16382,27.9375,31-08-2025 11:19,0,28.7,0,28.2,233.1
S6-Shirpur Lake,21.0684,74.8591,100.351,-5672,5.06338,2112.16382,27.9375,31-08-2025 11:19,0,28.7,3956.3745,28.2,232.1
S6-Shirpur Lake,21.0688,74.8595,100.351,-5713,5.06338,2112.16382,27.9375,31-08-2025 11:20,0,28.7,4207.8965,28.2,232.7
S6-Shirpur Lake,21.0682,74.8593,100.351,-5760,5.06338,2112.16382,27.9375,31-08-2025 11:20,0,28.7,3829.2898,28.2,232.7
S6-Shirpur Lake,21.0687,74.8594,100.351,-5776,5.06338,2112.16382,27.9375,31-08-2025 11:20,0,28.7,0,28.2,232.7
S6-Shirpur Lake,21.0684,74.8591,100.351,-5750,5.03945,2112.16382,27.9375,31-08-2025 11:21,0,28.7,0,28.2,232.7
S6-Shirpur Lake,21.0688,74.8595,100.351,-5713,5.04743,2112.16382,27.9375,31-08-2025 11:21,0,28.7,0,28.2,232.7
S6-Shirpur Lake,21.0682,74.8593,99.202,-5719,5.03945,2112.16382,27.9375,31-08-2025 11:21,0,28.7,0,28.2,232.7
S6-Shirpur Lake,21.0687,74.8594,98.331,-5747,5.01286,2112.16382,27.9375,31-08-2025 11:22,0,28.7,0,28.2,232.5
S6-Shirpur Lake,21.0684,74.8591,97.262,-5693,5.01818,2112.16382,27.9375,31-08-2025 11:22,0,28.7,0,28.2,232.7
S6-Shirpur Lake,21.0688,74.8595,94.965,-5683,5.00754,2112.16382,27.9375,31-08-2025 11:22,0,28.7,0,28.2,232.5
S6-Shirpur Lake,21.0682,74.8593,91.322,-5739,4.97563,2112.16382,28,31-08-2025 11:23,0,28.7,0,28.2,232.5
S6-Shirpur Lake,21.0687,74.8594,75.018,-5720,5.00754,2106.38452,27.9375,31-08-2025 11:23,0,28.7,0,28.2,232.5
S6-Shirpur Lake,21.0684,74.8591,84.352,-5692,4.97829,2112.16382,27.9375,31-08-2025 11:23,0,28.7,0,28.2,232.5
S6-Shirpur Lake,21.0688,74.8595,78.332,-5677,4.9969,2112.16382,28,31-08-2025 11:24,0,28.7,0,28.2,232.5
S6-Shirpur Lake,21.0682,74.8593,63.885,-5704,5.01286,2106.38452,27.9375,31-08-2025 11:24,0,28.7,0,28.2,237
S6-Shirpur Lake,21.0687,74.8594,74.174,-5707,4.9836,2112.16382,27.9375,31-08-2025 11:24,0,28.7,0,28.2,237.1
S6-Shirpur Lake,21.0684,74.8591,72.154,-5694,5.00754,2112.16382,27.9375,31-08-2025 11:25,0,28.8,0,28.2,237.1
S6-Shirpur Lake,21.0688,74.8595,70.887,-5687,4.99158,2112.16382,27.9375,31-08-2025 11:25,0,28.8,0,28.2,237.1
S6-Shirpur Lake,21.0682,74.8593,70.531,-5665,5.01818,2112.16382,27.9375,31-08-2025 11:25,0,28.8,0,28.2,237.1
S6-Shirpur Lake,21.0687,74.8594,70.531,-5648,5.04743,2112.16382,27.9375,31-08-2025 11:26,0,28.8,0,28.2,237.1
S6-Shirpur Lake,21.0684,74.8591,70.372,-5609,5.03147,2112.16382,27.9375,31-08-2025 11:26,0,28.8,0,28.2,237.1
S6-Shirpur Lake,21.0688,74.8595,70.372,-5597,5.01552,2112.16382,27.9375,31-08-2025 11:26,0,28.8,0,28.2,237.2
S6-Shirpur Lake,21.0682,74.8593,70.095,-5610,5.05275,2112.16382,27.9375,31-08-2025 11:27,0,28.8,0,28.2,237.2
S6-Shirpur Lake,21.0687,74.8594,70.016,-5568,5.01818,2112.16382,27.9375,31-08-2025 11:27,0,28.8,0,28.2,237.2
S6-Shirpur Lake,21.0684,74.8591,70.016,-5559,5.01286,2112.16382,27.9375,31-08-2025 11:27,0,28.8,0,28.2,237.1
S6-Shirpur Lake,21.0688,74.8595,70.016,-5592,5.01552,2112.16382,27.9375,31-08-2025 11:28,0,28.8,0,28.2,237.2
S6-Shirpur Lake,21.0682,74.8593,70.016,-5570,5.0102,2112.16382,27.9375,31-08-2025 11:28,0,28.8,0,28.2,237.2
S6-Shirpur Lake,21.0687,74.8594,70.016,-5577,5.01286,2112.16382,27.9375,31-08-2025 11:28,0,28.8,0,28.2,237.1
S6-Shirpur Lake,21.0684,74.8591,70.016,-5600,5.02881,2112.16382,27.9375,31-08-2025 11:29,0,28.8,0,28.2,237.1
S6-Shirpur Lake,21.0688,74.8595,70.016,-5542,5.01552,2112.16382,27.9375,31-08-2025 11:29,0,28.9,0,28.2,237
S6-Shirpur Lake,21.0682,74.8593,70.016,-5538,5.03413,2112.16382,27.9375,31-08-2025 11:29,0,28.9,0,28.2,237
S6-Shirpur Lake,21.0687,74.8594,70.016,-5566,4.9969,2112.16382,27.9375,31-08-2025 11:30,0,28.9,0,28.2,237
S6-Shirpur Lake,21.0684,74.8591,70.174,-5533,4.99424,2112.16382,27.9375,31-08-2025 11:30,0,28.9,0,28.2,237
S6-Shirpur Lake,21.0688,74.8595,70.174,-5512,5.04743,2112.16382,27.9375,31-08-2025 11:30,0,28.9,0,28.2,236.9
S6-Shirpur Lake,21.0682,74.8593,70.333,-5497,5.03413,2112.16382,27.9375,31-08-2025 11:31,0,28.9,0,28.2,236.9
S6-Shirpur Lake,21.0687,74.8594,70.333,-5471,5.00754,2112.16382,27.9375,31-08-2025 11:31,0,28.9,0,28.2,236.9
S6-Shirpur Lake,21.0684,74.8591,70.768,-5446,4.99424,2112.16382,27.9375,31-08-2025 11:31,0,28.9,0,28.2,236.9
S6-Shirpur Lake,21.0688,74.8595,71.204,-5410,4.99424,2112.16382,27.9375,31-08-2025 11:32,0,28.9,0,28.2,236.2
S6-Shirpur Lake,21.0682,74.8593,71.6,-5400,4.9836,2112.16382,27.9375,31-08-2025 11:32,0,28.9,0,28.2,236.2
S6-Shirpur Lake,21.0687,74.8594,72.036,-5424,4.97829,2112.16382,27.9375,31-08-2025 11:32,0,28.9,0,28.2,236.2
S6-Shirpur Lake,21.0684,74.8591,72.471,-5412,4.97829,2112.16382,27.9375,31-08-2025 11:33,0,28.9,0,28.2,236.2
S6-Shirpur Lake,21.0688,74.8595,73.382,-5409,5.00488,2112.16382,27.9375,31-08-2025 11:33,0,28.9,0,28.2,236.2
S6-Shirpur Lake,21.0682,74.8593,74.451,-5435,4.99158,2112.16382,27.9375,31-08-2025 11:33,0,28.9,0,28.2,236.1
S6-Shirpur Lake,21.0687,74.8594,75.204,-5435,5.02083,2112.16382,28,31-08-2025 11:34,0,28.9,0,28.2,236.1
S6-Shirpur Lake,21.0684,74.8591,63.123,-5394,5.01286,2106.38452,28,31-08-2025 11:34,0,28.9,0,28.2,236.2
S6-Shirpur Lake,21.0688,74.8595,63.189,-5387,4.9969,2106.38452,27.9375,31-08-2025 11:35,0,28.9,0,28.2,236.1
S6-Shirpur Lake,21.0682,74.8593,75.798,-5393,5.00488,2112.16382,28,31-08-2025 11:35,0,28.9,0,28.2,236.1
S6-Shirpur Lake,21.0687,74.8594,64.084,-5388,5.02615,2106.38452,28,31-08-2025 11:35,0,28.9,0,28.2,236.2
S6-Shirpur Lake,21.0684,74.8591,64.548,-5366,5.03413,2106.38452,27.9375,31-08-2025 11:36,0,28.9,40195.4961,28.2,236.2
S6-Shirpur Lake,21.0688,74.8595,77.58,-5347,5.02083,2112.16382,27.9375,31-08-2025 11:36,0,28.9,92812.1719,28.2,236.2
S6-Shirpur Lake,21.0682,74.8593,77.976,-5420,5.02349,2112.16382,28,31-08-2025 11:36,0,28.9,135932.8594,28.2,236.2
S6-Shirpur Lake,21.0687,74.8594,65.243,-5522,5.02615,2106.38452,28,31-08-2025 11:37,0,28.9,137313.2656,28.2,236.3
S6-Shirpur Lake,21.0684,74.8591,65.243,-5574,5.04743,2106.38452,27.9375,31-08-2025 11:37,0,28.9,137276.9219,28.2,236.2
S6-Shirpur Lake,21.0688,74.8595,77.976,-5628,5.05009,2112.16382,28,31-08-2025 11:37,0,28.9,137189.7031,28.2,236.2
S6-Shirpur Lake,21.0682,74.8593,65.243,-5645,5.03147,2106.38452,28,31-08-2025 11:38,0,28.9,137098.8438,28.2,236.2
S6-Shirpur Lake,21.0687,74.8594,65.243,-5639,5.06338,2106.38452,28,31-08-2025 11:38,0,28.9,137077.0312,28.2,236.2
S6-Shirpur Lake,21.0684,74.8591,65.243,-5639,5.06604,2106.38452,28,31-08-2025 11:38,0,28.9,137095.2188,28.2,236.2
S6-Shirpur Lake,21.0688,74.8595,65.243,-5634,5.082,2106.38452,28,31-08-2025 11:39,0,29,136735.5,28.2,236.1
S6-Shirpur Lake,21.0682,74.8593,65.243,-5644,5.09796,2106.38452,28,31-08-2025 11:39,0,29,136924.4219,28.2,236
S6-Shirpur Lake,21.0687,74.8594,65.243,-5641,5.10593,2106.38452,28,31-08-2025 11:39,0,29,136928.0625,28.2,236
S6-Shirpur Lake,21.0684,74.8591,65.243,-5643,5.11923,2106.38452,28,31-08-2025 11:40,0,29,136953.4844,28.2,236
S6-Shirpur Lake,21.0688,74.8595,65.243,-5632,5.16444,2106.38452,28,31-08-2025 11:40,0,29,136757.2969,28.2,236
S6-Shirpur Lake,21.0682,74.8593,64.912,-5599,5.15114,2106.38452,28,31-08-2025 11:40,0,29,136775.4688,28.2,235.9
S6-Shirpur Lake,21.0687,74.8594,64.548,-5595,5.15114,2106.38452,28,31-08-2025 11:41,0,29,137011.625,28.2,235.9
S6-Shirpur Lake,21.0684,74.8591,64.548,-5616,5.14848,2106.38452,28,31-08-2025 11:41,0,29,137073.4062,28.3,236.1
S6-Shirpur Lake,21.0688,74.8595,63.388,-5609,5.16444,2106.38452,28,31-08-2025 11:41,0,29,136953.4844,28.2,235.9
S6-Shirpur Lake,21.0682,74.8593,61.466,-5613,5.14316,2106.38452,28,31-08-2025 11:42,0,29,136720.9688,28.2,235.9
S6-Shirpur Lake,21.0687,74.8594,60.472,-5599,5.11125,2106.38452,28,31-08-2025 11:42,0,29,136742.7656,28.3,236.1
S6-Shirpur Lake,21.0684,74.8591,59.876,-5550,5.07668,2106.38452,28,31-08-2025 11:42,0,29,136862.6562,28.2,235.9
S6-Shirpur Lake,21.0688,74.8595,59.412,-5532,5.03413,2106.38452,28,31-08-2025 11:43,0,29,136648.3125,28.3,236.1
S6-Shirpur Lake,21.0682,74.8593,59.18,-5548,4.98095,2106.38452,28,31-08-2025 11:43,0,29,136448.5312,28.3,236.1
S6-Shirpur Lake,21.0687,74.8594,59.18,-5560,5.02083,2106.38452,28,31-08-2025 11:43,0,29,136216.0781,28.2,235.8
S6-Shirpur Lake,21.0684,74.8591,59.18,-5564,5.23358,2106.38452,28,31-08-2025 11:44,0,29,136179.7656,28.2,235.8
S6-Shirpur Lake,21.0688,74.8595,59.18,-5565,5.54473,2106.38452,28,31-08-2025 11:44,0,29,136183.3906,28.3,236.1
S6-Shirpur Lake,21.0682,74.8593,59.18,-5567,5.69897,2106.38452,28.0625,31-08-2025 11:44,0,29,136150.7031,28.3,236.1
S6-Shirpur Lake,21.0687,74.8594,59.18,-5563,5.74684,2100.63135,28,31-08-2025 11:45,0,29,136237.875,28.3,236
S6-Shirpur Lake,21.0684,74.8591,59.18,-5567,5.72024,2106.38452,28,31-08-2025 11:45,0,29,136223.3438,28.2,235.7
S6-Shirpur Lake,21.0688,74.8595,59.18,-5562,5.74418,2106.38452,28,31-08-2025 11:45,0,29,136176.125,28.3,235.9
S6-Shirpur Lake,21.0682,74.8593,59.18,-5566,5.75747,2106.38452,28,31-08-2025 11:46,0,29,135929.2188,28.3,235.9
S6-Shirpur Lake,21.0687,74.8594,59.18,-5555,5.68567,2106.38452,28.0625,31-08-2025 11:46,0,29,135849.3438,28.3,235.9
S6-Shirpur Lake,21.0684,74.8591,59.047,-5539,5.76279,2100.63135,28,31-08-2025 11:46,0,29,135758.5781,28.3,235.9
S6-Shirpur Lake,21.0688,74.8595,58.948,-5517,5.70694,2106.38452,28,31-08-2025 11:47,0,29,135762.2188,28.3,235.9
S6-Shirpur Lake,21.0682,74.8593,58.782,-5512,5.7362,2106.38452,28,31-08-2025 11:47,0,29,135769.4844,28.3,235.8
S6-Shirpur Lake,21.0687,74.8594,58.782,-5538,5.73088,2106.38452,28.0625,31-08-2025 11:47,0,29,135823.9219,28.3,235.7
S6-Shirpur Lake,21.0684,74.8591,58.948,-5520,5.71492,2100.63135,28.0625,31-08-2025 11:48,0,29,135802.1562,28.3,235.7
S6-Shirpur Lake,21.0688,74.8595,59.047,-5469,5.73088,2100.63135,28.0625,31-08-2025 11:48,0,29.1,135421.0156,28.3,235.7
S6-Shirpur Lake,21.0682,74.8593,59.18,-5473,5.7362,2100.63135,28.0625,31-08-2025 11:48,0,29.1,135424.6406,28.3,235.7
S6-Shirpur Lake,21.0687,74.8594,59.412,-5502,5.71226,2100.63135,28.0625,31-08-2025 11:49,0,29.1,135333.9062,28.3,235.6
S6-Shirpur Lake,21.0684,74.8591,59.644,-5472,5.69897,2100.63135,28.0625,31-08-2025 11:49,0,29.1,135232.2969,28.3,235.6
S6-Shirpur Lake,21.0688,74.8595,59.909,-5335,5.71492,2100.63135,28.0625,31-08-2025 11:49,0,29.1,135119.8125,28.3,235.6
S6-Shirpur Lake,21.0682,74.8593,60.107,-5339,5.69897,2100.63135,28.0625,31-08-2025 11:50,0,29.1,135141.5781,28.3,235.5
S6-Shirpur Lake,21.0687,74.8594,60.141,-5451,5.68567,2100.63135,28.0625,31-08-2025 11:50,0,29.1,135250.4375,28.3,235.5
S6-Shirpur Lake,21.0684,74.8591,60.373,-5419,5.6644,2100.63135,28.0625,31-08-2025 11:51,0,29.1,135341.1562,28.3,235.4
S6-Shirpur Lake,21.0688,74.8595,60.77,-5365,5.68833,2100.63135,28.0625,31-08-2025 11:51,0,29.1,135257.7031,28.3,235.4
S6-Shirpur Lake,21.0682,74.8593,60.903,-5350,5.66705,2100.63135,28.0625,31-08-2025 11:51,0,29.1,135101.6719,28.4,235.5
S6-Shirpur Lake,21.0687,74.8594,61.035,-5302,5.67503,2100.63135,28.0625,31-08-2025 11:52,0,29.1,134894.8594,28.3,235.4
S6-Shirpur Lake,21.0684,74.8591,61.3,-5242,5.6511,2100.63135,28.0625,31-08-2025 11:52,0,29.1,134851.3281,28.3,235.3
S6-Shirpur Lake,21.0688,74.8595,61.466,-5238,5.65642,2100.63135,28.0625,31-08-2025 11:52,0,29.1,134757.0156,28.3,235.4
S6-Shirpur Lake,21.0682,74.8593,61.599,-5223,5.65908,2100.63135,28.0625,31-08-2025 11:53,0,29.1,134825.9375,28.3,235.3
S6-Shirpur Lake,21.0687,74.8594,61.632,-5153,5.65376,2100.63135,28.0625,31-08-2025 11:53,0,29.1,134825.9375,28.4,235.5
S6-Shirpur Lake,21.0684,74.8591,61.698,-5062,5.65642,2100.63135,28.0625,31-08-2025 11:53,0,29.1,135007.3438,28.4,235.5
S6-Shirpur Lake,21.0688,74.8595,61.731,-5071,5.64312,2100.63135,28.0625,31-08-2025 11:54,0,29.1,134913,28.4,235.5
S6-Shirpur Lake,21.0682,74.8593,61.864,-5054,5.64312,2100.63135,28.0625,31-08-2025 11:54,0,29.1,134981.9219,28.4,235.3
S6-Shirpur Lake,21.0687,74.8594,62.029,-4999,5.6511,2100.63135,28.0625,31-08-2025 11:54,0,29.1,134858.5781,28.4,235.3
S6-Shirpur Lake,21.0684,74.8591,62.957,-4961,5.64046,2094.90503,28.0625,31-08-2025 11:55,0,29.1,134851.3281,28.4,235.2
S6-Shirpur Lake,21.0688,74.8595,63.255,-4919,5.62451,2100.63135,28.0625,31-08-2025 11:55,0,29.1,134713.4844,28.4,235.1
S6-Shirpur Lake,21.0682,74.8593,67.165,-4879,5.58993,2094.90503,28.125,31-08-2025 11:56,0,29.1,134644.5625,28.4,235
S6-Shirpur Lake,21.0687,74.8594,68.06,-4848,5.59525,2094.90503,28.125,31-08-2025 11:56,0,29.1,134666.3281,28.4,235
S6-Shirpur Lake,21.0684,74.8591,68.922,-4854,5.62982,2094.90503,28.125,31-08-2025 11:57,0,29.1,134746.125,28.4,234.8
S6-Shirpur Lake,21.0688,74.8595,70.578,-4866,5.60323,2094.90503,28.125,31-08-2025 11:57,0,29.1,134760.6406,28.4,234.7
S6-Shirpur Lake,21.0682,74.8593,71.871,-4851,5.61653,2094.90503,28.125,31-08-2025 11:57,0,29.1,134793.2812,28.4,234.6
S6-Shirpur Lake,21.0687,74.8594,72.732,-4831,5.56866,2094.90503,28.125,31-08-2025 11:58,0,29.1,134742.5,28.4,234.5
S6-Shirpur Lake,21.0684,74.8591,73.991,-4825,5.54738,2094.90503,28.125,31-08-2025 11:58,0,29.1,134644.5625,28.4,234.3
S6-Shirpur Lake,21.0688,74.8595,75.648,-4796,5.57664,2094.90503,28.125,31-08-2025 11:58,0,29.1,134441.4531,28.4,234.4
S6-Shirpur Lake,21.0682,74.8593,77.769,-4807,5.61387,2094.90503,28.125,31-08-2025 11:59,0,29.1,134372.5469,28.4,234.3
S6-Shirpur Lake,21.0687,74.8594,80.32,-4824,5.56068,2094.90503,28.125,31-08-2025 11:59,0,29.1,134463.2188,28.4,234.2
S6-Shirpur Lake,21.0684,74.8591,82.64,-4839,5.58196,2094.90503,28.125,31-08-2025 11:59,0,29.1,134510.3594,28.4,234.1
S6-Shirpur Lake,21.0688,74.8595,85.224,-4828,5.54738,2094.90503,28.125,31-08-2025 12:00,0,29.1,134568.3906,28.4,234
S6-Shirpur Lake,21.0682,74.8593,86.848,-4821,5.53941,2094.90503,28.125,31-08-2025 12:00,0,29.1,134488.6094,28.4,233.9
S6-Shirpur Lake,21.0687,74.8594,87.345,-4802,5.55802,2094.90503,28.125,31-08-2025 12:00,0,29.1,134463.2188,28.4,233.8
S6-Shirpur Lake,21.0684,74.8591,88.008,-4786,5.55004,2094.90503,28.125,31-08-2025 12:01,0,29.1,134452.3438,28.4,233.8
S6-Shirpur Lake,21.0688,74.8595,88.438,-4825,5.52611,2094.90503,28.1875,31-08-2025 12:01,0,29.1,134615.5469,28.4,233.6
S6-Shirpur Lake,21.0682,74.8593,88.969,-4838,5.52877,2094.90503,28.1875,31-08-2025 12:02,0,29.1,134666.3281,28.4,233.6
S6-Shirpur Lake,21.0687,74.8594,89.101,-4806,5.52345,2089.20557,28.1875,31-08-2025 12:02,0,29.1,134651.8125,28.4,233.6
S6-Shirpur Lake,21.0684,74.8591,89.234,-4834,5.50218,2089.20557,28.1875,31-08-2025 12:02,0,29.1,134510.3594,28.4,233.5
S6-Shirpur Lake,21.0688,74.8595,89.234,-4774,5.51281,2089.20557,28.1875,31-08-2025 12:03,0,29.1,134546.625,28.4,233.3
S6-Shirpur Lake,21.0682,74.8593,89.234,-4869,5.50484,2089.20557,28.1875,31-08-2025 12:03,0,29.2,134278.2656,28.4,233.3
S6-Shirpur Lake,21.0687,74.8594,89.234,-4786,5.44367,2089.20557,28.1875,31-08-2025 12:04,0,29.2,134256.5156,28.4,233.2
S6-Shirpur Lake,21.0684,74.8591,89.234,-4812,5.49154,2089.20557,28.1875,31-08-2025 12:04,0,29.2,134064.3438,28.4,233
S6-Shirpur Lake,21.0688,74.8595,89.234,-4897,5.47026,2089.20557,28.1875,31-08-2025 12:05,0,29.2,133999.0781,28.4,233
S6-Shirpur Lake,21.0682,74.8593,89.234,-4809,5.47026,2089.20557,28.1875,31-08-2025 12:05,0,29.2,133988.2188,28.4,232.8
S6-Shirpur Lake,21.0687,74.8594,89.234,-4756,5.4091,2089.20557,28.1875,31-08-2025 12:05,0,29.2,134020.8438,28.4,232.8
S6-Shirpur Lake,21.0684,74.8591,0,0,6.15903,0,28,31-08-2025 11:11,0,29.2,133883.0781,28.4,232.7
S6-Shirpur Lake,21.0688,74.8595,0,-2712,6.08723,0,27.875,31-08-2025 11:11,0,29.2,133781.5938,28.4,232.6
S6-Shirpur Lake,21.0682,74.8593,0,-5324,6.01277,0,27.875,31-08-2025 11:11,0,29.2,133759.8281,28.4,232.6
S6-Shirpur Lake,21.0687,74.8594,0,-5196,5.90905,0,27.875,31-08-2025 11:12,0,29.2,133991.8281,28.4,232.5
S6-Shirpur Lake,21.0684,74.8591,0,-5168,5.82927,0,27.875,31-08-2025 11:12,0,29.2,134009.9531,28.4,232.4
S6-Shirpur Lake,21.0688,74.8595,0,-5079,5.75747,0,27.875,31-08-2025 11:12,0,29.2,134071.5938,28.4,232.2
S6-Shirpur Lake,21.0682,74.8593,0,-5006,5.70429,0,27.875,31-08-2025 11:13,0,29.2,134024.4531,28.5,232.4
S6-Shirpur Lake,21.0687,74.8594,0,-5069,5.66705,0,27.875,31-08-2025 11:13,0,29.2,134122.3438,28.4,232.2
S6-Shirpur Lake,21.0684,74.8591,0,-5089,5.62451,0,27.875,31-08-2025 11:13,0,29.2,134136.8594,28.5,232.2
S6-Shirpur Lake,21.0688,74.8595,0,-5073,5.53675,0,27.875,31-08-2025 11:14,0,29.2,134089.7188,28.4,232
S6-Shirpur Lake,21.0682,74.8593,0,-5071,5.49686,0,27.9375,31-08-2025 11:14,0,29.2,133966.4531,28.5,232.2
S6-Shirpur Lake,21.0687,74.8594,0,-5070,5.47558,0,27.9375,31-08-2025 11:14,0,29.2,133709.0938,28.5,232
S6-Shirpur Lake,21.0684,74.8591,0,-5043,5.40378,0,27.9375,31-08-2025 11:15,0,29.2,133618.4844,28.5,232
S6-Shirpur Lake,21.0688,74.8595,0,-5029,5.36389,0,27.9375,31-08-2025 11:15,0,29.2,133669.2188,28.5,231.8
S6-Shirpur Lake,21.0682,74.8593,0,-5090,5.34262,0,27.9375,31-08-2025 11:15,0,29.2,133752.5781,28.5,231.6
S6-Shirpur Lake,21.0687,74.8594,50.73,-5132,5.26549,609.69171,27.9375,31-08-2025 11:16,0,29.2,133774.3281,28.5,231.5
S6-Shirpur Lake,21.0684,74.8591,100.351,-5129,5.2389,2112.16382,27.9375,31-08-2025 11:16,0,29.2,133821.4531,28.5,231.4
S6-Shirpur Lake,21.0688,74.8595,100.351,-5163,5.16444,2112.16382,27.9375,31-08-2025 11:16,0,29.3,133473.5156,28.5,231.2
S6-Shirpur Lake,21.0682,74.8593,100.351,-5206,5.18571,2112.16382,27.9375,31-08-2025 11:17,0,29.3,133574.9844,28.5,231.1
S6-Shirpur Lake,21.0687,74.8594,100.351,-5162,5.14848,2112.16382,28,31-08-2025 11:17,0,29.3,133538.75,28.5,230.9
S6-Shirpur Lake,21.0684,74.8591,83.965,-5212,5.12987,2106.38452,27.9375,31-08-2025 11:18,0,29.3,133430.0312,28.5,230.8
S6-Shirpur Lake,21.0688,74.8595,100.351,-5341,5.09796,2112.16382,27.9375,31-08-2025 11:18,0,29.3,133364.7969,28.5,230.6
S6-Shirpur Lake,21.0682,74.8593,100.351,-5421,5.06338,2112.16382,27.9375,31-08-2025 11:18,0,29.3,133256.0938,28.5,230.4
S6-Shirpur Lake,21.0687,74.8594,100.351,-5540,5.082,2112.16382,27.9375,31-08-2025 11:19,0,29.3,133216.2344,28.5,230.2
S6-Shirpur Lake,21.0684,74.8591,100.351,-5630,5.05275,2112.16382,27.9375,31-08-2025 11:19,0,29.3,133161.9062,28.5,230
S6-Shirpur Lake,21.0688,74.8595,100.351,-5672,5.06338,2112.16382,27.9375,31-08-2025 11:19,0,29.3,133223.4844,28.5,229.9
S6-Shirpur Lake,21.0682,74.8593,100.351,-5713,5.06338,2112.16382,27.9375,31-08-2025 11:20,0,29.3,133165.5156,28.5,229.7
S6-Shirpur Lake,21.0687,74.8594,100.351,-5760,5.06338,2112.16382,27.9375,31-08-2025 11:20,0,29.3,133056.8438,28.5,229.5
S6-Shirpur Lake,21.0684,74.8591,100.351,-5776,5.06338,2112.16382,27.9375,31-08-2025 11:20,0,29.3,132915.5469,28.5,229.3
S6-Shirpur Lake,21.0688,74.8595,100.351,-5750,5.03945,2112.16382,27.9375,31-08-2025 11:21,0,29.3,132919.1875,28.5,229.2
S6-Shirpur Lake,21.0682,74.8593,100.351,-5713,5.04743,2112.16382,27.9375,31-08-2025 11:21,0,29.3,132926.4219,28.5,229
S6-Shirpur Lake,21.0687,74.8594,99.202,-5719,5.03945,2112.16382,27.9375,31-08-2025 11:21,0,29.3,132908.3125,28.5,228.6
S6-Shirpur Lake,21.0684,74.8591,98.331,-5747,5.01286,2112.16382,27.9375,31-08-2025 11:22,0,29.3,132882.9531,28.5,228.5
S6-Shirpur Lake,21.0688,74.8595,97.262,-5693,5.01818,2112.16382,27.9375,31-08-2025 11:22,0,29.3,132825,28.6,228.9
S6-Shirpur Lake,21.0682,74.8593,94.965,-5683,5.00754,2112.16382,27.9375,31-08-2025 11:22,0,29.3,132803.2812,28.6,228.8
S6-Shirpur Lake,21.0687,74.8594,91.322,-5739,4.97563,2112.16382,28,31-08-2025 11:23,0,29.3,132788.7812,28.6,228.5
S6-Shirpur Lake,21.0684,74.8591,75.018,-5720,5.00754,2106.38452,27.9375,31-08-2025 11:23,0,29.3,132861.2344,28.6,228.4
S6-Shirpur Lake,21.0688,74.8595,84.352,-5692,4.97829,2112.16382,27.9375,31-08-2025 11:23,0,29.3,132944.5312,28.6,228.3
S6-Shirpur Lake,21.0682,74.8593,78.332,-5677,4.9969,2112.16382,28,31-08-2025 11:24,0,29.3,132857.5938,28.6,228.3
S6-Shirpur Lake,21.0687,74.8594,63.885,-5704,5.01286,2106.38452,27.9375,31-08-2025 11:24,0,29.3,132698.2344,28.6,228.3
S6-Shirpur Lake,21.0684,74.8591,74.174,-5707,4.9836,2112.16382,27.9375,31-08-2025 11:24,0,29.3,132607.7031,28.6,228.3
S6-Shirpur Lake,21.0688,74.8595,72.154,-5694,5.00754,2112.16382,27.9375,31-08-2025 11:25,0,29.3,132643.9062,28.6,228.3
S6-Shirpur Lake,21.0682,74.8593,70.887,-5687,4.99158,2112.16382,27.9375,31-08-2025 11:25,0,29.3,132564.2344,28.6,228.4
S6-Shirpur Lake,21.0687,74.8594,70.531,-5665,5.01818,2112.16382,27.9375,31-08-2025 11:25,0,29.3,132553.375,28.6,228.4
S6-Shirpur Lake,21.0684,74.8591,70.531,-5648,5.04743,2112.16382,27.9375,31-08-2025 11:26,0,29.3,132585.9688,28.6,228.5
S6-Shirpur Lake,21.0688,74.8595,70.372,-5609,5.03147,2112.16382,27.9375,31-08-2025 11:26,0,29.3,132672.8906,28.6,228.7
S6-Shirpur Lake,21.0682,74.8593,70.372,-5597,5.01552,2112.16382,27.9375,31-08-2025 11:26,0,29.3,132727.2031,28.6,228.8
S6-Shirpur Lake,21.0687,74.8594,70.095,-5610,5.05275,2112.16382,27.9375,31-08-2025 11:27,0,29.3,132683.75,28.6,228.9
S6-Shirpur Lake,21.0684,74.8591,70.016,-5568,5.01818,2112.16382,27.9375,31-08-2025 11:27,0,29.3,132538.8906,28.6,228.9
S6-Shirpur Lake,21.0688,74.8595,70.016,-5559,5.01286,2112.16382,27.9375,31-08-2025 11:27,0,29.3,132491.8281,28.6,229
S6-Shirpur Lake,21.0682,74.8593,70.016,-5592,5.01552,2112.16382,27.9375,31-08-2025 11:28,0,29.3,132448.3594,28.6,229.1
S6-Shirpur Lake,21.0687,74.8594,70.016,-5570,5.0102,2112.16382,27.9375,31-08-2025 11:28,0,29.3,132491.8281,28.6,229.3
S6-Shirpur Lake,21.0684,74.8591,70.016,-5577,5.01286,2112.16382,27.9375,31-08-2025 11:28,0,29.3,132502.6875,28.6,229.3
S6-Shirpur Lake,21.0688,74.8595,70.016,-5600,5.02881,2112.16382,27.9375,31-08-2025 11:29,0,29.4,132213.0156,28.6,229.5
S6-Shirpur Lake,21.0682,74.8593,70.016,-5542,5.01552,2112.16382,27.9375,31-08-2025 11:29,0,29.4,132220.2656,28.6,229.5
S6-Shirpur Lake,21.0687,74.8594,70.016,-5538,5.03413,2112.16382,27.9375,31-08-2025 11:29,0,29.4,132198.5469,28.6,229.7
S6-Shirpur Lake,21.0684,74.8591,70.016,-5566,4.9969,2112.16382,27.9375,31-08-2025 11:30,0,29.4,132231.125,28.6,229.9
S6-Shirpur Lake,21.0688,74.8595,70.174,-5533,4.99424,2112.16382,27.9375,31-08-2025 11:30,0,29.4,133393.7969,28.6,229.5
S6-Shirpur Lake,21.0682,74.8593,70.174,-5512,5.04743,2112.16382,27.9375,31-08-2025 11:30,0,29.4,135243.1875,28.6,229.6
S6-Shirpur Lake,21.0687,74.8594,70.333,-5497,5.03413,2112.16382,27.9375,31-08-2025 11:31,0,29.4,137033.4375,28.6,229.7
S6-Shirpur Lake,21.0684,74.8591,70.333,-5471,5.00754,2112.16382,27.9375,31-08-2025 11:31,0,29.4,137331.4531,28.6,229.9
S6-Shirpur Lake,21.0688,74.8595,70.768,-5446,4.99424,2112.16382,27.9375,31-08-2025 11:31,0,29.4,137291.4688,28.6,230
S6-Shirpur Lake,21.0682,74.8593,71.204,-5410,4.99424,2112.16382,27.9375,31-08-2025 11:32,0,29.4,137149.7188,28.6,230
S6-Shirpur Lake,21.0687,74.8594,71.6,-5400,4.9836,2112.16382,27.9375,31-08-2025 11:32,0,29.4,137127.9219,28.6,230.3
S6-Shirpur Lake,21.0684,74.8591,72.036,-5424,4.97829,2112.16382,27.9375,31-08-2025 11:32,0,29.4,136931.6875,28.6,230.4
S6-Shirpur Lake,21.0688,74.8595,72.471,-5412,4.97829,2112.16382,27.9375,31-08-2025 11:33,0,29.4,136913.5156,28.6,230.5
S6-Shirpur Lake,21.0682,74.8593,73.382,-5409,5.00488,2112.16382,27.9375,31-08-2025 11:33,0,29.4,136935.3281,28.6,230.6
S6-Shirpur Lake,21.0687,74.8594,74.451,-5435,4.99158,2112.16382,27.9375,31-08-2025 11:33,0,29.4,136859.0312,28.6,230.6
S6-Shirpur Lake,21.0684,74.8591,75.204,-5435,5.02083,2112.16382,28,31-08-2025 11:34,0,29.4,136771.8281,28.6,230.6
S6-Shirpur Lake,21.0688,74.8595,63.123,-5394,5.01286,2106.38452,28,31-08-2025 11:34,0,29.4,136626.5,28.6,230.7
S6-Shirpur Lake,21.0682,74.8593,63.189,-5387,4.9969,2106.38452,27.9375,31-08-2025 11:35,0,29.4,136641.0312,28.6,230.8
S6-Shirpur Lake,21.0687,74.8594,75.798,-5393,5.00488,2112.16382,28,31-08-2025 11:35,0,29.4,136608.3438,28.6,230.8
S6-Shirpur Lake,21.0684,74.8591,64.084,-5388,5.02615,2106.38452,28,31-08-2025 11:35,0,29.4,136659.2031,28.6,230.8
S6-Shirpur Lake,21.0688,74.8595,64.548,-5366,5.03413,2106.38452,27.9375,31-08-2025 11:36,0,27.9,108155.4219,27.8,164.7
S6-Shirpur Lake,21.0682,74.8593,77.58,-5347,5.02083,2112.16382,27.9375,31-08-2025 11:36,0,28.4,102086.0938,28.1,225.4
S6-Shirpur Lake,21.0687,74.8594,77.976,-5420,5.02349,2112.16382,28,31-08-2025 11:36,0,28.4,101874.6641,28.1,225.3
S6-Shirpur Lake,21.0684,74.8591,65.243,-5522,5.02615,2106.38452,28,31-08-2025 11:37,0,28.5,101617.4766,28.1,225.4
S6-Shirpur Lake,21.0688,74.8595,65.243,-5574,5.04743,2106.38452,27.9375,31-08-2025 11:37,0,28.5,101589.2969,28.1,225.4
S6-Shirpur Lake,21.0682,74.8593,77.976,-5628,5.05009,2112.16382,28,31-08-2025 11:37,0,28.5,101543.5,28.1,225.5
S6-Shirpur Lake,21.0687,74.8594,65.243,-5645,5.03147,2106.38452,28,31-08-2025 11:38,0,28.5,101427.2734,28.1,225.4
S6-Shirpur Lake,21.0684,74.8591,65.243,-5639,5.06338,2106.38452,28,31-08-2025 11:38,0,28.5,101363.8828,28.1,225.5
S6-Shirpur Lake,21.0688,74.8595,65.243,-5639,5.06604,2106.38452,28,31-08-2025 11:38,0,28.5,87869.0078,28.2,196.6
S6-Shirpur Lake,21.0682,74.8593,65.243,-5634,5.082,2106.38452,28,31-08-2025 11:39,0,28.5,57243.5469,28.2,230.1
S6-Shirpur Lake,21.0687,74.8594,65.243,-5644,5.09796,2106.38452,28,31-08-2025 11:39,0,28.5,27846.0391,28.2,229.9
S6-Shirpur Lake,21.0684,74.8591,65.243,-5641,5.10593,2106.38452,28,31-08-2025 11:39,0,28.5,0,28.2,229.8
S6-Shirpur Lake,21.0688,74.8595,65.243,-5643,5.11923,2106.38452,28,31-08-2025 11:40,0,28.6,0,28.2,229.8
S6-Shirpur Lake,21.0682,74.8593,65.243,-5632,5.16444,2106.38452,28,31-08-2025 11:40,0,28.6,0,28.2,229.8
S6-Shirpur Lake,21.0687,74.8594,64.912,-5599,5.15114,2106.38452,28,31-08-2025 11:40,0,28.6,0,28.2,230.2
S6-Shirpur Lake,21.0684,74.8591,64.548,-5595,5.15114,2106.38452,28,31-08-2025 11:41,0,28.6,0,28.2,230.2
S6-Shirpur Lake,21.0688,74.8595,64.548,-5616,5.14848,2106.38452,28,31-08-2025 11:41,0,28.6,0,28.2,230.1
S6-Shirpur Lake,21.0682,74.8593,63.388,-5609,5.16444,2106.38452,28,31-08-2025 11:41,0,28.6,0,28.2,230.2
S6-Shirpur Lake,21.0687,74.8594,61.466,-5613,5.14316,2106.38452,28,31-08-2025 11:42,0,28.6,0,28.2,230.2
S6-Shirpur Lake,21.0684,74.8591,60.472,-5599,5.11125,2106.38452,28,31-08-2025 11:42,0,28.7,0,28.2,230.2
S6-Shirpur Lake,21.0688,74.8595,59.876,-5550,5.07668,2106.38452,28,31-08-2025 11:42,0,28.7,0,28.2,230.2
S6-Shirpur Lake,21.0682,74.8593,59.412,-5532,5.03413,2106.38452,28,31-08-2025 11:43,0,28.7,0,28.2,230.2
S6-Shirpur Lake,21.0687,74.8594,59.18,-5548,4.98095,2106.38452,28,31-08-2025 11:43,0,28.7,0,28.2,230.2
S6-Shirpur Lake,21.0684,74.8591,59.18,-5560,5.02083,2106.38452,28,31-08-2025 11:43,0,28.7,0,28.2,230.2
S6-Shirpur Lake,21.0688,74.8595,59.18,-5564,5.23358,2106.38452,28,31-08-2025 11:44,0,28.7,0,28.2,230.2
S6-Shirpur Lake,21.0682,74.8593,59.18,-5565,5.54473,2106.38452,28,31-08-2025 11:44,0,28.7,0,28.2,233.1
S6-Shirpur Lake,21.0687,74.8594,59.18,-5567,5.69897,2106.38452,28.0625,31-08-2025 11:44,0,28.7,3956.3745,28.2,232.1
S6-Shirpur Lake,21.0684,74.8591,59.18,-5563,5.74684,2100.63135,28,31-08-2025 11:45,0,28.7,4207.8965,28.2,232.7
S6-Shirpur Lake,21.0688,74.8595,59.18,-5567,5.72024,2106.38452,28,31-08-2025 11:45,0,28.7,3829.2898,28.2,232.7
S6-Shirpur Lake,21.0682,74.8593,59.18,-5562,5.74418,2106.38452,28,31-08-2025 11:45,0,28.7,0,28.2,232.7
S6-Shirpur Lake,21.0687,74.8594,59.18,-5566,5.75747,2106.38452,28,31-08-2025 11:46,0,28.7,0,28.2,232.7
S6-Shirpur Lake,21.0684,74.8591,59.18,-5555,5.68567,2106.38452,28.0625,31-08-2025 11:46,0,28.7,0,28.2,232.7
S6-Shirpur Lake,21.0688,74.8595,59.047,-5539,5.76279,2100.63135,28,31-08-2025 11:46,0,28.7,0,28.2,232.7
S6-Shirpur Lake,21.0682,74.8593,58.948,-5517,5.70694,2106.38452,28,31-08-2025 11:47,0,28.7,0,28.2,232.5
S6-Shirpur Lake,21.0687,74.8594,58.782,-5512,5.7362,2106.38452,28,31-08-2025 11:47,0,28.7,0,28.2,232.7
S6-Shirpur Lake,21.0684,74.8591,58.782,-5538,5.73088,2106.38452,28.0625,31-08-2025 11:47,0,28.7,0,28.2,232.5
S6-Shirpur Lake,21.0688,74.8595,58.948,-5520,5.71492,2100.63135,28.0625,31-08-2025 11:48,0,28.7,0,28.2,232.5
S6-Shirpur Lake,21.0682,74.8593,59.047,-5469,5.73088,2100.63135,28.0625,31-08-2025 11:48,0,28.7,0,28.2,232.5
S6-Shirpur Lake,21.0687,74.8594,59.18,-5473,5.7362,2100.63135,28.0625,31-08-2025 11:48,0,28.7,0,28.2,232.5
S6-Shirpur Lake,21.0684,74.8591,59.412,-5502,5.71226,2100.63135,28.0625,31-08-2025 11:49,0,28.7,0,28.2,232.5
S6-Shirpur Lake,21.0688,74.8595,59.644,-5472,5.69897,2100.63135,28.0625,31-08-2025 11:49,0,28.7,0,28.2,237
S6-Shirpur Lake,21.0682,74.8593,59.909,-5335,5.71492,2100.63135,28.0625,31-08-2025 11:49,0,28.7,0,28.2,237.1
S6-Shirpur Lake,21.0687,74.8594,60.107,-5339,5.69897,2100.63135,28.0625,31-08-2025 11:50,0,28.8,0,28.2,237.1
S6-Shirpur Lake,21.0684,74.8591,60.141,-5451,5.68567,2100.63135,28.0625,31-08-2025 11:50,0,28.8,0,28.2,237.1
S6-Shirpur Lake,21.0688,74.8595,60.373,-5419,5.6644,2100.63135,28.0625,31-08-2025 11:51,0,28.8,0,28.2,237.1
S6-Shirpur Lake,21.0682,74.8593,60.77,-5365,5.68833,2100.63135,28.0625,31-08-2025 11:51,0,28.8,0,28.2,237.1
S6-Shirpur Lake,21.0687,74.8594,60.903,-5350,5.66705,2100.63135,28.0625,31-08-2025 11:51,0,28.8,0,28.2,237.1
S6-Shirpur Lake,21.0684,74.8591,61.035,-5302,5.67503,2100.63135,28.0625,31-08-2025 11:52,0,28.8,0,28.2,237.2
S6-Shirpur Lake,21.0688,74.8595,61.3,-5242,5.6511,2100.63135,28.0625,31-08-2025 11:52,0,28.8,0,28.2,237.2
S6-Shirpur Lake,21.0682,74.8593,61.466,-5238,5.65642,2100.63135,28.0625,31-08-2025 11:52,0,28.8,0,28.2,237.2
S6-Shirpur Lake,21.0687,74.8594,61.599,-5223,5.65908,2100.63135,28.0625,31-08-2025 11:53,0,28.8,0,28.2,237.1
S6-Shirpur Lake,21.0684,74.8591,61.632,-5153,5.65376,2100.63135,28.0625,31-08-2025 11:53,0,28.8,0,28.2,237.2
S6-Shirpur Lake,21.0688,74.8595,61.698,-5062,5.65642,2100.63135,28.0625,31-08-2025 11:53,0,28.8,0,28.2,237.2
S6-Shirpur Lake,21.0682,74.8593,61.731,-5071,5.64312,2100.63135,28.0625,31-08-2025 11:54,0,28.8,0,28.2,237.1
S6-Shirpur Lake,21.0687,74.8594,61.864,-5054,5.64312,2100.63135,28.0625,31-08-2025 11:54,0,28.8,0,28.2,237.1
S6-Shirpur Lake,21.0684,74.8591,62.029,-4999,5.6511,2100.63135,28.0625,31-08-2025 11:54,0,28.9,0,28.2,237
S6-Shirpur Lake,21.0688,74.8595,62.957,-4961,5.64046,2094.90503,28.0625,31-08-2025 11:55,0,28.9,0,28.2,237
S6-Shirpur Lake,21.0682,74.8593,63.255,-4919,5.62451,2100.63135,28.0625,31-08-2025 11:55,0,28.9,0,28.2,237
S6-Shirpur Lake,21.0687,74.8594,67.165,-4879,5.58993,2094.90503,28.125,31-08-2025 11:56,0,28.9,0,28.2,237
S6-Shirpur Lake,21.0684,74.8591,68.06,-4848,5.59525,2094.90503,28.125,31-08-2025 11:56,0,28.9,0,28.2,236.9
S6-Shirpur Lake,21.0688,74.8595,68.922,-4854,5.62982,2094.90503,28.125,31-08-2025 11:57,0,28.9,0,28.2,236.9
S6-Shirpur Lake,21.0682,74.8593,70.578,-4866,5.60323,2094.90503,28.125,31-08-2025 11:57,0,28.9,0,28.2,236.9
S6-Shirpur Lake,21.0687,74.8594,71.871,-4851,5.61653,2094.90503,28.125,31-08-2025 11:57,0,28.9,0,28.2,236.9
S6-Shirpur Lake,21.0684,74.8591,72.732,-4831,5.56866,2094.90503,28.125,31-08-2025 11:58,0,28.9,0,28.2,236.2
S6-Shirpur Lake,21.0688,74.8595,73.991,-4825,5.54738,2094.90503,28.125,31-08-2025 11:58,0,28.9,0,28.2,236.2
S6-Shirpur Lake,21.0682,74.8593,75.648,-4796,5.57664,2094.90503,28.125,31-08-2025 11:58,0,28.9,0,28.2,236.2
S6-Shirpur Lake,21.0687,74.8594,77.769,-4807,5.61387,2094.90503,28.125,31-08-2025 11:59,0,28.9,0,28.2,236.2
S6-Shirpur Lake,21.0684,74.8591,80.32,-4824,5.56068,2094.90503,28.125,31-08-2025 11:59,0,28.9,0,28.2,236.2
S6-Shirpur Lake,21.0688,74.8595,82.64,-4839,5.58196,2094.90503,28.125,31-08-2025 11:59,0,28.9,0,28.2,236.1
S6-Shirpur Lake,21.0682,74.8593,85.224,-4828,5.54738,2094.90503,28.125,31-08-2025 12:00,0,28.9,0,28.2,236.1
S6-Shirpur Lake,21.0687,74.8594,86.848,-4821,5.53941,2094.90503,28.125,31-08-2025 12:00,0,28.9,0,28.2,236.2
S6-Shirpur Lake,21.0684,74.8591,87.345,-4802,5.55802,2094.90503,28.125,31-08-2025 12:00,0,28.9,0,28.2,236.1
S6-Shirpur Lake,21.0688,74.8595,88.008,-4786,5.55004,2094.90503,28.125,31-08-2025 12:01,0,28.9,0,28.2,236.1
S6-Shirpur Lake,21.0682,74.8593,88.438,-4825,5.52611,2094.90503,28.1875,31-08-2025 12:01,0,28.9,0,28.2,236.2
S6-Shirpur Lake,21.0687,74.8594,88.969,-4838,5.52877,2094.90503,28.1875,31-08-2025 12:02,0,28.9,40195.4961,28.2,236.2
S6-Shirpur Lake,21.0684,74.8591,89.101,-4806,5.52345,2089.20557,28.1875,31-08-2025 12:02,0,28.9,92812.1719,28.2,236.2
S6-Shirpur Lake,21.0688,74.8595,89.234,-4834,5.50218,2089.20557,28.1875,31-08-2025 12:02,0,28.9,135932.8594,28.2,236.2
S6-Shirpur Lake,21.0682,74.8593,89.234,-4774,5.51281,2089.20557,28.1875,31-08-2025 12:03,0,28.9,137313.2656,28.2,236.3
S6-Shirpur Lake,21.0687,74.8594,89.234,-4869,5.50484,2089.20557,28.1875,31-08-2025 12:03,0,28.9,137276.9219,28.2,236.2
S6-Shirpur Lake,21.0684,74.8591,89.234,-4786,5.44367,2089.20557,28.1875,31-08-2025 12:04,0,28.9,137189.7031,28.2,236.2
S6-Shirpur Lake,21.0688,74.8595,89.234,-4812,5.49154,2089.20557,28.1875,31-08-2025 12:04,0,28.9,137098.8438,28.2,236.2
S6-Shirpur Lake,21.0682,74.8593,89.234,-4897,5.47026,2089.20557,28.1875,31-08-2025 12:05,0,28.9,137077.0312,28.2,236.2
S6-Shirpur Lake,21.0687,74.8594,89.234,-4809,5.47026,2089.20557,28.1875,31-08-2025 12:05,0,28.9,137095.2188,28.2,236.2
S6-Shirpur Lake,21.0684,74.8591,89.234,-4756,5.4091,2089.20557,28.1875,31-08-2025 12:05,0,29,136735.5,28.2,236.1
S6-Shirpur Lake,21.0688,74.8595,0,0,6.15903,0,28,31-08-2025 12:06,0,29,136924.4219,28.2,236
S6-Shirpur Lake,21.0682,74.8593,0,-2712,6.08723,0,27.875,31-08-2025 12:06,0,29,136928.0625,28.2,236
S6-Shirpur Lake,21.0687,74.8594,0,-5324,6.01277,0,27.875,31-08-2025 12:06,0,29,136953.4844,28.2,236
S6-Shirpur Lake,21.0684,74.8591,0,-5196,5.90905,0,27.875,31-08-2025 12:07,0,29,136757.2969,28.2,236
S6-Shirpur Lake,21.0688,74.8595,0,-5168,5.82927,0,27.875,31-08-2025 12:07,0,29,136775.4688,28.2,235.9
S6-Shirpur Lake,21.0682,74.8593,0,-5079,5.75747,0,27.875,31-08-2025 12:07,0,29,137011.625,28.2,235.9
S6-Shirpur Lake,21.0687,74.8594,0,-5006,5.70429,0,27.875,31-08-2025 12:08,0,29,137073.4062,28.3,236.1
S6-Shirpur Lake,21.0684,74.8591,0,-5069,5.66705,0,27.875,31-08-2025 12:08,0,29,136953.4844,28.2,235.9
S6-Shirpur Lake,21.0688,74.8595,0,-5089,5.62451,0,27.875,31-08-2025 12:08,0,29,136720.9688,28.2,235.9
S6-Shirpur Lake,21.0682,74.8593,0,-5073,5.53675,0,27.875,31-08-2025 12:09,0,29,136742.7656,28.3,236.1
S6-Shirpur Lake,21.0687,74.8594,0,-5071,5.49686,0,27.9375,31-08-2025 12:09,0,29,136862.6562,28.2,235.9
S6-Shirpur Lake,21.0684,74.8591,0,-5070,5.47558,0,27.9375,31-08-2025 12:09,0,29,136648.3125,28.3,236.1
S6-Shirpur Lake,21.0688,74.8595,0,-5043,5.40378,0,27.9375,31-08-2025 12:10,0,29,136448.5312,28.3,236.1
S6-Shirpur Lake,21.0682,74.8593,0,-5029,5.36389,0,27.9375,31-08-2025 12:10,0,29,136216.0781,28.2,235.8
S6-Shirpur Lake,21.0687,74.8594,0,-5090,5.34262,0,27.9375,31-08-2025 12:10,0,29,136179.7656,28.2,235.8
S6-Shirpur Lake,21.0684,74.8591,50.73,-5132,5.26549,609.69171,27.9375,31-08-2025 12:11,0,29,136183.3906,28.3,236.1
S6-Shirpur Lake,21.0688,74.8595,100.351,-5129,5.2389,2112.16382,27.9375,31-08-2025 12:11,0,29,136150.7031,28.3,236.1
S6-Shirpur Lake,21.0682,74.8593,100.351,-5163,5.16444,2112.16382,27.9375,31-08-2025 12:11,0,29,136237.875,28.3,236
S6-Shirpur Lake,21.0687,74.8594,100.351,-5206,5.18571,2112.16382,27.9375,31-08-2025 12:12,0,29,136223.3438,28.2,235.7
S6-Shirpur Lake,21.0684,74.8591,100.351,-5162,5.14848,2112.16382,28,31-08-2025 12:12,0,29,136176.125,28.3,235.9
S6-Shirpur Lake,21.0688,74.8595,83.965,-5212,5.12987,2106.38452,27.9375,31-08-2025 12:12,0,29,135929.2188,28.3,235.9
S6-Shirpur Lake,21.0682,74.8593,100.351,-5341,5.09796,2112.16382,27.9375,31-08-2025 12:13,0,29,135849.3438,28.3,235.9
S6-Shirpur Lake,21.0687,74.8594,100.351,-5421,5.06338,2112.16382,27.9375,31-08-2025 12:13,0,29,135758.5781,28.3,235.9
S6-Shirpur Lake,21.0684,74.8591,100.351,-5540,5.082,2112.16382,27.9375,31-08-2025 12:13,0,29,135762.2188,28.3,235.9
S6-Shirpur Lake,21.0688,74.8595,100.351,-5630,5.05275,2112.16382,27.9375,31-08-2025 12:14,0,29,135769.4844,28.3,235.8
S6-Shirpur Lake,21.0682,74.8593,100.351,-5672,5.06338,2112.16382,27.9375,31-08-2025 12:14,0,29,135823.9219,28.3,235.7
S6-Shirpur Lake,21.0687,74.8594,100.351,-5713,5.06338,2112.16382,27.9375,31-08-2025 12:14,0,29,135802.1562,28.3,235.7
S6-Shirpur Lake,21.0684,74.8591,100.351,-5760,5.06338,2112.16382,27.9375,31-08-2025 12:15,0,29.1,135421.0156,28.3,235.7
S6-Shirpur Lake,21.0688,74.8595,100.351,-5776,5.06338,2112.16382,27.9375,31-08-2025 12:15,0,29.1,135424.6406,28.3,235.7
S6-Shirpur Lake,21.0682,74.8593,100.351,-5750,5.03945,2112.16382,27.9375,31-08-2025 12:15,0,29.1,135333.9062,28.3,235.6
S6-Shirpur Lake,21.0687,74.8594,100.351,-5713,5.04743,2112.16382,27.9375,31-08-2025 12:16,0,29.1,135232.2969,28.3,235.6
S6-Shirpur Lake,21.0684,74.8591,99.202,-5719,5.03945,2112.16382,27.9375,31-08-2025 12:16,0,29.1,135119.8125,28.3,235.6
S6-Shirpur Lake,21.0688,74.8595,98.331,-5747,5.01286,2112.16382,27.9375,31-08-2025 12:16,0,29.1,135141.5781,28.3,235.5
S6-Shirpur Lake,21.0682,74.8593,97.262,-5693,5.01818,2112.16382,27.9375,31-08-2025 12:17,0,29.1,135250.4375,28.3,235.5
S6-Shirpur Lake,21.0687,74.8594,94.965,-5683,5.00754,2112.16382,27.9375,31-08-2025 12:17,0,29.1,135341.1562,28.3,235.4
S6-Shirpur Lake,21.0684,74.8591,91.322,-5739,4.97563,2112.16382,28,31-08-2025 12:17,0,29.1,135257.7031,28.3,235.4
S6-Shirpur Lake,21.0688,74.8595,75.018,-5720,5.00754,2106.38452,27.9375,31-08-2025 12:18,0,29.1,135101.6719,28.4,235.5
S6-Shirpur Lake,21.0682,74.8593,84.352,-5692,4.97829,2112.16382,27.9375,31-08-2025 12:18,0,29.1,134894.8594,28.3,235.4
S6-Shirpur Lake,21.0687,74.8594,78.332,-5677,4.9969,2112.16382,28,31-08-2025 12:18,0,29.1,134851.3281,28.3,235.3
S6-Shirpur Lake,21.0684,74.8591,63.885,-5704,5.01286,2106.38452,27.9375,31-08-2025 12:19,0,29.1,134757.0156,28.3,235.4
S6-Shirpur Lake,21.0688,74.8595,74.174,-5707,4.9836,2112.16382,27.9375,31-08-2025 12:19,0,29.1,134825.9375,28.3,235.3
S6-Shirpur Lake,21.0682,74.8593,72.154,-5694,5.00754,2112.16382,27.9375,31-08-2025 12:19,0,29.1,134825.9375,28.4,235.5
S6-Shirpur Lake,21.0687,74.8594,70.887,-5687,4.99158,2112.16382,27.9375,31-08-2025 12:20,0,29.1,135007.3438,28.4,235.5
S6-Shirpur Lake,21.0684,74.8591,70.531,-5665,5.01818,2112.16382,27.9375,31-08-2025 12:20,0,29.1,134913,28.4,235.5
S6-Shirpur Lake,21.0688,74.8595,70.531,-5648,5.04743,2112.16382,27.9375,31-08-2025 12:20,0,29.1,134981.9219,28.4,235.3
S6-Shirpur Lake,21.0682,74.8593,70.372,-5609,5.03147,2112.16382,27.9375,31-08-2025 12:21,0,29.1,134858.5781,28.4,235.3
S6-Shirpur Lake,21.0687,74.8594,70.372,-5597,5.01552,2112.16382,27.9375,31-08-2025 12:21,0,29.1,134851.3281,28.4,235.2
S6-Shirpur Lake,21.0684,74.8591,70.095,-5610,5.05275,2112.16382,27.9375,31-08-2025 12:21,0,29.1,134713.4844,28.4,235.1
S6-Shirpur Lake,21.0688,74.8595,70.016,-5568,5.01818,2112.16382,27.9375,31-08-2025 12:22,0,29.1,134644.5625,28.4,235
S6-Shirpur Lake,21.0682,74.8593,70.016,-5559,5.01286,2112.16382,27.9375,31-08-2025 12:22,0,29.1,134666.3281,28.4,235
S6-Shirpur Lake,21.0687,74.8594,70.016,-5592,5.01552,2112.16382,27.9375,31-08-2025 12:22,0,29.1,134746.125,28.4,234.8
S6-Shirpur Lake,21.0684,74.8591,70.016,-5570,5.0102,2112.16382,27.9375,31-08-2025 12:23,0,29.1,134760.6406,28.4,234.7
S6-Shirpur Lake,21.0688,74.8595,70.016,-5577,5.01286,2112.16382,27.9375,31-08-2025 12:23,0,29.1,134793.2812,28.4,234.6
S6-Shirpur Lake,21.0682,74.8593,70.016,-5600,5.02881,2112.16382,27.9375,31-08-2025 12:23,0,29.1,134742.5,28.4,234.5
S6-Shirpur Lake,21.0687,74.8594,70.016,-5542,5.01552,2112.16382,27.9375,31-08-2025 12:24,0,29.1,134644.5625,28.4,234.3
S6-Shirpur Lake,21.0684,74.8591,70.016,-5538,5.03413,2112.16382,27.9375,31-08-2025 12:24,0,29.1,134441.4531,28.4,234.4
S6-Shirpur Lake,21.0688,74.8595,70.016,-5566,4.9969,2112.16382,27.9375,31-08-2025 12:24,0,29.1,134372.5469,28.4,234.3
S6-Shirpur Lake,21.0682,74.8593,70.174,-5533,4.99424,2112.16382,27.9375,31-08-2025 12:25,0,29.1,134463.2188,28.4,234.2
S6-Shirpur Lake,21.0687,74.8594,70.174,-5512,5.04743,2112.16382,27.9375,31-08-2025 12:25,0,29.1,134510.3594,28.4,234.1
S6-Shirpur Lake,21.0684,74.8591,70.333,-5497,5.03413,2112.16382,27.9375,31-08-2025 12:25,0,29.1,134568.3906,28.4,234
S6-Shirpur Lake,21.0688,74.8595,70.333,-5471,5.00754,2112.16382,27.9375,31-08-2025 12:26,0,29.1,134488.6094,28.4,233.9
S6-Shirpur Lake,21.0682,74.8593,70.768,-5446,4.99424,2112.16382,27.9375,31-08-2025 12:26,0,29.1,134463.2188,28.4,233.8
S6-Shirpur Lake,21.0687,74.8594,71.204,-5410,4.99424,2112.16382,27.9375,31-08-2025 12:26,0,29.1,134452.3438,28.4,233.8
S6-Shirpur Lake,21.0684,74.8591,71.6,-5400,4.9836,2112.16382,27.9375,31-08-2025 12:27,0,29.1,134615.5469,28.4,233.6
S6-Shirpur Lake,21.0688,74.8595,72.036,-5424,4.97829,2112.16382,27.9375,31-08-2025 12:27,0,29.1,134666.3281,28.4,233.6
S6-Shirpur Lake,21.0682,74.8593,72.471,-5412,4.97829,2112.16382,27.9375,31-08-2025 12:27,0,29.1,134651.8125,28.4,233.6
S6-Shirpur Lake,21.0687,74.8594,73.382,-5409,5.00488,2112.16382,27.9375,31-08-2025 12:28,0,29.1,134510.3594,28.4,233.5
S6-Shirpur Lake,21.0684,74.8591,74.451,-5435,4.99158,2112.16382,27.9375,31-08-2025 12:28,0,29.1,134546.625,28.4,233.3
S6-Shirpur Lake,21.0688,74.8595,75.204,-5435,5.02083,2112.16382,28,31-08-2025 12:28,0,29.2,134278.2656,28.4,233.3
S6-Shirpur Lake,21.0682,74.8593,63.123,-5394,5.01286,2106.38452,28,31-08-2025 12:29,0,29.2,134256.5156,28.4,233.2
S6-Shirpur Lake,21.0687,74.8594,63.189,-5387,4.9969,2106.38452,27.9375,31-08-2025 12:29,0,29.2,134064.3438,28.4,233
S6-Shirpur Lake,21.0684,74.8591,75.798,-5393,5.00488,2112.16382,28,31-08-2025 12:29,0,29.2,133999.0781,28.4,233
S6-Shirpur Lake,21.0688,74.8595,64.084,-5388,5.02615,2106.38452,28,31-08-2025 12:30,0,29.2,133988.2188,28.4,232.8
S6-Shirpur Lake,21.0682,74.8593,64.548,-5366,5.03413,2106.38452,27.9375,31-08-2025 12:30,0,29.2,134020.8438,28.4,232.8
S6-Shirpur Lake,21.0687,74.8594,77.58,-5347,5.02083,2112.16382,27.9375,31-08-2025 12:30,0,29.2,133883.0781,28.4,232.7
S6-Shirpur Lake,21.0684,74.8591,77.976,-5420,5.02349,2112.16382,28,31-08-2025 12:31,0,29.2,133781.5938,28.4,232.6
S6-Shirpur Lake,21.0688,74.8595,65.243,-5522,5.02615,2106.38452,28,31-08-2025 12:31,0,29.2,133759.8281,28.4,232.6
S6-Shirpur Lake,21.0682,74.8593,65.243,-5574,5.04743,2106.38452,27.9375,31-08-2025 12:31,0,29.2,133991.8281,28.4,232.5
S6-Shirpur Lake,21.0687,74.8594,77.976,-5628,5.05009,2112.16382,28,31-08-2025 12:32,0,29.2,134009.9531,28.4,232.4
S6-Shirpur Lake,21.0684,74.8591,65.243,-5645,5.03147,2106.38452,28,31-08-2025 12:32,0,29.2,134071.5938,28.4,232.2
S6-Shirpur Lake,21.0688,74.8595,65.243,-5639,5.06338,2106.38452,28,31-08-2025 12:32,0,29.2,134024.4531,28.5,232.4
S6-Shirpur Lake,21.0682,74.8593,65.243,-5639,5.06604,2106.38452,28,31-08-2025 12:33,0,29.2,134122.3438,28.4,232.2
S6-Shirpur Lake,21.0687,74.8594,65.243,-5634,5.082,2106.38452,28,31-08-2025 12:33,0,29.2,134136.8594,28.5,232.2
S6-Shirpur Lake,21.0684,74.8591,65.243,-5644,5.09796,2106.38452,28,31-08-2025 12:33,0,29.2,134089.7188,28.4,232
S6-Shirpur Lake,21.0688,74.8595,65.243,-5641,5.10593,2106.38452,28,31-08-2025 12:34,0,29.2,133966.4531,28.5,232.2
S6-Shirpur Lake,21.0682,74.8593,65.243,-5643,5.11923,2106.38452,28,31-08-2025 12:34,0,29.2,133709.0938,28.5,232
S6-Shirpur Lake,21.0687,74.8594,65.243,-5632,5.16444,2106.38452,28,31-08-2025 12:34,0,29.2,133618.4844,28.5,232
S6-Shirpur Lake,21.0684,74.8591,64.912,-5599,5.15114,2106.38452,28,31-08-2025 12:35,0,29.2,133669.2188,28.5,231.8
S6-Shirpur Lake,21.0688,74.8595,64.548,-5595,5.15114,2106.38452,28,31-08-2025 12:35,0,29.2,133752.5781,28.5,231.6
S6-Shirpur Lake,21.0682,74.8593,64.548,-5616,5.14848,2106.38452,28,31-08-2025 12:35,0,29.2,133774.3281,28.5,231.5
S6-Shirpur Lake,21.0687,74.8594,63.388,-5609,5.16444,2106.38452,28,31-08-2025 12:36,0,29.2,133821.4531,28.5,231.4
S6-Shirpur Lake,21.0684,74.8591,61.466,-5613,5.14316,2106.38452,28,31-08-2025 12:36,0,29.3,133473.5156,28.5,231.2
S6-Shirpur Lake,21.0688,74.8595,60.472,-5599,5.11125,2106.38452,28,31-08-2025 12:36,0,29.3,133574.9844,28.5,231.1
S6-Shirpur Lake,21.0682,74.8593,59.876,-5550,5.07668,2106.38452,28,31-08-2025 12:37,0,29.3,133538.75,28.5,230.9
S6-Shirpur Lake,21.0687,74.8594,59.412,-5532,5.03413,2106.38452,28,31-08-2025 12:37,0,29.3,133430.0312,28.5,230.8
S6-Shirpur Lake,21.0684,74.8591,59.18,-5548,4.98095,2106.38452,28,31-08-2025 12:37,0,29.3,133364.7969,28.5,230.6
S6-Shirpur Lake,21.0688,74.8595,59.18,-5560,5.02083,2106.38452,28,31-08-2025 12:38,0,29.3,133256.0938,28.5,230.4
S6-Shirpur Lake,21.0682,74.8593,59.18,-5564,5.23358,2106.38452,28,31-08-2025 12:38,0,29.3,133216.2344,28.5,230.2
S6-Shirpur Lake,21.0687,74.8594,59.18,-5565,5.54473,2106.38452,28,31-08-2025 12:38,0,29.3,133161.9062,28.5,230
S6-Shirpur Lake,21.0684,74.8591,59.18,-5567,5.69897,2106.38452,28.0625,31-08-2025 12:39,0,29.3,133223.4844,28.5,229.9
S6-Shirpur Lake,21.0688,74.8595,59.18,-5563,5.74684,2100.63135,28,31-08-2025 12:39,0,29.3,133165.5156,28.5,229.7
S6-Shirpur Lake,21.0682,74.8593,59.18,-5567,5.72024,2106.38452,28,31-08-2025 12:39,0,29.3,133056.8438,28.5,229.5
S6-Shirpur Lake,21.0687,74.8594,59.18,-5562,5.74418,2106.38452,28,31-08-2025 12:40,0,29.3,132915.5469,28.5,229.3
S6-Shirpur Lake,21.0684,74.8591,59.18,-5566,5.75747,2106.38452,28,31-08-2025 12:40,0,29.3,132919.1875,28.5,229.2
S6-Shirpur Lake,21.0688,74.8595,59.18,-5555,5.68567,2106.38452,28.0625,31-08-2025 12:40,0,29.3,132926.4219,28.5,229
S6-Shirpur Lake,21.0682,74.8593,59.047,-5539,5.76279,2100.63135,28,31-08-2025 12:41,0,29.3,132908.3125,28.5,228.6
S6-Shirpur Lake,21.0687,74.8594,58.948,-5517,5.70694,2106.38452,28,31-08-2025 12:41,0,29.3,132882.9531,28.5,228.5
S6-Shirpur Lake,21.0684,74.8591,58.782,-5512,5.7362,2106.38452,28,31-08-2025 12:41,0,29.3,132825,28.6,228.9
S6-Shirpur Lake,21.0688,74.8595,58.782,-5538,5.73088,2106.38452,28.0625,31-08-2025 12:42,0,29.3,132803.2812,28.6,228.8
S6-Shirpur Lake,21.0682,74.8593,58.948,-5520,5.71492,2100.63135,28.0625,31-08-2025 12:42,0,29.3,132788.7812,28.6,228.5
S6-Shirpur Lake,21.0687,74.8594,59.047,-5469,5.73088,2100.63135,28.0625,31-08-2025 12:42,0,29.3,132861.2344,28.6,228.4
S6-Shirpur Lake,21.0684,74.8591,59.18,-5473,5.7362,2100.63135,28.0625,31-08-2025 12:43,0,29.3,132944.5312,28.6,228.3
S6-Shirpur Lake,21.0688,74.8595,59.412,-5502,5.71226,2100.63135,28.0625,31-08-2025 12:43,0,29.3,132857.5938,28.6,228.3
S6-Shirpur Lake,21.0682,74.8593,59.644,-5472,5.69897,2100.63135,28.0625,31-08-2025 12:43,0,29.3,132698.2344,28.6,228.3
S6-Shirpur Lake,21.0687,74.8594,59.909,-5335,5.71492,2100.63135,28.0625,31-08-2025 12:44,0,29.3,132607.7031,28.6,228.3
S6-Shirpur Lake,21.0684,74.8591,60.107,-5339,5.69897,2100.63135,28.0625,31-08-2025 12:44,0,29.3,132643.9062,28.6,228.3
S6-Shirpur Lake,21.0688,74.8595,60.141,-5451,5.68567,2100.63135,28.0625,31-08-2025 12:44,0,29.3,132564.2344,28.6,228.4
S6-Shirpur Lake,21.0682,74.8593,60.373,-5419,5.6644,2100.63135,28.0625,31-08-2025 12:45,0,29.3,132553.375,28.6,228.4
S6-Shirpur Lake,21.0687,74.8594,60.77,-5365,5.68833,2100.63135,28.0625,31-08-2025 12:45,0,29.3,132585.9688,28.6,228.5
S6-Shirpur Lake,21.0684,74.8591,60.903,-5350,5.66705,2100.63135,28.0625,31-08-2025 12:45,0,29.3,132672.8906,28.6,228.7
S6-Shirpur Lake,21.0688,74.8595,61.035,-5302,5.67503,2100.63135,28.0625,31-08-2025 12:46,0,29.3,132727.2031,28.6,228.8
S6-Shirpur Lake,21.0682,74.8593,61.3,-5242,5.6511,2100.63135,28.0625,31-08-2025 12:46,0,29.3,132683.75,28.6,228.9
S6-Shirpur Lake,21.0687,74.8594,61.466,-5238,5.65642,2100.63135,28.0625,31-08-2025 12:46,0,29.3,132538.8906,28.6,228.9
S6-Shirpur Lake,21.0684,74.8591,61.599,-5223,5.65908,2100.63135,28.0625,31-08-2025 12:47,0,29.3,132491.8281,28.6,229
S6-Shirpur Lake,21.0688,74.8595,61.632,-5153,5.65376,2100.63135,28.0625,31-08-2025 12:47,0,29.3,132448.3594,28.6,229.1
S6-Shirpur Lake,21.0682,74.8593,61.698,-5062,5.65642,2100.63135,28.0625,31-08-2025 12:47,0,29.3,132491.8281,28.6,229.3
S6-Shirpur Lake,21.0687,74.8594,61.731,-5071,5.64312,2100.63135,28.0625,31-08-2025 12:48,0,29.3,132502.6875,28.6,229.3
S6-Shirpur Lake,21.0684,74.8591,61.864,-5054,5.64312,2100.63135,28.0625,31-08-2025 12:48,0,29.4,132213.0156,28.6,229.5
S6-Shirpur Lake,21.0688,74.8595,62.029,-4999,5.6511,2100.63135,28.0625,31-08-2025 12:48,0,29.4,132220.2656,28.6,229.5
S6-Shirpur Lake,21.0682,74.8593,62.957,-4961,5.64046,2094.90503,28.0625,31-08-2025 12:49,0,29.4,132198.5469,28.6,229.7
S6-Shirpur Lake,21.0687,74.8594,63.255,-4919,5.62451,2100.63135,28.0625,31-08-2025 12:49,0,29.4,132231.125,28.6,229.9
S6-Shirpur Lake,21.0684,74.8591,67.165,-4879,5.58993,2094.90503,28.125,31-08-2025 12:49,0,29.4,133393.7969,28.6,229.5
S6-Shirpur Lake,21.0688,74.8595,68.06,-4848,5.59525,2094.90503,28.125,31-08-2025 12:50,0,29.4,135243.1875,28.6,229.6
S6-Shirpur Lake,21.0682,74.8593,68.922,-4854,5.62982,2094.90503,28.125,31-08-2025 12:50,0,29.4,137033.4375,28.6,229.7
S6-Shirpur Lake,21.0687,74.8594,70.578,-4866,5.60323,2094.90503,28.125,31-08-2025 12:50,0,29.4,137331.4531,28.6,229.9
S6-Shirpur Lake,21.0684,74.8591,71.871,-4851,5.61653,2094.90503,28.125,31-08-2025 12:51,0,29.4,137291.4688,28.6,230
S6-Shirpur Lake,21.0688,74.8595,72.732,-4831,5.56866,2094.90503,28.125,31-08-2025 12:51,0,29.4,137149.7188,28.6,230
S6-Shirpur Lake,21.0682,74.8593,73.991,-4825,5.54738,2094.90503,28.125,31-08-2025 12:51,0,29.4,137127.9219,28.6,230.3
S6-Shirpur Lake,21.0687,74.8594,75.648,-4796,5.57664,2094.90503,28.125,31-08-2025 12:52,0,29.4,136931.6875,28.6,230.4
S6-Shirpur Lake,21.0684,74.8591,77.769,-4807,5.61387,2094.90503,28.125,31-08-2025 12:52,0,29.4,136913.5156,28.6,230.5
S6-Shirpur Lake,21.0688,74.8595,80.32,-4824,5.56068,2094.90503,28.125,31-08-2025 12:52,0,29.4,136935.3281,28.6,230.6
S6-Shirpur Lake,21.0682,74.8593,82.64,-4839,5.58196,2094.90503,28.125,31-08-2025 12:53,0,29.4,136859.0312,28.6,230.6
S6-Shirpur Lake,21.0687,74.8594,85.224,-4828,5.54738,2094.90503,28.125,31-08-2025 12:53,0,29.4,136771.8281,28.6,230.6
S6-Shirpur Lake,21.0684,74.8591,86.848,-4821,5.53941,2094.90503,28.125,31-08-2025 12:53,0,29.4,136626.5,28.6,230.7
S6-Shirpur Lake,21.0688,74.8595,87.345,-4802,5.55802,2094.90503,28.125,31-08-2025 12:54,0,29.4,136641.0312,28.6,230.8
S6-Shirpur Lake,21.0682,74.8593,88.008,-4786,5.55004,2094.90503,28.125,31-08-2025 12:54,0,29.4,136608.3438,28.6,230.8
S6-Shirpur Lake,21.0687,74.8594,88.438,-4825,5.52611,2094.90503,28.1875,31-08-2025 12:54,0,29.4,136659.2031,28.6,230.8
S6-Shirpur Lake,21.0684,74.8591,88.969,-4838,5.52877,2094.90503,28.1875,31-08-2025 12:55,0,27.9,108155.4219,27.8,164.7
S6-Shirpur Lake,21.0688,74.8595,89.101,-4806,5.52345,2089.20557,28.1875,31-08-2025 12:55,0,29.4,136931.6875,28.6,230.4
S6-Shirpur Lake,21.0682,74.8593,89.234,-4834,5.50218,2089.20557,28.1875,31-08-2025 12:55,0,29.4,136913.5156,28.6,230.5
S6-Shirpur Lake,21.0687,74.8594,89.234,-4774,5.51281,2089.20557,28.1875,31-08-2025 12:56,0,29.4,136935.3281,28.6,230.6
S6-Shirpur Lake,21.0684,74.8591,89.234,-4869,5.50484,2089.20557,28.1875,31-08-2025 12:56,0,29.4,136859.0312,28.6,230.6
S6-Shirpur Lake,21.0688,74.8595,89.234,-4786,5.44367,2089.20557,28.1875,31-08-2025 12:56,0,29.4,136771.8281,28.6,230.6
S6-Shirpur Lake,21.0682,74.8593,89.234,-4812,5.49154,2089.20557,28.1875,31-08-2025 12:57,0,29.4,136626.5,28.6,230.7
S6-Shirpur Lake,21.0688,74.8595,89.234,-4897,5.47026,2089.20557,28.1875,31-08-2025 12:57,0,29.4,136641.0312,28.6,230.8
S6-Shirpur Lake,21.0682,74.8593,89.234,-4809,5.47026,2089.20557,28.1875,31-08-2025 12:57,0,29.4,136608.3438,28.6,230.8
S6-Shirpur Lake,21.0687,74.8594,89.234,-4756,5.4091,2089.20557,28.1875,31-08-2025 12:58,0,29.4,136659.2031,28.6,230.8
S6-Shirpur Lake,21.0684,74.8591,74.451,-5435,4.99158,2112.16382,27.9375,31-08-2025 12:58,0,29.1,134546.625,28.4,233.3
S6-Shirpur Lake,21.0688,74.8595,75.204,-5435,5.02083,2112.16382,28,31-08-2025 12:58,0,29.2,134278.2656,28.4,233.3
S6-Shirpur Lake,21.0682,74.8593,63.123,-5394,5.01286,2106.38452,28,31-08-2025 12:59,0,29.2,134256.5156,28.4,233.2
S6-Shirpur Lake,21.0687,74.8594,63.189,-5387,4.9969,2106.38452,27.9375,31-08-2025 12:59,0,29.2,134064.3438,28.4,233
S6-Shirpur Lake,21.0684,74.8591,75.798,-5393,5.00488,2112.16382,28,31-08-2025 12:59,0,29.2,133999.0781,28.4,233
S6-Shirpur Lake,21.0688,74.8595,64.084,-5388,5.02615,2106.38452,28,31-08-2025 13:00,0,29.2,133988.2188,28.4,232.8
S6-Shirpur Lake,21.0682,74.8593,64.548,-5366,5.03413,2106.38452,27.9375,31-08-2025 13:00,0,29.2,134020.8438,28.4,232.8
S6-Shirpur Lake,21.0687,74.8594,77.58,-5347,5.02083,2112.16382,27.9375,31-08-2025 13:00,0,29.2,133883.0781,28.4,232.7
S6-Shirpur Lake,21.0684,74.8591,77.976,-5420,5.02349,2112.16382,28,31-08-2025 13:01,0,29.2,133781.5938,28.4,232.6
S6-Shirpur Lake,21.0688,74.8595,65.243,-5522,5.02615,2106.38452,28,31-08-2025 13:01,0,29.2,133759.8281,28.4,232.6
S6-Shirpur Lake,21.0682,74.8593,65.243,-5574,5.04743,2106.38452,27.9375,31-08-2025 13:01,0,29.2,133991.8281,28.4,232.5
S6-Shirpur Lake,21.0687,74.8594,77.976,-5628,5.05009,2112.16382,28,31-08-2025 13:02,0,29.2,134009.9531,28.4,232.4
S6-Shirpur Lake,21.0684,74.8591,65.243,-5645,5.03147,2106.38452,28,31-08-2025 13:02,0,29.2,134071.5938,28.4,232.2
S6-Shirpur Lake,21.0688,74.8595,65.243,-5639,5.06338,2106.38452,28,31-08-2025 13:02,0,29.2,134024.4531,28.5,232.4
S6-Shirpur Lake,21.0682,74.8593,65.243,-5639,5.06604,2106.38452,28,31-08-2025 13:03,0,29.2,134122.3438,28.4,232.2
S6-Shirpur Lake,21.0687,74.8594,65.243,-5634,5.082,2106.38452,28,31-08-2025 13:03,0,29.2,134136.8594,28.5,232.2
S6-Shirpur Lake,21.0684,74.8591,65.243,-5644,5.09796,2106.38452,28,31-08-2025 13:03,0,29.2,134089.7188,28.4,232
S6-Shirpur Lake,21.0688,74.8595,65.243,-5641,5.10593,2106.38452,28,31-08-2025 13:04,0,29.2,133966.4531,28.5,232.2
S6-Shirpur Lake,21.0682,74.8593,65.243,-5643,5.11923,2106.38452,28,31-08-2025 13:04,0,29.2,133709.0938,28.5,232
S6-Shirpur Lake,21.0687,74.8594,65.243,-5632,5.16444,2106.38452,28,31-08-2025 13:04,0,29.2,133618.4844,28.5,232
S6-Shirpur Lake,21.0684,74.8591,64.912,-5599,5.15114,2106.38452,28,31-08-2025 13:05,0,29.2,133669.2188,28.5,231.8
S6-Shirpur Lake,21.0688,74.8595,64.548,-5595,5.15114,2106.38452,28,31-08-2025 13:05,0,29.2,133752.5781,28.5,231.6
S6-Shirpur Lake,21.0682,74.8593,64.548,-5616,5.14848,2106.38452,28,31-08-2025 13:05,0,29.2,133774.3281,28.5,231.5
S6-Shirpur Lake,21.0687,74.8594,63.388,-5609,5.16444,2106.38452,28,31-08-2025 13:06,0,29.2,133821.4531,28.5,231.4
S6-Shirpur Lake,21.0684,74.8591,61.466,-5613,5.14316,2106.38452,28,31-08-2025 13:06,0,29.3,133473.5156,28.5,231.2
S6-Shirpur Lake,21.0688,74.8595,60.472,-5599,5.11125,2106.38452,28,31-08-2025 13:06,0,29.3,133574.9844,28.5,231.1
S6-Shirpur Lake,21.0682,74.8593,59.876,-5550,5.07668,2106.38452,28,31-08-2025 13:07,0,29.3,133538.75,28.5,230.9
S6-Shirpur Lake,21.0687,74.8594,59.412,-5532,5.03413,2106.38452,28,31-08-2025 13:07,0,29.3,133430.0312,28.5,230.8
S6-Shirpur Lake,21.0684,74.8591,59.18,-5548,4.98095,2106.38452,28,31-08-2025 13:07,0,29.3,133364.7969,28.5,230.6
S6-Shirpur Lake,21.0688,74.8595,59.18,-5560,5.02083,2106.38452,28,31-08-2025 13:08,0,29.3,133256.0938,28.5,230.4
S6-Shirpur Lake,21.0682,74.8593,59.18,-5564,5.23358,2106.38452,28,31-08-2025 13:08,0,29.3,133216.2344,28.5,230.2
S6-Shirpur Lake,21.0687,74.8594,59.18,-5565,5.54473,2106.38452,28,31-08-2025 13:08,0,29.3,133161.9062,28.5,230
S6-Shirpur Lake,21.0684,74.8591,59.18,-5567,5.69897,2106.38452,28.0625,31-08-2025 13:09,0,29.3,133223.4844,28.5,229.9
S6-Shirpur Lake,21.0688,74.8595,59.18,-5563,5.74684,2100.63135,28,31-08-2025 13:09,0,29.3,133165.5156,28.5,229.7
S6-Shirpur Lake,21.0682,74.8593,59.18,-5567,5.72024,2106.38452,28,31-08-2025 13:09,0,29.3,133056.8438,28.5,229.5
S6-Shirpur Lake,21.0687,74.8594,59.18,-5562,5.74418,2106.38452,28,31-08-2025 13:10,0,29.3,132915.5469,28.5,229.3
S6-Shirpur Lake,21.0684,74.8591,59.18,-5566,5.75747,2106.38452,28,31-08-2025 13:10,0,29.3,132919.1875,28.5,229.2
S6-Shirpur Lake,21.0688,74.8595,59.18,-5555,5.68567,2106.38452,28.0625,31-08-2025 13:10,0,29.3,132926.4219,28.5,229
S6-Shirpur Lake,21.0682,74.8593,59.047,-5539,5.76279,2100.63135,28,31-08-2025 13:11,0,29.3,132908.3125,28.5,228.6
S6-Shirpur Lake,21.0687,74.8594,58.948,-5517,5.70694,2106.38452,28,31-08-2025 13:11,0,29.3,132882.9531,28.5,228.5
S6-Shirpur Lake,21.0684,74.8591,58.782,-5512,5.7362,2106.38452,28,31-08-2025 13:11,0,29.3,132825,28.6,228.9
S6-Shirpur Lake,21.0688,74.8595,58.782,-5538,5.73088,2106.38452,28.0625,31-08-2025 13:12,0,29.3,132803.2812,28.6,228.8
S6-Shirpur Lake,21.0682,74.8593,58.948,-5520,5.71492,2100.63135,28.0625,31-08-2025 13:12,0,29.3,132788.7812,28.6,228.5
S6-Shirpur Lake,21.0687,74.8594,59.047,-5469,5.73088,2100.63135,28.0625,31-08-2025 13:12,0,29.3,132861.2344,28.6,228.4
S6-Shirpur Lake,21.0684,74.8591,59.18,-5473,5.7362,2100.63135,28.0625,31-08-2025 13:13,0,29.3,132944.5312,28.6,228.3
S6-Shirpur Lake,21.0688,74.8595,59.412,-5502,5.71226,2100.63135,28.0625,31-08-2025 13:13,0,29.3,132857.5938,28.6,228.3
S6-Shirpur Lake,21.0682,74.8593,59.644,-5472,5.69897,2100.63135,28.0625,31-08-2025 13:13,0,29.3,132698.2344,28.6,228.3
S6-Shirpur Lake,21.0687,74.8594,59.909,-5335,5.71492,2100.63135,28.0625,31-08-2025 13:14,0,29.3,132607.7031,28.6,228.3
S6-Shirpur Lake,21.0684,74.8591,60.107,-5339,5.69897,2100.63135,28.0625,31-08-2025 13:14,0,29.3,132643.9062,28.6,228.3
S6-Shirpur Lake,21.0688,74.8595,60.141,-5451,5.68567,2100.63135,28.0625,31-08-2025 13:14,0,29.3,132564.2344,28.6,228.4
S6-Shirpur Lake,21.0682,74.8593,60.373,-5419,5.6644,2100.63135,28.0625,31-08-2025 13:15,0,29.3,132553.375,28.6,228.4
S6-Shirpur Lake,21.0687,74.8594,60.77,-5365,5.68833,2100.63135,28.0625,31-08-2025 13:15,0,29.3,132585.9688,28.6,228.5
S6-Shirpur Lake,21.0684,74.8591,60.903,-5350,5.66705,2100.63135,28.0625,31-08-2025 13:15,0,29.3,132672.8906,28.6,228.7
S6-Shirpur Lake,21.0688,74.8595,61.035,-5302,5.67503,2100.63135,28.0625,31-08-2025 13:16,0,29.3,132727.2031,28.6,228.8
S6-Shirpur Lake,21.0682,74.8593,61.3,-5242,5.6511,2100.63135,28.0625,31-08-2025 13:16,0,29.3,132683.75,28.6,228.9
S6-Shirpur Lake,21.0687,74.8594,61.466,-5238,5.65642,2100.63135,28.0625,31-08-2025 13:16,0,29.3,132538.8906,28.6,228.9
S6-Shirpur Lake,21.0684,74.8591,61.599,-5223,5.65908,2100.63135,28.0625,31-08-2025 13:17,0,29.3,132491.8281,28.6,229
S6-Shirpur Lake,21.0688,74.8595,61.632,-5153,5.65376,2100.63135,28.0625,31-08-2025 13:17,0,29.3,132448.3594,28.6,229.1
S6-Shirpur Lake,21.0682,74.8593,61.698,-5062,5.65642,2100.63135,28.0625,31-08-2025 13:17,0,29.3,132491.8281,28.6,229.3
S6-Shirpur Lake,21.0687,74.8594,61.731,-5071,5.64312,2100.63135,28.0625,31-08-2025 13:18,0,29.3,132502.6875,28.6,229.3
S6-Shirpur Lake,21.0684,74.8591,61.864,-5054,5.64312,2100.63135,28.0625,31-08-2025 13:18,0,29.4,132213.0156,28.6,229.5
S6-Shirpur Lake,21.0688,74.8595,62.029,-4999,5.6511,2100.63135,28.0625,31-08-2025 13:18,0,29.4,132220.2656,28.6,229.5
S6-Shirpur Lake,21.0682,74.8593,62.957,-4961,5.64046,2094.90503,28.0625,31-08-2025 13:19,0,29.4,132198.5469,28.6,229.7
S6-Shirpur Lake,21.0687,74.8594,63.255,-4919,5.62451,2100.63135,28.0625,31-08-2025 13:19,0,29.4,132231.125,28.6,229.9
S6-Shirpur Lake,21.0684,74.8591,67.165,-4879,5.58993,2094.90503,28.125,31-08-2025 13:19,0,29.4,133393.7969,28.6,229.5
S6-Shirpur Lake,21.0688,74.8595,68.06,-4848,5.59525,2094.90503,28.125,31-08-2025 13:20,0,29.4,135243.1875,28.6,229.6
S6-Shirpur Lake,21.0682,74.8593,68.922,-4854,5.62982,2094.90503,28.125,31-08-2025 13:20,0,29.4,137033.4375,28.6,229.7
S6-Shirpur Lake,21.0687,74.8594,70.578,-4866,5.60323,2094.90503,28.125,31-08-2025 13:20,0,29.4,137331.4531,28.6,229.9
S6-Shirpur Lake,21.0684,74.8591,71.871,-4851,5.61653,2094.90503,28.125,31-08-2025 13:21,0,29.4,137291.4688,28.6,230
S6-Shirpur Lake,21.0688,74.8595,72.732,-4831,5.56866,2094.90503,28.125,31-08-2025 13:21,0,29.4,137149.7188,28.6,230
S6-Shirpur Lake,21.0682,74.8593,73.991,-4825,5.54738,2094.90503,28.125,31-08-2025 13:21,0,29.4,137127.9219,28.6,230.3
S6-Shirpur Lake,21.0687,74.8594,75.648,-4796,5.57664,2094.90503,28.125,31-08-2025 13:22,0,29.4,136931.6875,28.6,230.4
S6-Shirpur Lake,21.0684,74.8591,77.769,-4807,5.61387,2094.90503,28.125,31-08-2025 13:22,0,29.4,136913.5156,28.6,230.5
S6-Shirpur Lake,21.0688,74.8595,80.32,-4824,5.56068,2094.90503,28.125,31-08-2025 13:22,0,29.4,136935.3281,28.6,230.6
S6-Shirpur Lake,21.0682,74.8593,82.64,-4839,5.58196,2094.90503,28.125,31-08-2025 13:23,0,29.4,136859.0312,28.6,230.6
S6-Shirpur Lake,21.0687,74.8594,85.224,-4828,5.54738,2094.90503,28.125,31-08-2025 13:23,0,29.4,136771.8281,28.6,230.6
S6-Shirpur Lake,21.0684,74.8591,86.848,-4821,5.53941,2094.90503,28.125,31-08-2025 13:23,0,29.4,136626.5,28.6,230.7
S6-Shirpur Lake,21.0688,74.8595,87.345,-4802,5.55802,2094.90503,28.125,31-08-2025 13:24,0,29.4,136641.0312,28.6,230.8
S6-Shirpur Lake,21.0682,74.8593,88.008,-4786,5.55004,2094.90503,28.125,31-08-2025 13:24,0,29.4,136608.3438,28.6,230.8
S6-Shirpur Lake,21.0687,74.8594,88.438,-4825,5.52611,2094.90503,28.1875,31-08-2025 13:24,0,29.4,136659.2031,28.6,230.8
S6-Shirpur Lake,21.0684,74.8591,88.969,-4838,5.52877,2094.90503,28.1875,31-08-2025 13:25,0,27.9,108155.4219,27.8,164.7
S6-Shirpur Lake,21.0688,74.8595,89.101,-4806,5.52345,2089.20557,28.1875,31-08-2025 13:25,0,29.4,136931.6875,28.6,230.4
S6-Shirpur Lake,21.0682,74.8593,89.234,-4834,5.50218,2089.20557,28.1875,31-08-2025 13:25,0,29.4,136913.5156,28.6,230.5
S6-Shirpur Lake,21.0687,74.8594,89.234,-4774,5.51281,2089.20557,28.1875,31-08-2025 13:26,0,29.4,136935.3281,28.6,230.6
S6-Shirpur Lake,21.0684,74.8591,89.234,-4869,5.50484,2089.20557,28.1875,31-08-2025 13:26,0,29.4,136859.0312,28.6,230.6
S6-Shirpur Lake,21.0688,74.8595,89.234,-4786,5.44367,2089.20557,28.1875,31-08-2025 13:26,0,29.4,136771.8281,28.6,230.6
S6-Shirpur Lake,21.0682,74.8593,89.234,-4812,5.49154,2089.20557,28.1875,31-08-2025 13:27,0,29.4,136626.5,28.6,230.7
S6-Shirpur Lake,21.0688,74.8595,89.234,-4897,5.47026,2089.20557,28.1875,31-08-2025 13:27,0,29.4,136641.0312,28.6,230.8
S6-Shirpur Lake,21.0682,74.8593,89.234,-4809,5.47026,2089.20557,28.1875,31-08-2025 13:27,0,29.4,136608.3438,28.6,230.8
S6-Shirpur Lake,21.0687,74.8594,89.234,-4756,5.4091,2089.20557,28.1875,31-08-2025 13:28,0,29.4,136659.2031,28.6,230.8
S7-Varawade River,16.1522,73.40331,0,0,5.68567,0,28,28-08-2025 13:58,0,27.9,107028.6328,27.8,164.5
S7-Varawade River,16.15223,73.40333,0,-2991,5.69897,0,27.75,28-08-2025 13:58,0,27.9,105361.9609,27.8,164.4
S7-Varawade River,16.15221,73.403337,0,-5569,5.60855,0,27.75,28-08-2025 13:58,0,28,104255.875,27.8,164.3
S7-Varawade River,16.1522,73.40331,0,-5433,5.62716,0,27.75,28-08-2025 13:59,0,28,103592.0938,27.8,164.2
S7-Varawade River,16.15223,73.40333,0,-5364,5.5793,0,27.75,28-08-2025 13:59,0,28.1,102755.9375,27.9,164.3
S7-Varawade River,16.15221,73.403337,0,-5329,5.55536,0,27.75,28-08-2025 13:59,0,28.1,102311.6797,27.9,164.3
S7-Varawade River,16.1522,73.40331,0,-5307,5.55004,0,27.75,28-08-2025 14:00,0,28.2,101645.6562,27.9,164.3
S7-Varawade River,16.15223,73.40333,0,-5283,5.4942,0,27.75,28-08-2025 14:00,0,28.2,101159.6406,27.9,164.5
S7-Varawade River,16.15221,73.403337,0,-5271,5.57398,0,27.75,28-08-2025 14:00,0,28.2,100870.9609,27.9,164.5
S7-Varawade River,16.1522,73.40331,0,-5261,5.48622,0,27.75,28-08-2025 14:01,0,28.1,100980.0859,27.9,164.5
S7-Varawade River,16.15223,73.40333,0,-5255,5.44367,0,27.75,28-08-2025 14:01,0,28.3,100508.4688,27.9,164.5
S7-Varawade River,16.15221,73.403337,0,-5242,5.43037,0,27.75,28-08-2025 14:01,0,28.3,100350.1406,27.9,164.5
S7-Varawade River,16.1522,73.40331,0,-5241,5.3958,0,27.75,28-08-2025 14:02,0,28.3,100374.7734,27.9,164.5
S7-Varawade River,16.15223,73.40333,0,-5241,5.44367,0,27.75,28-08-2025 14:02,0,28.3,100582.3672,28,164.6
S7-Varawade River,16.15221,73.403337,0,-5210,5.38516,0,27.75,28-08-2025 14:02,0,28.3,100698.5,28,164.7
S7-Varawade River,16.1522,73.40331,59.561,-5190,5.33464,612.55444,27.75,28-08-2025 14:03,0,28.3,100779.4453,28,164.6
S7-Varawade River,16.15223,73.40333,119.558,-5195,4.85596,2129.66724,27.75,28-08-2025 14:03,0,28.4,100487.3594,28,164.7
S7-Varawade River,16.15221,73.403337,119.558,-5198,4.86393,2129.66724,27.75,28-08-2025 14:03,0,28.4,100501.4375,28,164.7
S7-Varawade River,16.1522,73.40331,119.558,-5201,4.8533,2129.66724,27.75,28-08-2025 14:04,0,28.4,100529.5859,28,164.7
S7-Varawade River,16.15223,73.40333,119.994,-5181,4.85862,2129.66724,27.75,28-08-2025 14:04,0,28.4,100645.7109,28,164.6
S7-Varawade River,16.15221,73.403337,120.627,-5178,4.85064,2129.66724,27.75,28-08-2025 14:04,0,28.5,100409.9531,28,164.6
S7-Varawade River,16.1522,73.40331,121.34,-5174,4.8533,2129.66724,27.75,28-08-2025 14:05,0,28.5,100459.2109,28,164.7
S7-Varawade River,16.15223,73.40333,121.776,-5162,4.84798,2129.66724,27.75,28-08-2025 14:05,0,28.5,100416.9922,28,164.6
S7-Varawade River,16.15221,73.403337,122.092,-5157,4.83468,2129.66724,27.75,28-08-2025 14:05,0,28.5,100480.3203,28,164.6
S7-Varawade River,16.1522,73.40331,122.172,-5160,4.8267,2129.66724,27.75,28-08-2025 14:06,0,28.5,100592.9219,28,164.7
S7-Varawade River,16.15223,73.40333,122.172,-5149,4.84532,2129.66724,27.75,28-08-2025 14:06,0,28.5,100603.4766,28,164.6
S7-Varawade River,16.15221,73.403337,122.172,-5149,4.84532,2129.66724,27.75,28-08-2025 14:06,0,28.5,100592.9219,28,164.5
S7-Varawade River,16.1522,73.40331,122.251,-5149,4.8533,2129.66724,27.75,28-08-2025 14:07,0,28.6,100357.1797,28,164.7
S7-Varawade River,16.15223,73.40333,122.29,-5131,4.8533,2129.66724,27.75,28-08-2025 14:07,0,28.6,100547.1797,28,164.6
S7-Varawade River,16.15221,73.403337,122.568,-5114,4.85862,2129.66724,27.75,28-08-2025 14:07,0,28.6,100490.875,28,164.6
S7-Varawade River,16.1522,73.40331,122.766,-5137,4.83468,2129.66724,27.75,28-08-2025 14:08,0,28.6,100395.8828,28,164.5
S7-Varawade River,16.15223,73.40333,122.568,-5133,4.84798,2129.66724,27.75,28-08-2025 14:08,0,28.6,100272.75,28,164.5
S7-Varawade River,16.15221,73.403337,122.29,-5145,4.85596,2129.66724,27.75,28-08-2025 14:08,0,28.6,100322,28,164.6
S7-Varawade River,16.1522,73.40331,122.251,-5176,4.86925,2129.66724,27.75,28-08-2025 14:09,0,28.7,100132.0391,28,164.5
S7-Varawade River,16.15223,73.40333,122.172,-5190,4.85862,2129.66724,27.8125,28-08-2025 14:09,0,28.7,100209.4297,28,164.5
S7-Varawade River,16.15221,73.403337,122.092,-5145,4.84798,2123.80542,27.8125,28-08-2025 14:09,0,28.7,100251.6406,28,164.5
S7-Varawade River,16.1522,73.40331,121.776,-5110,4.83734,2123.80542,27.75,28-08-2025 14:10,0,28.7,100272.75,28,164.4
S7-Varawade River,16.15223,73.40333,121.34,-5137,4.84798,2129.66724,27.8125,28-08-2025 14:10,0,28.7,100181.2891,28,164.4
S7-Varawade River,16.15221,73.403337,121.023,-5130,4.85596,2123.80542,27.8125,28-08-2025 14:10,0,28.7,100114.4609,28,164.4
S7-Varawade River,16.1522,73.40331,121.023,-5110,4.85064,2123.80542,27.8125,28-08-2025 14:11,0,28.7,100023.0156,28,164.4
S7-Varawade River,16.15223,73.40333,121.023,-5109,4.78947,2123.80542,27.75,28-08-2025 14:11,0,28.7,100061.7031,28.1,164.5
S7-Varawade River,16.15221,73.403337,121.023,-5125,4.85596,2129.66724,27.8125,28-08-2025 14:11,0,28.7,100051.1484,28.1,164.5
S7-Varawade River,16.1522,73.40331,121.023,-5120,4.83734,2123.80542,27.75,28-08-2025 14:12,0,28.7,100139.0781,28.1,164.7
S7-Varawade River,16.15223,73.40333,121.023,-5096,4.84266,2129.66724,27.8125,28-08-2025 14:12,0,28.7,100068.7344,28.1,164.5
S7-Varawade River,16.15221,73.403337,121.023,-5090,4.83734,2123.80542,27.8125,28-08-2025 14:12,0,28.7,100026.5312,28.1,164.5
S7-Varawade River,16.1522,73.40331,121.696,-5099,4.86925,2123.80542,27.8125,28-08-2025 14:13,0,28.8,99692.4766,28.1,164.5
S7-Varawade River,16.15223,73.40333,121.657,-5117,4.83202,2123.80542,27.8125,28-08-2025 14:13,0,28.8,99783.8906,28.1,164.5
S7-Varawade River,16.15221,73.403337,121.657,-5118,4.86127,2123.80542,27.8125,28-08-2025 14:13,0,28.8,99857.7266,28.1,164.5
S7-Varawade River,16.1522,73.40331,121.657,-5127,4.85064,2123.80542,27.8125,28-08-2025 14:14,0,28.8,99910.4766,28.1,164.5
S7-Varawade River,16.15223,73.40333,120.984,-5121,4.85596,2123.80542,27.8125,28-08-2025 14:14,0,28.8,99875.3125,28.1,164.5
S7-Varawade River,16.15221,73.403337,120.469,-5113,4.84266,2123.80542,27.8125,28-08-2025 14:14,0,28.8,99878.8281,28.1,164.5
S7-Varawade River,16.1522,73.40331,120.469,-5106,4.85862,2123.80542,27.8125,28-08-2025 14:15,0,28.8,99762.7891,28.1,164.5
S7-Varawade River,16.15223,73.40333,120.469,-5085,4.81607,2123.80542,27.8125,28-08-2025 14:15,0,28.8,99713.5703,28.1,164.5
S7-Varawade River,16.15221,73.403337,120.469,-5081,4.82138,2123.80542,27.8125,28-08-2025 14:15,0,28.8,99615.1328,28.1,164.5
S7-Varawade River,16.1522,73.40331,120.469,-5083,4.86659,2123.80542,27.8125,28-08-2025 14:16,0,28.9,99502.6484,28.1,164.5
S7-Varawade River,16.15223,73.40333,120.904,-5087,4.83468,2123.80542,27.875,28-08-2025 14:16,0,28.9,99467.4922,28.2,164.6
S7-Varawade River,16.15221,73.403337,120.904,-5081,4.83468,2117.97095,27.8125,28-08-2025 14:16,0,28.9,99506.1562,28.1,164.3
S7-Varawade River,16.1522,73.40331,120.904,-5072,4.8533,2123.80542,27.8125,28-08-2025 14:17,0,28.9,99404.2266,28.1,164.5
S7-Varawade River,16.15223,73.40333,120.904,-5075,4.82138,2123.80542,27.875,28-08-2025 14:17,0,28.9,99358.5391,28.2,164.6
S7-Varawade River,16.15221,73.403337,120.904,-5079,4.86659,2117.97095,27.875,28-08-2025 14:17,0,28.9,99326.9062,28.2,164.5
S7-Varawade River,16.1522,73.40331,120.904,-5069,4.84,2117.97095,27.875,28-08-2025 14:18,0,28.9,99425.3125,28.2,164.5
S7-Varawade River,16.15223,73.40333,120.984,-5073,4.78947,2117.97095,27.875,28-08-2025 14:18,0,28.9,99569.4297,28.2,164.4
S7-Varawade River,16.15221,73.403337,121.617,-5080,4.83734,2117.97095,27.875,28-08-2025 14:18,0,28.9,99572.9453,28.2,164.5
S7-Varawade River,16.1522,73.40331,122.37,-5073,4.83734,2117.97095,27.875,28-08-2025 14:19,0,28.9,99513.1875,28.2,164.4
S7-Varawade River,16.15223,73.40333,122.766,-5070,4.86659,2117.97095,27.875,28-08-2025 14:19,0,28.9,99439.375,28.2,164.4
S7-Varawade River,16.15221,73.403337,122.766,-5075,4.80277,2117.97095,27.875,28-08-2025 14:19,0,28.9,99449.9141,28.2,164.4
S7-Varawade River,16.1522,73.40331,123.201,-5071,4.85862,2117.97095,27.875,28-08-2025 14:20,0,28.9,99418.2812,28.2,164.4
S7-Varawade River,16.15223,73.40333,123.439,-5062,4.86925,2117.97095,27.875,28-08-2025 14:20,0,28.9,99323.3906,28.2,164.4
S7-Varawade River,16.15221,73.403337,123.439,-5057,4.86393,2117.97095,27.875,28-08-2025 14:20,0,28.9,99196.875,28.2,164.4
S7-Varawade River,16.1522,73.40331,123.399,-5057,4.84266,2117.97095,27.875,28-08-2025 14:21,0,28.9,99221.4766,28.2,164.4
S7-Varawade River,16.15223,73.40333,123.439,-5067,4.83202,2117.97095,27.9375,28-08-2025 14:21,0,29,98915.7969,28.2,164.4
S7-Varawade River,16.15221,73.403337,123.439,-5059,4.86925,2112.16382,27.9375,28-08-2025 14:21,0,29,98933.3672,28.2,164.3
S7-Varawade River,16.1522,73.40331,123.399,-5043,4.84798,2112.16382,27.9375,28-08-2025 14:22,0,29,98884.1875,28.2,164.3
S7-Varawade River,16.15223,73.40333,123.399,-5049,4.83734,2112.16382,27.875,28-08-2025 14:22,0,29,98835.0078,28.2,164.3
S7-Varawade River,16.15221,73.403337,123.399,-5050,4.8533,2117.97095,27.9375,28-08-2025 14:22,0,29,98715.5859,28.2,164.3
S7-Varawade River,16.1522,73.40331,123.28,-5075,4.85862,2112.16382,27.9375,28-08-2025 14:23,0,29,98606.7109,28.2,164.2
S7-Varawade River,16.15223,73.40333,123.28,-5078,4.85596,2112.16382,27.9375,28-08-2025 14:23,0,29,98554.0312,28.2,164.2
S7-Varawade River,16.15221,73.403337,123.399,-5066,4.85862,2112.16382,27.9375,28-08-2025 14:23,0,29,98508.3828,28.2,164.2
S7-Varawade River,16.1522,73.40331,123.399,-5055,4.86659,2112.16382,27.9375,28-08-2025 14:24,0,29,98497.8516,28.2,164.2
S7-Varawade River,16.15223,73.40333,123.439,-5051,4.84798,2112.16382,27.9375,28-08-2025 14:24,0,29,98455.7109,28.2,164.2
S7-Varawade River,16.15221,73.403337,123.439,-5063,4.85862,2112.16382,27.9375,28-08-2025 14:24,0,29.1,98252.0781,28.2,164.3
S7-Varawade River,16.1522,73.40331,123.439,-5074,4.83734,2112.16382,27.9375,28-08-2025 14:25,0,29.1,98332.8281,28.2,164.2
S7-Varawade River,16.15223,73.40333,123.439,-5085,4.82404,2112.16382,27.9375,28-08-2025 14:25,0,29.1,98367.9375,28.2,164.2
S7-Varawade River,16.15221,73.403337,123.399,-5078,4.86659,2112.16382,27.9375,28-08-2025 14:25,0,29.1,98403.0469,28.2,164.2
S7-Varawade River,16.1522,73.40331,123.28,-5060,4.8267,2112.16382,27.9375,28-08-2025 14:26,0,29.1,98357.3984,28.2,164.2
S7-Varawade River,16.15223,73.40333,123.28,-5045,4.82138,2112.16382,27.9375,28-08-2025 14:26,0,29.1,98322.2891,28.2,164.2
S7-Varawade River,16.15221,73.403337,123.28,-5033,4.84266,2112.16382,28,28-08-2025 14:26,0,29.1,98255.5938,28.3,164.3
S7-Varawade River,16.1522,73.40331,103.018,-5034,4.84532,2106.38452,28,28-08-2025 14:27,0,29.1,98252.0781,28.2,164
S7-Varawade River,16.15223,73.40333,102.952,-5039,4.86393,2106.38452,28,28-08-2025 14:27,0,29.1,98245.0547,28.3,164.3
S7-Varawade River,16.15221,73.403337,102.919,-5053,4.84266,2106.38452,28,28-08-2025 14:27,0,29.1,98266.1172,28.3,164.3
S7-Varawade River,16.1522,73.40331,102.687,-5068,4.91978,2106.38452,28,28-08-2025 14:28,0,29.1,98276.6562,28.3,164.3
S7-Varawade River,16.15223,73.40333,102.256,-5070,4.86393,2106.38452,28,28-08-2025 14:28,0,29.1,98350.375,28.3,164.3
S7-Varawade River,16.15221,73.403337,102.256,-5057,4.83734,2106.38452,28,28-08-2025 14:28,0,29.1,98297.7188,28.3,164.3
S7-Varawade River,16.1522,73.40331,102.256,-5045,4.84798,2106.38452,28,28-08-2025 14:29,0,29.1,98224,28.3,164.2
S7-Varawade River,16.15223,73.40333,102.057,-5040,4.85064,2106.38452,28,28-08-2025 14:29,0,29.1,98139.7422,28.3,164.2
S7-Varawade River,16.15221,73.403337,102.057,-5052,4.87723,2106.38452,28,28-08-2025 14:29,0,29.1,98108.1562,28.3,164.3
S7-Varawade River,16.1522,73.40331,101.991,-5068,4.83734,2106.38452,28,28-08-2025 14:30,0,29.1,98115.1797,28.3,164.3
S7-Varawade River,16.15223,73.40333,101.958,-5055,4.86925,2106.38452,28,28-08-2025 14:30,0,29.1,98146.7656,28.3,164.3
S7-Varawade River,16.15221,73.403337,101.925,-5043,4.80809,2106.38452,28,28-08-2025 14:30,0,29.2,97869.5,28.4,164.5
S7-Varawade River,16.1522,73.40331,101.825,-5032,4.85862,2106.38452,28,28-08-2025 14:31,0,29.2,97837.9219,28.3,164.2
S7-Varawade River,16.15223,73.40333,101.66,-5030,4.83468,2106.38452,28,28-08-2025 14:31,0,29.2,97823.8828,28.4,164.5
S7-Varawade River,16.15221,73.403337,101.66,-5029,4.87457,2106.38452,28.0625,28-08-2025 14:31,0,29.2,97830.8984,28.4,164.5
S7-Varawade River,16.1522,73.40331,101.825,-5022,4.84798,2100.63135,28,28-08-2025 14:32,0,29.2,97915.1172,28.4,164.4
S7-Varawade River,16.15223,73.40333,101.825,-5026,4.86659,2106.38452,28.0625,28-08-2025 14:32,0,29.2,97887.0469,28.4,164.4
S7-Varawade River,16.15221,73.403337,101.825,-5026,4.83734,2100.63135,28,28-08-2025 14:32,0,29.2,97894.0625,28.4,164.3
S7-Varawade River,16.1522,73.40331,101.66,-5013,4.85596,2106.38452,28.0625,28-08-2025 14:33,0,29.2,97813.3594,28.4,164.3
S7-Varawade River,16.15223,73.40333,101.66,-5009,4.84532,2100.63135,28.0625,28-08-2025 14:33,0,29.2,97823.8828,28.4,164.4
S7-Varawade River,16.15221,73.403337,101.66,-5016,4.84,2100.63135,28.0625,28-08-2025 14:33,0,29.2,97823.8828,28.4,164.3
S7-Varawade River,16.1522,73.40331,101.825,-5020,4.85862,2100.63135,28.0625,28-08-2025 14:34,0,29.2,97760.7188,28.4,164.4
S7-Varawade River,16.15223,73.40333,101.66,-5037,4.84798,2100.63135,28.0625,28-08-2025 14:34,0,29.2,97651.9609,28.4,164.3
S7-Varawade River,16.15221,73.403337,101.527,-5047,4.84532,2100.63135,28.0625,28-08-2025 14:34,0,29.3,97364.3125,28.4,164.3
S7-Varawade River,16.1522,73.40331,101.361,-5026,4.85596,2100.63135,28.0625,28-08-2025 14:35,0,29.3,97378.3438,28.4,164.3
S7-Varawade River,16.15223,73.40333,101.361,-5038,4.87191,2100.63135,28.0625,28-08-2025 14:35,0,29.3,97364.3125,28.4,164.3
S7-Varawade River,16.15221,73.403337,101.361,-5054,4.84532,2100.63135,28.0625,28-08-2025 14:35,0,29.3,97427.4453,28.4,164.3
S7-Varawade River,16.1522,73.40331,101.096,-5038,4.84798,2100.63135,28.0625,28-08-2025 14:36,0,29.3,97448.4922,28.4,164.3
S7-Varawade River,16.15223,73.40333,101.096,-5034,4.8533,2100.63135,28.0625,28-08-2025 14:36,0,29.3,97455.5078,28.4,164.3
S7-Varawade River,16.15221,73.403337,100.964,-5038,4.84532,2100.63135,28.0625,28-08-2025 14:36,0,29.3,97452,28.4,164.2
S7-Varawade River,16.1522,73.40331,100.931,-5038,4.82404,2100.63135,28.0625,28-08-2025 14:37,0,29.3,97423.9375,28.4,164.2
S7-Varawade River,16.15223,73.40333,100.931,-5031,4.87191,2100.63135,28.0625,28-08-2025 14:37,0,29.3,97385.3516,28.4,164.3
S7-Varawade River,16.15221,73.403337,100.931,-5018,4.8533,2100.63135,28.125,28-08-2025 14:37,0,29.3,97392.3672,28.4,164.2
S7-Varawade River,16.1522,73.40331,100.964,-5024,4.8533,2094.90503,28.125,28-08-2025 14:38,0,29.3,97402.8984,28.4,164.3
S7-Varawade River,16.15223,73.40333,101.096,-5042,4.8533,2094.90503,28.125,28-08-2025 14:38,0,29.3,97378.3438,28.4,164.2
S7-Varawade River,16.15221,73.403337,100.964,-4982,4.87989,2094.90503,28.125,28-08-2025 14:38,0,29.3,97283.6484,28.4,164.2
S7-Varawade River,16.1522,73.40331,100.964,-4945,4.8533,2094.90503,28.125,28-08-2025 14:39,0,29.3,97255.5938,28.4,164.1
S7-Varawade River,16.15223,73.40333,100.931,-4970,4.83468,2094.90503,28.125,28-08-2025 14:39,0,29.3,97283.6484,28.4,164.2
S7-Varawade River,16.15221,73.403337,100.864,-4993,4.86393,2094.90503,28.125,28-08-2025 14:39,0,29.3,97290.6562,28.4,164.1
S7-Varawade River,16.1522,73.40331,100.931,-5010,4.83734,2094.90503,28.125,28-08-2025 14:40,0,29.3,97276.6328,28.5,164.2
S7-Varawade River,16.15223,73.40333,100.931,-5009,4.86925,2094.90503,28.125,28-08-2025 14:40,0,29.3,97399.3906,28.4,164
S7-Varawade River,16.15221,73.403337,100.831,-5007,4.8533,2094.90503,28.125,28-08-2025 14:40,0,29.3,97406.4062,28.5,164.2
S7-Varawade River,16.1522,73.40331,100.831,-4999,4.8533,2094.90503,28.125,28-08-2025 14:41,0,29.3,97413.4219,28.4,164
S7-Varawade River,16.15223,73.40333,100.931,-4998,4.8533,2094.90503,28.125,28-08-2025 14:41,0,29.3,97269.6172,28.5,164.2
S7-Varawade River,16.15221,73.403337,100.964,-5010,4.86659,2094.90503,28.125,28-08-2025 14:41,0,29.3,97245.0703,28.5,164.1
S7-Varawade River,16.1522,73.40331,100.931,-5015,4.85596,2094.90503,28.125,28-08-2025 14:42,0,29.4,96961.0547,28.5,164.2
S7-Varawade River,16.15223,73.40333,100.798,-5015,4.83734,2094.90503,28.125,28-08-2025 14:42,0,29.4,96915.4844,28.5,164.1
S7-Varawade River,16.15221,73.403337,100.632,-5014,4.84798,2094.90503,28.125,28-08-2025 14:42,0,29.4,96911.9766,28.5,164.1
S7-Varawade River,16.1522,73.40331,100.632,-5020,4.85596,2094.90503,28.1875,28-08-2025 14:43,0,29.4,97013.6406,28.5,164.1
S7-Varawade River,16.15223,73.40333,100.632,-5019,4.89053,2089.20557,28.1875,28-08-2025 14:43,0,29.4,97115.3203,28.5,164.2
S7-Varawade River,16.15221,73.403337,100.467,-5017,4.83734,2089.20557,28.1875,28-08-2025 14:43,0,29.4,97125.8438,28.5,164.2
S7-Varawade River,16.1522,73.40331,100.235,-5017,4.84798,2089.20557,28.1875,28-08-2025 14:44,0,29.4,97097.7969,28.5,164.1
S7-Varawade River,16.15223,73.40333,100.235,-5026,4.86393,2089.20557,28.1875,28-08-2025 14:44,0,29.4,97031.1719,28.5,164.1
S7-Varawade River,16.15221,73.403337,100.235,-5030,4.87989,2089.20557,28.1875,28-08-2025 14:44,0,29.4,96999.6172,28.5,164.1
S7-Varawade River,16.1522,73.40331,100.268,-5014,4.79479,2089.20557,28.1875,28-08-2025 14:45,0,29.4,97020.6562,28.5,164.1
S7-Varawade River,16.15223,73.40333,100.268,-5008,4.84532,2089.20557,28.1875,28-08-2025 14:45,0,29.4,97006.6328,28.5,164.1
S7-Varawade River,16.15221,73.403337,100.268,-5033,4.83202,2089.20557,28.1875,28-08-2025 14:45,0,29.4,97024.1641,28.5,164.2
S7-Varawade River,16.1522,73.40331,100.003,-5056,4.86393,2089.20557,28.1875,28-08-2025 14:46,0,29.4,96989.1016,28.5,164
S7-Varawade River,16.15223,73.40333,99.738,-5033,4.85064,2089.20557,28.1875,28-08-2025 14:46,0,29.4,96968.0625,28.5,164
S7-Varawade River,16.15221,73.403337,99.572,-5018,4.85064,2089.20557,28.1875,28-08-2025 14:46,0,29.4,96947.0312,28.5,164.1
S7-Varawade River,16.1522,73.40331,99.572,-5034,4.83734,2089.20557,28.25,28-08-2025 14:47,0,29.5,96722.6875,28.5,164.1
S7-Varawade River,16.15223,73.40333,99.572,-5047,4.85064,2083.53198,28.25,28-08-2025 14:47,0,29.4,96947.0312,28.5,164
S7-Varawade River,16.15221,73.403337,99.075,-5037,4.83734,2083.53198,28.1875,28-08-2025 14:47,0,29.5,96778.7656,28.5,164
S7-Varawade River,16.1522,73.40331,98.611,-5039,4.83468,2089.20557,28.25,28-08-2025 14:48,0,29.5,96796.2891,28.6,164.3
S7-Varawade River,16.15223,73.40333,98.578,-5039,4.86393,2083.53198,28.1875,28-08-2025 14:48,0,29.5,96820.8281,28.6,164.4
S7-Varawade River,16.15221,73.403337,98.478,-5036,4.8533,2089.20557,28.1875,28-08-2025 14:48,0,29.5,96743.7109,28.6,164.5
S7-Varawade River,16.1522,73.40331,98.445,-5048,4.84266,2089.20557,28.1875,28-08-2025 14:49,0,29.5,96687.6328,28.6,164.4
S7-Varawade River,16.15223,73.40333,98.445,-5047,4.91712,2089.20557,28.25,28-08-2025 14:49,0,29.5,96691.1406,28.6,164.3
S7-Varawade River,16.15221,73.403337,98.412,-5046,4.87989,2083.53198,28.25,28-08-2025 14:49,0,29.5,96726.1953,28.6,164.3
S7-Varawade River,16.1522,73.40331,98.346,-4998,4.86393,2083.53198,28.25,28-08-2025 14:50,0,29.5,96736.7031,28.6,164.4
S7-Varawade River,16.15223,73.40333,98.247,-4989,4.8533,2083.53198,28.25,28-08-2025 14:50,0,29.5,96656.0938,28.6,164.4
S7-Varawade River,16.15221,73.403337,98.048,-5051,4.89585,2083.53198,28.25,28-08-2025 14:50,0,29.5,96610.5312,28.6,164.3
S7-Varawade River,16.1522,73.40331,97.915,-5073,4.80809,2083.53198,28.25,28-08-2025 14:51,0,29.5,96617.5391,28.6,164.4
S7-Varawade River,16.15223,73.40333,97.65,-5096,4.86393,2083.53198,28.25,28-08-2025 14:51,0,29.5,96673.6172,28.6,164.4
S7-Varawade River,16.15221,73.403337,97.286,-5141,4.84532,2083.53198,28.25,28-08-2025 14:51,0,29.5,96610.5312,28.6,164.5
S7-Varawade River,16.1522,73.40331,0,0,5.68567,0,28,28-08-2025 14:52,0,29.5,96582.4922,28.6,164.4
S7-Varawade River,16.15223,73.40333,0,-2991,5.69897,0,27.75,28-08-2025 14:52,0,29.5,96512.4062,28.6,164.3
S7-Varawade River,16.15221,73.403337,0,-5569,5.60855,0,27.75,28-08-2025 14:52,0,29.5,96477.3672,28.6,164.4
S7-Varawade River,16.1522,73.40331,0,-5433,5.62716,0,27.75,28-08-2025 14:53,0,29.5,96470.3594,28.6,164.4
S7-Varawade River,16.15223,73.40333,0,-5364,5.5793,0,27.75,28-08-2025 14:53,0,29.6,96256.6328,28.6,164.4
S7-Varawade River,16.15221,73.403337,0,-5329,5.55536,0,27.75,28-08-2025 14:53,0,29.6,96281.1562,28.6,164.3
S7-Varawade River,16.1522,73.40331,0,-5307,5.55004,0,27.75,28-08-2025 14:54,0,29.6,96211.0938,28.6,164.3
S7-Varawade River,16.15223,73.40333,0,-5283,5.4942,0,27.75,28-08-2025 14:54,0,28,27960.8516,27.8,216.2
S7-Varawade River,16.15221,73.403337,0,-5271,5.57398,0,27.75,28-08-2025 14:54,0,27.9,107028.6328,27.8,164.5
S7-Varawade River,16.1522,73.40331,0,-5261,5.48622,0,27.75,28-08-2025 14:55,0,27.9,105361.9609,27.8,164.4
S7-Varawade River,16.15223,73.40333,0,-5255,5.44367,0,27.75,28-08-2025 14:55,0,28,104255.875,27.8,164.3
S7-Varawade River,16.15221,73.403337,0,-5242,5.43037,0,27.75,28-08-2025 14:55,0,28,103592.0938,27.8,164.2
S7-Varawade River,16.1522,73.40331,0,-5241,5.3958,0,27.75,28-08-2025 14:56,0,28.1,102755.9375,27.9,164.3
S7-Varawade River,16.15223,73.40333,0,-5241,5.44367,0,27.75,28-08-2025 14:56,0,28.1,102311.6797,27.9,164.3
S7-Varawade River,16.15221,73.403337,0,-5210,5.38516,0,27.75,28-08-2025 14:56,0,28.2,101645.6562,27.9,164.3
S7-Varawade River,16.1522,73.40331,59.561,-5190,5.33464,612.55444,27.75,28-08-2025 14:57,0,28.2,101159.6406,27.9,164.5
S7-Varawade River,16.15223,73.40333,119.558,-5195,4.85596,2129.66724,27.75,28-08-2025 14:57,0,28.2,100870.9609,27.9,164.5
S7-Varawade River,16.15221,73.403337,119.558,-5198,4.86393,2129.66724,27.75,28-08-2025 14:57,0,28.1,100980.0859,27.9,164.5
S7-Varawade River,16.1522,73.40331,119.558,-5201,4.8533,2129.66724,27.75,28-08-2025 14:58,0,28.3,100508.4688,27.9,164.5
S7-Varawade River,16.15223,73.40333,119.994,-5181,4.85862,2129.66724,27.75,28-08-2025 14:58,0,28.3,100350.1406,27.9,164.5
S7-Varawade River,16.15221,73.403337,120.627,-5178,4.85064,2129.66724,27.75,28-08-2025 14:58,0,28.3,100374.7734,27.9,164.5
S7-Varawade River,16.1522,73.40331,121.34,-5174,4.8533,2129.66724,27.75,28-08-2025 14:59,0,28.3,100582.3672,28,164.6
S7-Varawade River,16.15223,73.40333,121.776,-5162,4.84798,2129.66724,27.75,28-08-2025 14:59,0,28.3,100698.5,28,164.7
S7-Varawade River,16.15221,73.403337,122.092,-5157,4.83468,2129.66724,27.75,28-08-2025 14:59,0,28.3,100779.4453,28,164.6
S7-Varawade River,16.1522,73.40331,122.172,-5160,4.8267,2129.66724,27.75,28-08-2025 15:00,0,28.4,100487.3594,28,164.7
S7-Varawade River,16.15223,73.40333,122.172,-5149,4.84532,2129.66724,27.75,28-08-2025 15:00,0,28.4,100501.4375,28,164.7
S7-Varawade River,16.15221,73.403337,122.172,-5149,4.84532,2129.66724,27.75,28-08-2025 15:00,0,28.4,100529.5859,28,164.7
S7-Varawade River,16.1522,73.40331,122.251,-5149,4.8533,2129.66724,27.75,28-08-2025 15:01,0,28.4,100645.7109,28,164.6
S7-Varawade River,16.15223,73.40333,122.29,-5131,4.8533,2129.66724,27.75,28-08-2025 15:01,0,28.5,100409.9531,28,164.6
S7-Varawade River,16.15221,73.403337,122.568,-5114,4.85862,2129.66724,27.75,28-08-2025 15:01,0,28.5,100459.2109,28,164.7
S7-Varawade River,16.1522,73.40331,122.766,-5137,4.83468,2129.66724,27.75,28-08-2025 15:02,0,28.5,100416.9922,28,164.6
S7-Varawade River,16.15223,73.40333,122.568,-5133,4.84798,2129.66724,27.75,28-08-2025 15:02,0,28.5,100480.3203,28,164.6
S7-Varawade River,16.15221,73.403337,122.29,-5145,4.85596,2129.66724,27.75,28-08-2025 15:02,0,28.5,100592.9219,28,164.7
S7-Varawade River,16.1522,73.40331,122.251,-5176,4.86925,2129.66724,27.75,28-08-2025 15:03,0,28.5,100603.4766,28,164.6
S7-Varawade River,16.15223,73.40333,122.172,-5190,4.85862,2129.66724,27.8125,28-08-2025 15:03,0,28.5,100592.9219,28,164.5
S7-Varawade River,16.15221,73.403337,122.092,-5145,4.84798,2123.80542,27.8125,28-08-2025 15:03,0,28.6,100357.1797,28,164.7
S7-Varawade River,16.1522,73.40331,121.776,-5110,4.83734,2123.80542,27.75,28-08-2025 15:04,0,28.6,100547.1797,28,164.6
S7-Varawade River,16.15223,73.40333,121.34,-5137,4.84798,2129.66724,27.8125,28-08-2025 15:04,0,28.6,100490.875,28,164.6
S7-Varawade River,16.15221,73.403337,121.023,-5130,4.85596,2123.80542,27.8125,28-08-2025 15:04,0,28.6,100395.8828,28,164.5
S7-Varawade River,16.1522,73.40331,121.023,-5110,4.85064,2123.80542,27.8125,28-08-2025 15:05,0,28.6,100272.75,28,164.5
S7-Varawade River,16.15223,73.40333,121.023,-5109,4.78947,2123.80542,27.75,28-08-2025 15:05,0,28.6,100322,28,164.6
S7-Varawade River,16.15221,73.403337,121.023,-5125,4.85596,2129.66724,27.8125,28-08-2025 15:05,0,28.7,100132.0391,28,164.5
S7-Varawade River,16.1522,73.40331,121.023,-5120,4.83734,2123.80542,27.75,28-08-2025 15:06,0,28.7,100209.4297,28,164.5
S7-Varawade River,16.15223,73.40333,121.023,-5096,4.84266,2129.66724,27.8125,28-08-2025 15:06,0,28.7,100251.6406,28,164.5
S7-Varawade River,16.15221,73.403337,121.023,-5090,4.83734,2123.80542,27.8125,28-08-2025 15:06,0,28.7,100272.75,28,164.4
S7-Varawade River,16.1522,73.40331,121.696,-5099,4.86925,2123.80542,27.8125,28-08-2025 15:07,0,28.7,100181.2891,28,164.4
S7-Varawade River,16.15223,73.40333,121.657,-5117,4.83202,2123.80542,27.8125,28-08-2025 15:07,0,28.7,100114.4609,28,164.4
S7-Varawade River,16.15221,73.403337,121.657,-5118,4.86127,2123.80542,27.8125,28-08-2025 15:07,0,28.7,100023.0156,28,164.4
S7-Varawade River,16.1522,73.40331,121.657,-5127,4.85064,2123.80542,27.8125,28-08-2025 15:08,0,28.7,100061.7031,28.1,164.5
S7-Varawade River,16.15223,73.40333,120.984,-5121,4.85596,2123.80542,27.8125,28-08-2025 15:08,0,28.7,100051.1484,28.1,164.5
S7-Varawade River,16.15221,73.403337,120.469,-5113,4.84266,2123.80542,27.8125,28-08-2025 15:08,0,28.7,100139.0781,28.1,164.7
S7-Varawade River,16.1522,73.40331,120.469,-5106,4.85862,2123.80542,27.8125,28-08-2025 15:09,0,28.7,100068.7344,28.1,164.5
S7-Varawade River,16.15223,73.40333,120.469,-5085,4.81607,2123.80542,27.8125,28-08-2025 15:09,0,28.7,100026.5312,28.1,164.5
S7-Varawade River,16.15221,73.403337,120.469,-5081,4.82138,2123.80542,27.8125,28-08-2025 15:09,0,28.8,99692.4766,28.1,164.5
S7-Varawade River,16.1522,73.40331,120.469,-5083,4.86659,2123.80542,27.8125,28-08-2025 15:10,0,28.8,99783.8906,28.1,164.5
S7-Varawade River,16.15223,73.40333,120.904,-5087,4.83468,2123.80542,27.875,28-08-2025 15:10,0,28.8,99857.7266,28.1,164.5
S7-Varawade River,16.15221,73.403337,120.904,-5081,4.83468,2117.97095,27.8125,28-08-2025 15:10,0,28.8,99910.4766,28.1,164.5
S7-Varawade River,16.1522,73.40331,120.904,-5072,4.8533,2123.80542,27.8125,28-08-2025 15:11,0,28.8,99875.3125,28.1,164.5
S7-Varawade River,16.15223,73.40333,120.904,-5075,4.82138,2123.80542,27.875,28-08-2025 15:11,0,28.8,99878.8281,28.1,164.5
S7-Varawade River,16.15221,73.403337,120.904,-5079,4.86659,2117.97095,27.875,28-08-2025 15:11,0,28.8,99762.7891,28.1,164.5
S7-Varawade River,16.1522,73.40331,120.904,-5069,4.84,2117.97095,27.875,28-08-2025 15:12,0,28.8,99713.5703,28.1,164.5
S7-Varawade River,16.15223,73.40333,120.984,-5073,4.78947,2117.97095,27.875,28-08-2025 15:12,0,28.8,99615.1328,28.1,164.5
S7-Varawade River,16.15221,73.403337,121.617,-5080,4.83734,2117.97095,27.875,28-08-2025 15:12,0,28.9,99502.6484,28.1,164.5
S7-Varawade River,16.1522,73.40331,122.37,-5073,4.83734,2117.97095,27.875,28-08-2025 15:13,0,28.9,99467.4922,28.2,164.6
S7-Varawade River,16.15223,73.40333,122.766,-5070,4.86659,2117.97095,27.875,28-08-2025 15:13,0,28.9,99506.1562,28.1,164.3
S7-Varawade River,16.15221,73.403337,122.766,-5075,4.80277,2117.97095,27.875,28-08-2025 15:13,0,28.9,99404.2266,28.1,164.5
S7-Varawade River,16.1522,73.40331,123.201,-5071,4.85862,2117.97095,27.875,28-08-2025 15:14,0,28.9,99358.5391,28.2,164.6
S7-Varawade River,16.15223,73.40333,123.439,-5062,4.86925,2117.97095,27.875,28-08-2025 15:14,0,28.9,99326.9062,28.2,164.5
S7-Varawade River,16.15221,73.403337,123.439,-5057,4.86393,2117.97095,27.875,28-08-2025 15:14,0,28.9,99425.3125,28.2,164.5
S7-Varawade River,16.1522,73.40331,123.399,-5057,4.84266,2117.97095,27.875,28-08-2025 15:15,0,28.9,99569.4297,28.2,164.4
S7-Varawade River,16.15223,73.40333,123.439,-5067,4.83202,2117.97095,27.9375,28-08-2025 15:15,0,28.9,99572.9453,28.2,164.5
S7-Varawade River,16.15221,73.403337,123.439,-5059,4.86925,2112.16382,27.9375,28-08-2025 15:15,0,28.9,99513.1875,28.2,164.4
S7-Varawade River,16.1522,73.40331,123.399,-5043,4.84798,2112.16382,27.9375,28-08-2025 15:16,0,28.9,99439.375,28.2,164.4
S7-Varawade River,16.15223,73.40333,123.399,-5049,4.83734,2112.16382,27.875,28-08-2025 15:16,0,28.9,99449.9141,28.2,164.4
S7-Varawade River,16.15221,73.403337,123.399,-5050,4.8533,2117.97095,27.9375,28-08-2025 15:16,0,28.9,99418.2812,28.2,164.4
S7-Varawade River,16.1522,73.40331,123.28,-5075,4.85862,2112.16382,27.9375,28-08-2025 15:17,0,28.9,99323.3906,28.2,164.4
S7-Varawade River,16.15223,73.40333,123.28,-5078,4.85596,2112.16382,27.9375,28-08-2025 15:17,0,28.9,99196.875,28.2,164.4
S7-Varawade River,16.15221,73.403337,123.399,-5066,4.85862,2112.16382,27.9375,28-08-2025 15:17,0,28.9,99221.4766,28.2,164.4
S7-Varawade River,16.1522,73.40331,123.399,-5055,4.86659,2112.16382,27.9375,28-08-2025 15:18,0,29,98915.7969,28.2,164.4
S7-Varawade River,16.15223,73.40333,123.439,-5051,4.84798,2112.16382,27.9375,28-08-2025 15:18,0,29,98933.3672,28.2,164.3
S7-Varawade River,16.15221,73.403337,123.439,-5063,4.85862,2112.16382,27.9375,28-08-2025 15:18,0,29,98884.1875,28.2,164.3
S7-Varawade River,16.1522,73.40331,123.439,-5074,4.83734,2112.16382,27.9375,28-08-2025 15:19,0,29,98835.0078,28.2,164.3
S7-Varawade River,16.15223,73.40333,123.439,-5085,4.82404,2112.16382,27.9375,28-08-2025 15:19,0,29,98715.5859,28.2,164.3
S7-Varawade River,16.15221,73.403337,123.399,-5078,4.86659,2112.16382,27.9375,28-08-2025 15:19,0,29,98606.7109,28.2,164.2
S7-Varawade River,16.1522,73.40331,123.28,-5060,4.8267,2112.16382,27.9375,28-08-2025 15:20,0,29,98554.0312,28.2,164.2
S7-Varawade River,16.15223,73.40333,123.28,-5045,4.82138,2112.16382,27.9375,28-08-2025 15:20,0,29,98508.3828,28.2,164.2
S7-Varawade River,16.15221,73.403337,123.28,-5033,4.84266,2112.16382,28,28-08-2025 15:20,0,29,98497.8516,28.2,164.2
S7-Varawade River,16.1522,73.40331,103.018,-5034,4.84532,2106.38452,28,28-08-2025 15:21,0,29,98455.7109,28.2,164.2
S7-Varawade River,16.15223,73.40333,102.952,-5039,4.86393,2106.38452,28,28-08-2025 15:21,0,29.1,98252.0781,28.2,164.3
S7-Varawade River,16.15221,73.403337,102.919,-5053,4.84266,2106.38452,28,28-08-2025 15:21,0,29.1,98332.8281,28.2,164.2
S7-Varawade River,16.1522,73.40331,102.687,-5068,4.91978,2106.38452,28,28-08-2025 15:22,0,29.1,98367.9375,28.2,164.2
S7-Varawade River,16.15223,73.40333,102.256,-5070,4.86393,2106.38452,28,28-08-2025 15:22,0,29.1,98403.0469,28.2,164.2
S7-Varawade River,16.15221,73.403337,102.256,-5057,4.83734,2106.38452,28,28-08-2025 15:22,0,29.1,98357.3984,28.2,164.2
S7-Varawade River,16.1522,73.40331,102.256,-5045,4.84798,2106.38452,28,28-08-2025 15:23,0,29.1,98322.2891,28.2,164.2
S7-Varawade River,16.15223,73.40333,102.057,-5040,4.85064,2106.38452,28,28-08-2025 15:23,0,29.1,98255.5938,28.3,164.3
S7-Varawade River,16.15221,73.403337,102.057,-5052,4.87723,2106.38452,28,28-08-2025 15:23,0,29.1,98252.0781,28.2,164
S7-Varawade River,16.1522,73.40331,101.991,-5068,4.83734,2106.38452,28,28-08-2025 15:24,0,29.1,98245.0547,28.3,164.3
S7-Varawade River,16.15223,73.40333,101.958,-5055,4.86925,2106.38452,28,28-08-2025 15:24,0,29.1,98266.1172,28.3,164.3
S7-Varawade River,16.15221,73.403337,101.925,-5043,4.80809,2106.38452,28,28-08-2025 15:24,0,29.1,98276.6562,28.3,164.3
S7-Varawade River,16.1522,73.40331,101.825,-5032,4.85862,2106.38452,28,28-08-2025 15:25,0,29.1,98350.375,28.3,164.3
S7-Varawade River,16.15223,73.40333,101.66,-5030,4.83468,2106.38452,28,28-08-2025 15:25,0,29.1,98297.7188,28.3,164.3
S7-Varawade River,16.15221,73.403337,101.66,-5029,4.87457,2106.38452,28.0625,28-08-2025 15:25,0,29.1,98224,28.3,164.2
S7-Varawade River,16.1522,73.40331,101.825,-5022,4.84798,2100.63135,28,28-08-2025 15:26,0,29.1,98139.7422,28.3,164.2
S7-Varawade River,16.15223,73.40333,101.825,-5026,4.86659,2106.38452,28.0625,28-08-2025 15:26,0,29.1,98108.1562,28.3,164.3
S7-Varawade River,16.15221,73.403337,101.825,-5026,4.83734,2100.63135,28,28-08-2025 15:26,0,29.1,98115.1797,28.3,164.3
S7-Varawade River,16.1522,73.40331,101.66,-5013,4.85596,2106.38452,28.0625,28-08-2025 15:27,0,29.1,98146.7656,28.3,164.3
S7-Varawade River,16.15223,73.40333,101.66,-5009,4.84532,2100.63135,28.0625,28-08-2025 15:27,0,29.2,97869.5,28.4,164.5
S7-Varawade River,16.15221,73.403337,101.66,-5016,4.84,2100.63135,28.0625,28-08-2025 15:27,0,29.2,97837.9219,28.3,164.2
S7-Varawade River,16.1522,73.40331,101.825,-5020,4.85862,2100.63135,28.0625,28-08-2025 15:28,0,29.2,97823.8828,28.4,164.5
S7-Varawade River,16.15223,73.40333,101.66,-5037,4.84798,2100.63135,28.0625,28-08-2025 15:28,0,29.2,97830.8984,28.4,164.5
S7-Varawade River,16.15221,73.403337,101.527,-5047,4.84532,2100.63135,28.0625,28-08-2025 15:28,0,29.2,97915.1172,28.4,164.4
S7-Varawade River,16.1522,73.40331,101.361,-5026,4.85596,2100.63135,28.0625,28-08-2025 15:29,0,29.2,97887.0469,28.4,164.4
S7-Varawade River,16.15223,73.40333,101.361,-5038,4.87191,2100.63135,28.0625,28-08-2025 15:29,0,29.2,97894.0625,28.4,164.3
S7-Varawade River,16.15221,73.403337,101.361,-5054,4.84532,2100.63135,28.0625,28-08-2025 15:29,0,29.2,97813.3594,28.4,164.3
S7-Varawade River,16.1522,73.40331,101.096,-5038,4.84798,2100.63135,28.0625,28-08-2025 15:30,0,29.2,97823.8828,28.4,164.4
S7-Varawade River,16.15223,73.40333,101.096,-5034,4.8533,2100.63135,28.0625,28-08-2025 15:30,0,29.2,97823.8828,28.4,164.3
S7-Varawade River,16.15221,73.403337,100.964,-5038,4.84532,2100.63135,28.0625,28-08-2025 15:30,0,29.2,97760.7188,28.4,164.4
S7-Varawade River,16.1522,73.40331,100.931,-5038,4.82404,2100.63135,28.0625,28-08-2025 15:31,0,29.2,97651.9609,28.4,164.3
S7-Varawade River,16.15223,73.40333,100.931,-5031,4.87191,2100.63135,28.0625,28-08-2025 15:31,0,29.3,97364.3125,28.4,164.3
S7-Varawade River,16.15221,73.403337,100.931,-5018,4.8533,2100.63135,28.125,28-08-2025 15:31,0,29.3,97378.3438,28.4,164.3
S7-Varawade River,16.1522,73.40331,100.964,-5024,4.8533,2094.90503,28.125,28-08-2025 15:32,0,29.3,97364.3125,28.4,164.3
S7-Varawade River,16.15223,73.40333,101.096,-5042,4.8533,2094.90503,28.125,28-08-2025 15:32,0,29.3,97427.4453,28.4,164.3
S7-Varawade River,16.15221,73.403337,100.964,-4982,4.87989,2094.90503,28.125,28-08-2025 15:32,0,29.3,97448.4922,28.4,164.3
S7-Varawade River,16.1522,73.40331,100.964,-4945,4.8533,2094.90503,28.125,28-08-2025 15:33,0,29.3,97455.5078,28.4,164.3
S7-Varawade River,16.15223,73.40333,100.931,-4970,4.83468,2094.90503,28.125,28-08-2025 15:33,0,29.3,97452,28.4,164.2
S7-Varawade River,16.15221,73.403337,100.864,-4993,4.86393,2094.90503,28.125,28-08-2025 15:33,0,29.3,97423.9375,28.4,164.2
S7-Varawade River,16.1522,73.40331,100.931,-5010,4.83734,2094.90503,28.125,28-08-2025 15:34,0,29.3,97385.3516,28.4,164.3
S7-Varawade River,16.15223,73.40333,100.931,-5009,4.86925,2094.90503,28.125,28-08-2025 15:34,0,29.3,97392.3672,28.4,164.2
S7-Varawade River,16.15221,73.403337,100.831,-5007,4.8533,2094.90503,28.125,28-08-2025 15:34,0,29.3,97402.8984,28.4,164.3
S7-Varawade River,16.1522,73.40331,100.831,-4999,4.8533,2094.90503,28.125,28-08-2025 15:35,0,29.3,97378.3438,28.4,164.2
S7-Varawade River,16.15223,73.40333,100.931,-4998,4.8533,2094.90503,28.125,28-08-2025 15:35,0,29.3,97283.6484,28.4,164.2
S7-Varawade River,16.15221,73.403337,100.964,-5010,4.86659,2094.90503,28.125,28-08-2025 15:35,0,29.3,97255.5938,28.4,164.1
S7-Varawade River,16.1522,73.40331,100.931,-5015,4.85596,2094.90503,28.125,28-08-2025 15:36,0,29.3,97283.6484,28.4,164.2
S7-Varawade River,16.15223,73.40333,100.798,-5015,4.83734,2094.90503,28.125,28-08-2025 15:36,0,29.3,97290.6562,28.4,164.1
S7-Varawade River,16.15221,73.403337,100.632,-5014,4.84798,2094.90503,28.125,28-08-2025 15:36,0,29.3,97276.6328,28.5,164.2
S7-Varawade River,16.1522,73.40331,100.632,-5020,4.85596,2094.90503,28.1875,28-08-2025 15:37,0,29.3,97399.3906,28.4,164
S7-Varawade River,16.15223,73.40333,100.632,-5019,4.89053,2089.20557,28.1875,28-08-2025 15:37,0,29.3,97406.4062,28.5,164.2
S7-Varawade River,16.15221,73.403337,100.467,-5017,4.83734,2089.20557,28.1875,28-08-2025 15:37,0,29.3,97413.4219,28.4,164
S7-Varawade River,16.1522,73.40331,100.235,-5017,4.84798,2089.20557,28.1875,28-08-2025 15:38,0,29.3,97269.6172,28.5,164.2
S7-Varawade River,16.15223,73.40333,100.235,-5026,4.86393,2089.20557,28.1875,28-08-2025 15:38,0,29.3,97245.0703,28.5,164.1
S7-Varawade River,16.15221,73.403337,100.235,-5030,4.87989,2089.20557,28.1875,28-08-2025 15:38,0,29.4,96961.0547,28.5,164.2
S7-Varawade River,16.1522,73.40331,100.268,-5014,4.79479,2089.20557,28.1875,28-08-2025 15:39,0,29.4,96915.4844,28.5,164.1
S7-Varawade River,16.15223,73.40333,100.268,-5008,4.84532,2089.20557,28.1875,28-08-2025 15:39,0,29.4,96911.9766,28.5,164.1
S7-Varawade River,16.15221,73.403337,100.268,-5033,4.83202,2089.20557,28.1875,28-08-2025 15:39,0,29.4,97013.6406,28.5,164.1
S7-Varawade River,16.1522,73.40331,100.003,-5056,4.86393,2089.20557,28.1875,28-08-2025 15:40,0,29.4,97115.3203,28.5,164.2
S7-Varawade River,16.15223,73.40333,99.738,-5033,4.85064,2089.20557,28.1875,28-08-2025 15:40,0,29.4,97125.8438,28.5,164.2
S7-Varawade River,16.15221,73.403337,99.572,-5018,4.85064,2089.20557,28.1875,28-08-2025 15:40,0,29.4,97097.7969,28.5,164.1
S7-Varawade River,16.1522,73.40331,99.572,-5034,4.83734,2089.20557,28.25,28-08-2025 15:41,0,29.4,97031.1719,28.5,164.1
S7-Varawade River,16.15223,73.40333,99.572,-5047,4.85064,2083.53198,28.25,28-08-2025 15:41,0,29.4,96999.6172,28.5,164.1
S7-Varawade River,16.15221,73.403337,99.075,-5037,4.83734,2083.53198,28.1875,28-08-2025 15:41,0,29.4,97020.6562,28.5,164.1
S7-Varawade River,16.1522,73.40331,98.611,-5039,4.83468,2089.20557,28.25,28-08-2025 15:42,0,29.4,97006.6328,28.5,164.1
S7-Varawade River,16.15223,73.40333,98.578,-5039,4.86393,2083.53198,28.1875,28-08-2025 15:42,0,29.4,97024.1641,28.5,164.2
S7-Varawade River,16.15221,73.403337,98.478,-5036,4.8533,2089.20557,28.1875,28-08-2025 15:42,0,29.4,96989.1016,28.5,164
S7-Varawade River,16.1522,73.40331,98.445,-5048,4.84266,2089.20557,28.1875,28-08-2025 15:43,0,29.4,96968.0625,28.5,164
S7-Varawade River,16.15223,73.40333,98.445,-5047,4.91712,2089.20557,28.25,28-08-2025 15:43,0,29.4,96947.0312,28.5,164.1
S7-Varawade River,16.15221,73.403337,98.412,-5046,4.87989,2083.53198,28.25,28-08-2025 15:43,0,29.5,96722.6875,28.5,164.1
S7-Varawade River,16.1522,73.40331,98.346,-4998,4.86393,2083.53198,28.25,28-08-2025 15:44,0,29.4,96947.0312,28.5,164
S7-Varawade River,16.15223,73.40333,98.247,-4989,4.8533,2083.53198,28.25,28-08-2025 15:44,0,29.5,96778.7656,28.5,164
S7-Varawade River,16.15221,73.403337,98.048,-5051,4.89585,2083.53198,28.25,28-08-2025 15:44,0,29.5,96796.2891,28.6,164.3
S7-Varawade River,16.1522,73.40331,97.915,-5073,4.80809,2083.53198,28.25,28-08-2025 15:45,0,29.5,96820.8281,28.6,164.4
S7-Varawade River,16.15223,73.40333,97.65,-5096,4.86393,2083.53198,28.25,28-08-2025 15:45,0,29.5,96743.7109,28.6,164.5
S7-Varawade River,16.15221,73.403337,97.286,-5141,4.84532,2083.53198,28.25,28-08-2025 15:45,0,29.5,96687.6328,28.6,164.4
S7-Varawade River,16.1522,73.40331,0,0,5.68567,0,28,28-08-2025 15:46,0,29.5,96691.1406,28.6,164.3
S7-Varawade River,16.15223,73.40333,0,-2991,5.69897,0,27.75,28-08-2025 15:46,0,29.5,96726.1953,28.6,164.3
S7-Varawade River,16.15221,73.403337,0,-5569,5.60855,0,27.75,28-08-2025 15:46,0,29.5,96736.7031,28.6,164.4
S7-Varawade River,16.1522,73.40331,0,-5433,5.62716,0,27.75,28-08-2025 15:47,0,29.5,96656.0938,28.6,164.4
S7-Varawade River,16.15223,73.40333,0,-5364,5.5793,0,27.75,28-08-2025 15:47,0,29.5,96610.5312,28.6,164.3
S7-Varawade River,16.15221,73.403337,0,-5329,5.55536,0,27.75,28-08-2025 15:47,0,29.5,96617.5391,28.6,164.4
S7-Varawade River,16.1522,73.40331,0,-5307,5.55004,0,27.75,28-08-2025 15:48,0,29.5,96673.6172,28.6,164.4
S7-Varawade River,16.15223,73.40333,0,-5283,5.4942,0,27.75,28-08-2025 15:48,0,29.5,96610.5312,28.6,164.5
S7-Varawade River,16.15221,73.403337,0,-5271,5.57398,0,27.75,28-08-2025 15:48,0,29.5,96582.4922,28.6,164.4
S7-Varawade River,16.1522,73.40331,0,-5261,5.48622,0,27.75,28-08-2025 15:49,0,29.5,96512.4062,28.6,164.3
S7-Varawade River,16.15223,73.40333,0,-5255,5.44367,0,27.75,28-08-2025 15:49,0,29.5,96477.3672,28.6,164.4
S7-Varawade River,16.15221,73.403337,0,-5242,5.43037,0,27.75,28-08-2025 15:49,0,29.5,96470.3594,28.6,164.4
S7-Varawade River,16.1522,73.40331,0,-5241,5.3958,0,27.75,28-08-2025 15:50,0,29.6,96256.6328,28.6,164.4
S7-Varawade River,16.15223,73.40333,0,-5241,5.44367,0,27.75,28-08-2025 15:50,0,29.6,96281.1562,28.6,164.3
S7-Varawade River,16.15221,73.403337,0,-5210,5.38516,0,27.75,28-08-2025 15:50,0,29.6,96211.0938,28.6,164.3
S7-Varawade River,16.1522,73.40331,59.561,-5190,5.33464,612.55444,27.75,28-08-2025 15:51,0,28,27960.8516,27.8,216.2
S7-Varawade River,16.15223,73.40333,119.558,-5195,4.85596,2129.66724,27.75,28-08-2025 15:51,0,27.9,107028.6328,27.8,164.5
S7-Varawade River,16.15221,73.403337,119.558,-5198,4.86393,2129.66724,27.75,28-08-2025 15:51,0,27.9,105361.9609,27.8,164.4
S7-Varawade River,16.1522,73.40331,119.558,-5201,4.8533,2129.66724,27.75,28-08-2025 15:52,0,28,104255.875,27.8,164.3
S7-Varawade River,16.15223,73.40333,119.994,-5181,4.85862,2129.66724,27.75,28-08-2025 15:52,0,28,103592.0938,27.8,164.2
S7-Varawade River,16.15221,73.403337,120.627,-5178,4.85064,2129.66724,27.75,28-08-2025 15:52,0,28.1,102755.9375,27.9,164.3
S7-Varawade River,16.1522,73.40331,121.34,-5174,4.8533,2129.66724,27.75,28-08-2025 15:53,0,28.1,102311.6797,27.9,164.3
S7-Varawade River,16.15223,73.40333,121.776,-5162,4.84798,2129.66724,27.75,28-08-2025 15:53,0,28.2,101645.6562,27.9,164.3
S7-Varawade River,16.15221,73.403337,122.092,-5157,4.83468,2129.66724,27.75,28-08-2025 15:53,0,28.2,101159.6406,27.9,164.5
S7-Varawade River,16.1522,73.40331,122.172,-5160,4.8267,2129.66724,27.75,28-08-2025 15:54,0,28.2,100870.9609,27.9,164.5
S7-Varawade River,16.15223,73.40333,122.172,-5149,4.84532,2129.66724,27.75,28-08-2025 15:54,0,28.1,100980.0859,27.9,164.5
S7-Varawade River,16.15221,73.403337,122.172,-5149,4.84532,2129.66724,27.75,28-08-2025 15:54,0,28.3,100508.4688,27.9,164.5
S7-Varawade River,16.1522,73.40331,122.251,-5149,4.8533,2129.66724,27.75,28-08-2025 15:55,0,28.3,100350.1406,27.9,164.5
S7-Varawade River,16.15223,73.40333,122.29,-5131,4.8533,2129.66724,27.75,28-08-2025 15:55,0,28.3,100374.7734,27.9,164.5
S7-Varawade River,16.15221,73.403337,122.568,-5114,4.85862,2129.66724,27.75,28-08-2025 15:55,0,28.3,100582.3672,28,164.6
S7-Varawade River,16.1522,73.40331,122.766,-5137,4.83468,2129.66724,27.75,28-08-2025 15:56,0,28.3,100698.5,28,164.7
S7-Varawade River,16.15223,73.40333,122.568,-5133,4.84798,2129.66724,27.75,28-08-2025 15:56,0,28.3,100779.4453,28,164.6
S7-Varawade River,16.15221,73.403337,122.29,-5145,4.85596,2129.66724,27.75,28-08-2025 15:56,0,28.4,100487.3594,28,164.7
S7-Varawade River,16.1522,73.40331,122.251,-5176,4.86925,2129.66724,27.75,28-08-2025 15:57,0,28.4,100501.4375,28,164.7
S7-Varawade River,16.15223,73.40333,122.172,-5190,4.85862,2129.66724,27.8125,28-08-2025 15:57,0,28.4,100529.5859,28,164.7
S7-Varawade River,16.15221,73.403337,122.092,-5145,4.84798,2123.80542,27.8125,28-08-2025 15:57,0,28.4,100645.7109,28,164.6
S7-Varawade River,16.1522,73.40331,121.776,-5110,4.83734,2123.80542,27.75,28-08-2025 15:58,0,28.5,100409.9531,28,164.6
S7-Varawade River,16.15223,73.40333,121.34,-5137,4.84798,2129.66724,27.8125,28-08-2025 15:58,0,28.5,100459.2109,28,164.7
S7-Varawade River,16.15221,73.403337,121.023,-5130,4.85596,2123.80542,27.8125,28-08-2025 15:58,0,28.5,100416.9922,28,164.6
S7-Varawade River,16.1522,73.40331,121.023,-5110,4.85064,2123.80542,27.8125,28-08-2025 15:59,0,28.5,100480.3203,28,164.6
S7-Varawade River,16.15223,73.40333,121.023,-5109,4.78947,2123.80542,27.75,28-08-2025 15:59,0,28.5,100592.9219,28,164.7
S7-Varawade River,16.15221,73.403337,121.023,-5125,4.85596,2129.66724,27.8125,28-08-2025 15:59,0,28.5,100603.4766,28,164.6
S7-Varawade River,16.1522,73.40331,121.023,-5120,4.83734,2123.80542,27.75,28-08-2025 16:00,0,28.5,100592.9219,28,164.5
S7-Varawade River,16.15223,73.40333,121.023,-5096,4.84266,2129.66724,27.8125,28-08-2025 16:00,0,28.6,100357.1797,28,164.7
S7-Varawade River,16.15221,73.403337,121.023,-5090,4.83734,2123.80542,27.8125,28-08-2025 16:00,0,28.6,100547.1797,28,164.6
S7-Varawade River,16.1522,73.40331,121.696,-5099,4.86925,2123.80542,27.8125,28-08-2025 16:01,0,28.6,100490.875,28,164.6
S7-Varawade River,16.15223,73.40333,121.657,-5117,4.83202,2123.80542,27.8125,28-08-2025 16:01,0,28.6,100395.8828,28,164.5
S7-Varawade River,16.15221,73.403337,121.657,-5118,4.86127,2123.80542,27.8125,28-08-2025 16:01,0,28.6,100272.75,28,164.5
S7-Varawade River,16.1522,73.40331,121.657,-5127,4.85064,2123.80542,27.8125,28-08-2025 16:02,0,28.6,100322,28,164.6
S7-Varawade River,16.15223,73.40333,120.984,-5121,4.85596,2123.80542,27.8125,28-08-2025 16:02,0,28.7,100132.0391,28,164.5
S7-Varawade River,16.15221,73.403337,120.469,-5113,4.84266,2123.80542,27.8125,28-08-2025 16:02,0,28.7,100209.4297,28,164.5
S7-Varawade River,16.1522,73.40331,120.469,-5106,4.85862,2123.80542,27.8125,28-08-2025 16:03,0,28.7,100251.6406,28,164.5
S7-Varawade River,16.15223,73.40333,120.469,-5085,4.81607,2123.80542,27.8125,28-08-2025 16:03,0,28.7,100272.75,28,164.4
S7-Varawade River,16.15221,73.403337,120.469,-5081,4.82138,2123.80542,27.8125,28-08-2025 16:03,0,28.7,100181.2891,28,164.4
S7-Varawade River,16.1522,73.40331,120.469,-5083,4.86659,2123.80542,27.8125,28-08-2025 16:04,0,28.7,100114.4609,28,164.4
S7-Varawade River,16.15223,73.40333,120.904,-5087,4.83468,2123.80542,27.875,28-08-2025 16:04,0,28.7,100023.0156,28,164.4
S7-Varawade River,16.15221,73.403337,120.904,-5081,4.83468,2117.97095,27.8125,28-08-2025 16:04,0,28.7,100061.7031,28.1,164.5
S7-Varawade River,16.1522,73.40331,120.904,-5072,4.8533,2123.80542,27.8125,28-08-2025 16:05,0,28.7,100051.1484,28.1,164.5
S7-Varawade River,16.15223,73.40333,120.904,-5075,4.82138,2123.80542,27.875,28-08-2025 16:05,0,28.7,100139.0781,28.1,164.7
S7-Varawade River,16.15221,73.403337,120.904,-5079,4.86659,2117.97095,27.875,28-08-2025 16:05,0,28.7,100068.7344,28.1,164.5
S7-Varawade River,16.1522,73.40331,120.904,-5069,4.84,2117.97095,27.875,28-08-2025 16:06,0,28.7,100026.5312,28.1,164.5
S7-Varawade River,16.15223,73.40333,120.984,-5073,4.78947,2117.97095,27.875,28-08-2025 16:06,0,28.8,99692.4766,28.1,164.5
S7-Varawade River,16.15221,73.403337,121.617,-5080,4.83734,2117.97095,27.875,28-08-2025 16:06,0,28.8,99783.8906,28.1,164.5
S7-Varawade River,16.1522,73.40331,122.37,-5073,4.83734,2117.97095,27.875,28-08-2025 16:07,0,28.8,99857.7266,28.1,164.5
S7-Varawade River,16.15223,73.40333,122.766,-5070,4.86659,2117.97095,27.875,28-08-2025 16:07,0,28.8,99910.4766,28.1,164.5
S7-Varawade River,16.15221,73.403337,122.766,-5075,4.80277,2117.97095,27.875,28-08-2025 16:07,0,28.8,99875.3125,28.1,164.5
S7-Varawade River,16.1522,73.40331,123.201,-5071,4.85862,2117.97095,27.875,28-08-2025 16:08,0,28.8,99878.8281,28.1,164.5
S7-Varawade River,16.15223,73.40333,123.439,-5062,4.86925,2117.97095,27.875,28-08-2025 16:08,0,28.8,99762.7891,28.1,164.5
S7-Varawade River,16.15221,73.403337,123.439,-5057,4.86393,2117.97095,27.875,28-08-2025 16:08,0,28.8,99713.5703,28.1,164.5
S7-Varawade River,16.1522,73.40331,123.399,-5057,4.84266,2117.97095,27.875,28-08-2025 16:09,0,28.8,99615.1328,28.1,164.5
S7-Varawade River,16.15223,73.40333,123.439,-5067,4.83202,2117.97095,27.9375,28-08-2025 16:09,0,28.9,99502.6484,28.1,164.5
S7-Varawade River,16.15221,73.403337,123.439,-5059,4.86925,2112.16382,27.9375,28-08-2025 16:09,0,28.9,99467.4922,28.2,164.6
S7-Varawade River,16.1522,73.40331,123.399,-5043,4.84798,2112.16382,27.9375,28-08-2025 16:10,0,28.9,99506.1562,28.1,164.3
S7-Varawade River,16.15223,73.40333,123.399,-5049,4.83734,2112.16382,27.875,28-08-2025 16:10,0,28.9,99404.2266,28.1,164.5
S7-Varawade River,16.15221,73.403337,123.399,-5050,4.8533,2117.97095,27.9375,28-08-2025 16:10,0,28.9,99358.5391,28.2,164.6
S7-Varawade River,16.1522,73.40331,123.28,-5075,4.85862,2112.16382,27.9375,28-08-2025 16:11,0,28.9,99326.9062,28.2,164.5
S7-Varawade River,16.15223,73.40333,123.28,-5078,4.85596,2112.16382,27.9375,28-08-2025 16:11,0,28.9,99425.3125,28.2,164.5
S7-Varawade River,16.15221,73.403337,123.399,-5066,4.85862,2112.16382,27.9375,28-08-2025 16:11,0,28.9,99569.4297,28.2,164.4
S7-Varawade River,16.1522,73.40331,123.399,-5055,4.86659,2112.16382,27.9375,28-08-2025 16:12,0,28.9,99572.9453,28.2,164.5
S7-Varawade River,16.15223,73.40333,123.439,-5051,4.84798,2112.16382,27.9375,28-08-2025 16:12,0,28.9,99513.1875,28.2,164.4
S7-Varawade River,16.15221,73.403337,123.439,-5063,4.85862,2112.16382,27.9375,28-08-2025 16:12,0,28.9,99439.375,28.2,164.4
S7-Varawade River,16.1522,73.40331,123.439,-5074,4.83734,2112.16382,27.9375,28-08-2025 16:13,0,28.9,99449.9141,28.2,164.4
S7-Varawade River,16.15223,73.40333,123.439,-5085,4.82404,2112.16382,27.9375,28-08-2025 16:13,0,28.9,99418.2812,28.2,164.4
S7-Varawade River,16.15221,73.403337,123.399,-5078,4.86659,2112.16382,27.9375,28-08-2025 16:13,0,28.9,99323.3906,28.2,164.4
S7-Varawade River,16.1522,73.40331,123.28,-5060,4.8267,2112.16382,27.9375,28-08-2025 16:14,0,28.9,99196.875,28.2,164.4
S7-Varawade River,16.15223,73.40333,123.28,-5045,4.82138,2112.16382,27.9375,28-08-2025 16:14,0,28.9,99221.4766,28.2,164.4
S7-Varawade River,16.15221,73.403337,123.28,-5033,4.84266,2112.16382,28,28-08-2025 16:14,0,29,98915.7969,28.2,164.4
S7-Varawade River,16.1522,73.40331,103.018,-5034,4.84532,2106.38452,28,28-08-2025 16:15,0,29,98933.3672,28.2,164.3
S7-Varawade River,16.15223,73.40333,102.952,-5039,4.86393,2106.38452,28,28-08-2025 16:15,0,29,98884.1875,28.2,164.3
S7-Varawade River,16.15221,73.403337,102.919,-5053,4.84266,2106.38452,28,28-08-2025 16:15,0,29,98835.0078,28.2,164.3
S7-Varawade River,16.1522,73.40331,102.687,-5068,4.91978,2106.38452,28,28-08-2025 16:16,0,29,98715.5859,28.2,164.3
S7-Varawade River,16.15223,73.40333,102.256,-5070,4.86393,2106.38452,28,28-08-2025 16:16,0,29,98606.7109,28.2,164.2
S7-Varawade River,16.15221,73.403337,102.256,-5057,4.83734,2106.38452,28,28-08-2025 16:16,0,29,98554.0312,28.2,164.2
S7-Varawade River,16.1522,73.40331,102.256,-5045,4.84798,2106.38452,28,28-08-2025 16:17,0,29,98508.3828,28.2,164.2
S7-Varawade River,16.15223,73.40333,102.057,-5040,4.85064,2106.38452,28,28-08-2025 16:17,0,29,98497.8516,28.2,164.2
S7-Varawade River,16.15221,73.403337,102.057,-5052,4.87723,2106.38452,28,28-08-2025 16:17,0,29,98455.7109,28.2,164.2
S7-Varawade River,16.1522,73.40331,101.991,-5068,4.83734,2106.38452,28,28-08-2025 16:18,0,29.1,98252.0781,28.2,164.3
S7-Varawade River,16.15223,73.40333,101.958,-5055,4.86925,2106.38452,28,28-08-2025 16:18,0,29.1,98332.8281,28.2,164.2
S7-Varawade River,16.15221,73.403337,101.925,-5043,4.80809,2106.38452,28,28-08-2025 16:18,0,29.1,98367.9375,28.2,164.2
S7-Varawade River,16.1522,73.40331,101.825,-5032,4.85862,2106.38452,28,28-08-2025 16:19,0,29.1,98403.0469,28.2,164.2
S7-Varawade River,16.15223,73.40333,101.66,-5030,4.83468,2106.38452,28,28-08-2025 16:19,0,29.1,98357.3984,28.2,164.2
S7-Varawade River,16.15221,73.403337,101.66,-5029,4.87457,2106.38452,28.0625,28-08-2025 16:19,0,29.1,98322.2891,28.2,164.2
S7-Varawade River,16.1522,73.40331,101.825,-5022,4.84798,2100.63135,28,28-08-2025 16:20,0,29.1,98255.5938,28.3,164.3
S7-Varawade River,16.15223,73.40333,101.825,-5026,4.86659,2106.38452,28.0625,28-08-2025 16:20,0,29.1,98252.0781,28.2,164
S7-Varawade River,16.15221,73.403337,101.825,-5026,4.83734,2100.63135,28,28-08-2025 16:20,0,29.1,98245.0547,28.3,164.3
S7-Varawade River,16.1522,73.40331,101.66,-5013,4.85596,2106.38452,28.0625,28-08-2025 16:21,0,29.1,98266.1172,28.3,164.3
S7-Varawade River,16.15223,73.40333,101.66,-5009,4.84532,2100.63135,28.0625,28-08-2025 16:21,0,29.1,98276.6562,28.3,164.3
S7-Varawade River,16.15221,73.403337,101.66,-5016,4.84,2100.63135,28.0625,28-08-2025 16:21,0,29.1,98350.375,28.3,164.3
S7-Varawade River,16.1522,73.40331,101.825,-5020,4.85862,2100.63135,28.0625,28-08-2025 16:22,0,29.1,98297.7188,28.3,164.3
S7-Varawade River,16.15223,73.40333,101.66,-5037,4.84798,2100.63135,28.0625,28-08-2025 16:22,0,29.1,98224,28.3,164.2
S7-Varawade River,16.15221,73.403337,101.527,-5047,4.84532,2100.63135,28.0625,28-08-2025 16:22,0,29.1,98139.7422,28.3,164.2
S7-Varawade River,16.1522,73.40331,101.361,-5026,4.85596,2100.63135,28.0625,28-08-2025 16:23,0,29.1,98108.1562,28.3,164.3
S7-Varawade River,16.15223,73.40333,101.361,-5038,4.87191,2100.63135,28.0625,28-08-2025 16:23,0,29.1,98115.1797,28.3,164.3
S7-Varawade River,16.15221,73.403337,101.361,-5054,4.84532,2100.63135,28.0625,28-08-2025 16:23,0,29.1,98146.7656,28.3,164.3
S7-Varawade River,16.1522,73.40331,101.096,-5038,4.84798,2100.63135,28.0625,28-08-2025 16:24,0,29.2,97869.5,28.4,164.5
S7-Varawade River,16.15223,73.40333,101.096,-5034,4.8533,2100.63135,28.0625,28-08-2025 16:24,0,29.2,97837.9219,28.3,164.2
S7-Varawade River,16.15221,73.403337,100.964,-5038,4.84532,2100.63135,28.0625,28-08-2025 16:24,0,29.2,97823.8828,28.4,164.5
S7-Varawade River,16.1522,73.40331,100.931,-5038,4.82404,2100.63135,28.0625,28-08-2025 16:25,0,29.2,97830.8984,28.4,164.5
S7-Varawade River,16.15223,73.40333,100.931,-5031,4.87191,2100.63135,28.0625,28-08-2025 16:25,0,29.2,97915.1172,28.4,164.4
S7-Varawade River,16.15221,73.403337,100.931,-5018,4.8533,2100.63135,28.125,28-08-2025 16:25,0,29.2,97887.0469,28.4,164.4
S7-Varawade River,16.1522,73.40331,100.964,-5024,4.8533,2094.90503,28.125,28-08-2025 16:26,0,29.2,97894.0625,28.4,164.3
S7-Varawade River,16.15223,73.40333,101.096,-5042,4.8533,2094.90503,28.125,28-08-2025 16:26,0,29.2,97813.3594,28.4,164.3
S7-Varawade River,16.15221,73.403337,100.964,-4982,4.87989,2094.90503,28.125,28-08-2025 16:26,0,29.2,97823.8828,28.4,164.4
S7-Varawade River,16.1522,73.40331,100.964,-4945,4.8533,2094.90503,28.125,28-08-2025 16:27,0,29.2,97823.8828,28.4,164.3
S7-Varawade River,16.15223,73.40333,100.931,-4970,4.83468,2094.90503,28.125,28-08-2025 16:27,0,29.2,97760.7188,28.4,164.4
S7-Varawade River,16.15221,73.403337,100.864,-4993,4.86393,2094.90503,28.125,28-08-2025 16:27,0,29.2,97651.9609,28.4,164.3
S7-Varawade River,16.1522,73.40331,100.931,-5010,4.83734,2094.90503,28.125,28-08-2025 16:28,0,29.3,97364.3125,28.4,164.3
S7-Varawade River,16.15223,73.40333,100.931,-5009,4.86925,2094.90503,28.125,28-08-2025 16:28,0,29.3,97378.3438,28.4,164.3
S7-Varawade River,16.15221,73.403337,100.831,-5007,4.8533,2094.90503,28.125,28-08-2025 16:28,0,29.3,97364.3125,28.4,164.3
S7-Varawade River,16.1522,73.40331,100.831,-4999,4.8533,2094.90503,28.125,28-08-2025 16:29,0,29.3,97427.4453,28.4,164.3
S7-Varawade River,16.15223,73.40333,100.931,-4998,4.8533,2094.90503,28.125,28-08-2025 16:29,0,29.3,97448.4922,28.4,164.3
S7-Varawade River,16.15221,73.403337,100.964,-5010,4.86659,2094.90503,28.125,28-08-2025 16:29,0,29.3,97455.5078,28.4,164.3
S7-Varawade River,16.1522,73.40331,100.931,-5015,4.85596,2094.90503,28.125,28-08-2025 16:30,0,29.3,97452,28.4,164.2
S7-Varawade River,16.15223,73.40333,100.798,-5015,4.83734,2094.90503,28.125,28-08-2025 16:30,0,29.3,97423.9375,28.4,164.2
S7-Varawade River,16.15221,73.403337,100.632,-5014,4.84798,2094.90503,28.125,28-08-2025 16:30,0,29.3,97385.3516,28.4,164.3
S7-Varawade River,16.1522,73.40331,100.632,-5020,4.85596,2094.90503,28.1875,28-08-2025 16:31,0,29.3,97392.3672,28.4,164.2
S7-Varawade River,16.15223,73.40333,100.632,-5019,4.89053,2089.20557,28.1875,28-08-2025 16:31,0,29.3,97402.8984,28.4,164.3
S7-Varawade River,16.15221,73.403337,100.467,-5017,4.83734,2089.20557,28.1875,28-08-2025 16:31,0,29.3,97378.3438,28.4,164.2
S7-Varawade River,16.1522,73.40331,100.235,-5017,4.84798,2089.20557,28.1875,28-08-2025 16:32,0,29.3,97283.6484,28.4,164.2
S7-Varawade River,16.15223,73.40333,100.235,-5026,4.86393,2089.20557,28.1875,28-08-2025 16:32,0,29.3,97255.5938,28.4,164.1
S7-Varawade River,16.15221,73.403337,100.235,-5030,4.87989,2089.20557,28.1875,28-08-2025 16:32,0,29.3,97283.6484,28.4,164.2
S7-Varawade River,16.1522,73.40331,100.268,-5014,4.79479,2089.20557,28.1875,28-08-2025 16:33,0,29.3,97290.6562,28.4,164.1
S7-Varawade River,16.15223,73.40333,100.268,-5008,4.84532,2089.20557,28.1875,28-08-2025 16:33,0,29.3,97276.6328,28.5,164.2
S7-Varawade River,16.15221,73.403337,100.268,-5033,4.83202,2089.20557,28.1875,28-08-2025 16:33,0,29.3,97399.3906,28.4,164
S7-Varawade River,16.1522,73.40331,100.003,-5056,4.86393,2089.20557,28.1875,28-08-2025 16:34,0,29.3,97406.4062,28.5,164.2
S7-Varawade River,16.15223,73.40333,99.738,-5033,4.85064,2089.20557,28.1875,28-08-2025 16:34,0,29.3,97413.4219,28.4,164
S7-Varawade River,16.15221,73.403337,99.572,-5018,4.85064,2089.20557,28.1875,28-08-2025 16:34,0,29.3,97269.6172,28.5,164.2
S7-Varawade River,16.1522,73.40331,99.572,-5034,4.83734,2089.20557,28.25,28-08-2025 16:35,0,29.3,97245.0703,28.5,164.1
S7-Varawade River,16.15223,73.40333,99.572,-5047,4.85064,2083.53198,28.25,28-08-2025 16:35,0,29.4,96961.0547,28.5,164.2
S7-Varawade River,16.15221,73.403337,99.075,-5037,4.83734,2083.53198,28.1875,28-08-2025 16:35,0,29.4,96915.4844,28.5,164.1
S7-Varawade River,16.1522,73.40331,98.611,-5039,4.83468,2089.20557,28.25,28-08-2025 16:36,0,29.4,96911.9766,28.5,164.1
S7-Varawade River,16.15223,73.40333,98.578,-5039,4.86393,2083.53198,28.1875,28-08-2025 16:36,0,29.4,97013.6406,28.5,164.1
S7-Varawade River,16.15221,73.403337,98.478,-5036,4.8533,2089.20557,28.1875,28-08-2025 16:36,0,29.4,97115.3203,28.5,164.2
S7-Varawade River,16.1522,73.40331,98.445,-5048,4.84266,2089.20557,28.1875,28-08-2025 16:37,0,29.4,97125.8438,28.5,164.2
S7-Varawade River,16.15223,73.40333,98.445,-5047,4.91712,2089.20557,28.25,28-08-2025 16:37,0,29.4,97097.7969,28.5,164.1
S7-Varawade River,16.15221,73.403337,98.412,-5046,4.87989,2083.53198,28.25,28-08-2025 16:37,0,29.4,97031.1719,28.5,164.1
S7-Varawade River,16.1522,73.40331,98.346,-4998,4.86393,2083.53198,28.25,28-08-2025 16:38,0,29.4,96999.6172,28.5,164.1
S7-Varawade River,16.15223,73.40333,98.247,-4989,4.8533,2083.53198,28.25,28-08-2025 16:38,0,29.4,97020.6562,28.5,164.1
S7-Varawade River,16.15221,73.403337,98.048,-5051,4.89585,2083.53198,28.25,28-08-2025 16:38,0,29.4,97006.6328,28.5,164.1
S7-Varawade River,16.1522,73.40331,97.915,-5073,4.80809,2083.53198,28.25,28-08-2025 16:39,0,29.4,97024.1641,28.5,164.2
S7-Varawade River,16.15223,73.40333,97.65,-5096,4.86393,2083.53198,28.25,28-08-2025 16:39,0,29.4,96989.1016,28.5,164
S7-Varawade River,16.15221,73.403337,97.286,-5141,4.84532,2083.53198,28.25,28-08-2025 16:39,0,29.4,96968.0625,28.5,164
S7-Varawade River,16.1522,73.40331,0,0,5.68567,0,28,28-08-2025 16:40,0,29.4,96947.0312,28.5,164.1
S7-Varawade River,16.15223,73.40333,0,-2991,5.69897,0,27.75,28-08-2025 16:40,0,29.5,96722.6875,28.5,164.1
S7-Varawade River,16.15221,73.403337,0,-5569,5.60855,0,27.75,28-08-2025 16:40,0,29.4,96947.0312,28.5,164
S7-Varawade River,16.1522,73.40331,0,-5433,5.62716,0,27.75,28-08-2025 16:41,0,29.5,96778.7656,28.5,164
S7-Varawade River,16.15223,73.40333,0,-5364,5.5793,0,27.75,28-08-2025 16:41,0,29.5,96796.2891,28.6,164.3
S7-Varawade River,16.15221,73.403337,0,-5329,5.55536,0,27.75,28-08-2025 16:41,0,29.5,96820.8281,28.6,164.4
S7-Varawade River,16.1522,73.40331,0,-5307,5.55004,0,27.75,28-08-2025 16:42,0,29.5,96743.7109,28.6,164.5
S7-Varawade River,16.15223,73.40333,0,-5283,5.4942,0,27.75,28-08-2025 16:42,0,29.5,96687.6328,28.6,164.4
S7-Varawade River,16.15221,73.403337,0,-5271,5.57398,0,27.75,28-08-2025 16:42,0,29.5,96691.1406,28.6,164.3
S7-Varawade River,16.1522,73.40331,0,-5261,5.48622,0,27.75,28-08-2025 16:43,0,29.5,96726.1953,28.6,164.3
S7-Varawade River,16.15223,73.40333,0,-5255,5.44367,0,27.75,28-08-2025 16:43,0,29.5,96736.7031,28.6,164.4
S7-Varawade River,16.15221,73.403337,0,-5242,5.43037,0,27.75,28-08-2025 16:43,0,29.5,96656.0938,28.6,164.4
S7-Varawade River,16.1522,73.40331,0,-5241,5.3958,0,27.75,28-08-2025 16:44,0,29.5,96610.5312,28.6,164.3
S7-Varawade River,16.15223,73.40333,0,-5241,5.44367,0,27.75,28-08-2025 16:44,0,29.5,96617.5391,28.6,164.4
S7-Varawade River,16.15221,73.403337,0,-5210,5.38516,0,27.75,28-08-2025 16:44,0,29.5,96673.6172,28.6,164.4
S7-Varawade River,16.1522,73.40331,59.561,-5190,5.33464,612.55444,27.75,28-08-2025 16:45,0,29.5,96610.5312,28.6,164.5
S7-Varawade River,16.15223,73.40333,119.558,-5195,4.85596,2129.66724,27.75,28-08-2025 16:45,0,29.5,96582.4922,28.6,164.4
S7-Varawade River,16.15221,73.403337,119.558,-5198,4.86393,2129.66724,27.75,28-08-2025 16:45,0,29.5,96512.4062,28.6,164.3
S7-Varawade River,16.1522,73.40331,119.558,-5201,4.8533,2129.66724,27.75,28-08-2025 16:46,0,29.5,96477.3672,28.6,164.4
S7-Varawade River,16.15223,73.40333,119.994,-5181,4.85862,2129.66724,27.75,28-08-2025 16:46,0,29.5,96470.3594,28.6,164.4
S7-Varawade River,16.15221,73.403337,120.627,-5178,4.85064,2129.66724,27.75,28-08-2025 16:46,0,29.6,96256.6328,28.6,164.4
S7-Varawade River,16.1522,73.40331,121.34,-5174,4.8533,2129.66724,27.75,28-08-2025 16:47,0,29.6,96281.1562,28.6,164.3
S7-Varawade River,16.15223,73.40333,121.776,-5162,4.84798,2129.66724,27.75,28-08-2025 16:47,0,29.6,96211.0938,28.6,164.3
S7-Varawade River,16.15221,73.403337,122.092,-5157,4.83468,2129.66724,27.75,28-08-2025 16:47,0,28,27960.8516,27.8,216.2
S7-Varawade River,16.1522,73.40331,122.172,-5160,4.8267,2129.66724,27.75,28-08-2025 16:48,0,27.9,107028.6328,27.8,164.5
S7-Varawade River,16.15223,73.40333,122.172,-5149,4.84532,2129.66724,27.75,28-08-2025 16:48,0,27.9,105361.9609,27.8,164.4
S7-Varawade River,16.15221,73.403337,122.172,-5149,4.84532,2129.66724,27.75,28-08-2025 16:48,0,28,104255.875,27.8,164.3
S7-Varawade River,16.1522,73.40331,122.251,-5149,4.8533,2129.66724,27.75,28-08-2025 16:49,0,28,103592.0938,27.8,164.2
S7-Varawade River,16.15223,73.40333,122.29,-5131,4.8533,2129.66724,27.75,28-08-2025 16:49,0,28.1,102755.9375,27.9,164.3
S7-Varawade River,16.15221,73.403337,122.568,-5114,4.85862,2129.66724,27.75,28-08-2025 16:49,0,28.1,102311.6797,27.9,164.3
S7-Varawade River,16.1522,73.40331,122.766,-5137,4.83468,2129.66724,27.75,28-08-2025 16:50,0,28.2,101645.6562,27.9,164.3
S7-Varawade River,16.15223,73.40333,122.568,-5133,4.84798,2129.66724,27.75,28-08-2025 16:50,0,28.2,101159.6406,27.9,164.5
S7-Varawade River,16.15221,73.403337,122.29,-5145,4.85596,2129.66724,27.75,28-08-2025 16:50,0,28.2,100870.9609,27.9,164.5
S7-Varawade River,16.1522,73.40331,122.251,-5176,4.86925,2129.66724,27.75,28-08-2025 16:51,0,28.1,100980.0859,27.9,164.5
S7-Varawade River,16.15223,73.40333,122.172,-5190,4.85862,2129.66724,27.8125,28-08-2025 16:51,0,28.3,100508.4688,27.9,164.5
S7-Varawade River,16.15221,73.403337,122.092,-5145,4.84798,2123.80542,27.8125,28-08-2025 16:51,0,28.3,100350.1406,27.9,164.5
S7-Varawade River,16.1522,73.40331,121.776,-5110,4.83734,2123.80542,27.75,28-08-2025 16:52,0,28.3,100374.7734,27.9,164.5
S7-Varawade River,16.15223,73.40333,121.34,-5137,4.84798,2129.66724,27.8125,28-08-2025 16:52,0,28.3,100582.3672,28,164.6
S7-Varawade River,16.15221,73.403337,121.023,-5130,4.85596,2123.80542,27.8125,28-08-2025 16:52,0,28.3,100698.5,28,164.7
S7-Varawade River,16.1522,73.40331,121.023,-5110,4.85064,2123.80542,27.8125,28-08-2025 16:53,0,28.3,100779.4453,28,164.6
S7-Varawade River,16.15223,73.40333,121.023,-5109,4.78947,2123.80542,27.75,28-08-2025 16:53,0,28.4,100487.3594,28,164.7
S7-Varawade River,16.15221,73.403337,121.023,-5125,4.85596,2129.66724,27.8125,28-08-2025 16:53,0,28.4,100501.4375,28,164.7
S7-Varawade River,16.1522,73.40331,121.023,-5120,4.83734,2123.80542,27.75,28-08-2025 16:54,0,28.4,100529.5859,28,164.7
S7-Varawade River,16.15223,73.40333,121.023,-5096,4.84266,2129.66724,27.8125,28-08-2025 16:54,0,28.4,100645.7109,28,164.6
S7-Varawade River,16.15221,73.403337,121.023,-5090,4.83734,2123.80542,27.8125,28-08-2025 16:54,0,28.5,100409.9531,28,164.6
S7-Varawade River,16.1522,73.40331,121.696,-5099,4.86925,2123.80542,27.8125,28-08-2025 16:55,0,28.5,100459.2109,28,164.7
S7-Varawade River,16.15223,73.40333,121.657,-5117,4.83202,2123.80542,27.8125,28-08-2025 16:55,0,28.5,100416.9922,28,164.6
S7-Varawade River,16.15221,73.403337,121.657,-5118,4.86127,2123.80542,27.8125,28-08-2025 16:55,0,28.5,100480.3203,28,164.6
S7-Varawade River,16.1522,73.40331,121.657,-5127,4.85064,2123.80542,27.8125,28-08-2025 16:56,0,28.5,100592.9219,28,164.7
S7-Varawade River,16.15223,73.40333,120.984,-5121,4.85596,2123.80542,27.8125,28-08-2025 16:56,0,28.5,100603.4766,28,164.6
S7-Varawade River,16.15221,73.403337,120.469,-5113,4.84266,2123.80542,27.8125,28-08-2025 16:56,0,28.5,100592.9219,28,164.5
S7-Varawade River,16.1522,73.40331,120.469,-5106,4.85862,2123.80542,27.8125,28-08-2025 16:57,0,28.6,100357.1797,28,164.7
S7-Varawade River,16.15223,73.40333,120.469,-5085,4.81607,2123.80542,27.8125,28-08-2025 16:57,0,28.6,100547.1797,28,164.6
S7-Varawade River,16.15221,73.403337,120.469,-5081,4.82138,2123.80542,27.8125,28-08-2025 16:57,0,28.6,100490.875,28,164.6
S7-Varawade River,16.1522,73.40331,120.469,-5083,4.86659,2123.80542,27.8125,28-08-2025 16:58,0,28.6,100395.8828,28,164.5
S7-Varawade River,16.15223,73.40333,120.904,-5087,4.83468,2123.80542,27.875,28-08-2025 16:58,0,28.6,100272.75,28,164.5
S7-Varawade River,16.15221,73.403337,120.904,-5081,4.83468,2117.97095,27.8125,28-08-2025 16:58,0,28.6,100322,28,164.6
S7-Varawade River,16.1522,73.40331,120.904,-5072,4.8533,2123.80542,27.8125,28-08-2025 16:59,0,28.7,100132.0391,28,164.5
S7-Varawade River,16.15223,73.40333,120.904,-5075,4.82138,2123.80542,27.875,28-08-2025 16:59,0,28.7,100209.4297,28,164.5
S7-Varawade River,16.15221,73.403337,120.904,-5079,4.86659,2117.97095,27.875,28-08-2025 16:59,0,28.7,100251.6406,28,164.5
S7-Varawade River,16.1522,73.40331,120.904,-5069,4.84,2117.97095,27.875,28-08-2025 17:00,0,28.7,100272.75,28,164.4
S7-Varawade River,16.15223,73.40333,120.984,-5073,4.78947,2117.97095,27.875,28-08-2025 17:00,0,28.7,100181.2891,28,164.4
S7-Varawade River,16.15221,73.403337,121.617,-5080,4.83734,2117.97095,27.875,28-08-2025 17:00,0,28.7,100114.4609,28,164.4
S7-Varawade River,16.1522,73.40331,122.37,-5073,4.83734,2117.97095,27.875,28-08-2025 17:01,0,28.7,100023.0156,28,164.4
S7-Varawade River,16.15223,73.40333,122.766,-5070,4.86659,2117.97095,27.875,28-08-2025 17:01,0,28.7,100061.7031,28.1,164.5
S7-Varawade River,16.15221,73.403337,122.766,-5075,4.80277,2117.97095,27.875,28-08-2025 17:01,0,28.7,100051.1484,28.1,164.5
S7-Varawade River,16.1522,73.40331,123.201,-5071,4.85862,2117.97095,27.875,28-08-2025 17:02,0,28.7,100139.0781,28.1,164.7
S7-Varawade River,16.15223,73.40333,123.439,-5062,4.86925,2117.97095,27.875,28-08-2025 17:02,0,28.7,100068.7344,28.1,164.5
S7-Varawade River,16.15221,73.403337,123.439,-5057,4.86393,2117.97095,27.875,28-08-2025 17:02,0,28.7,100026.5312,28.1,164.5
S7-Varawade River,16.1522,73.40331,123.399,-5057,4.84266,2117.97095,27.875,28-08-2025 17:03,0,28.8,99692.4766,28.1,164.5
S7-Varawade River,16.15223,73.40333,123.439,-5067,4.83202,2117.97095,27.9375,28-08-2025 17:03,0,28.8,99783.8906,28.1,164.5
S7-Varawade River,16.15221,73.403337,123.439,-5059,4.86925,2112.16382,27.9375,28-08-2025 17:03,0,28.8,99857.7266,28.1,164.5
S7-Varawade River,16.1522,73.40331,123.399,-5043,4.84798,2112.16382,27.9375,28-08-2025 17:04,0,28.8,99910.4766,28.1,164.5
S7-Varawade River,16.15223,73.40333,123.399,-5049,4.83734,2112.16382,27.875,28-08-2025 17:04,0,28.8,99875.3125,28.1,164.5
S7-Varawade River,16.15221,73.403337,123.399,-5050,4.8533,2117.97095,27.9375,28-08-2025 17:04,0,28.8,99878.8281,28.1,164.5
S7-Varawade River,16.1522,73.40331,123.28,-5075,4.85862,2112.16382,27.9375,28-08-2025 17:05,0,28.8,99762.7891,28.1,164.5
S7-Varawade River,16.15223,73.40333,123.28,-5078,4.85596,2112.16382,27.9375,28-08-2025 17:05,0,28.8,99713.5703,28.1,164.5
S7-Varawade River,16.15221,73.403337,123.399,-5066,4.85862,2112.16382,27.9375,28-08-2025 17:05,0,28.8,99615.1328,28.1,164.5
S7-Varawade River,16.1522,73.40331,123.399,-5055,4.86659,2112.16382,27.9375,28-08-2025 17:06,0,28.9,99502.6484,28.1,164.5
S7-Varawade River,16.15223,73.40333,123.439,-5051,4.84798,2112.16382,27.9375,28-08-2025 17:06,0,28.9,99467.4922,28.2,164.6
S7-Varawade River,16.15221,73.403337,123.439,-5063,4.85862,2112.16382,27.9375,28-08-2025 17:06,0,28.9,99506.1562,28.1,164.3
S7-Varawade River,16.1522,73.40331,123.439,-5074,4.83734,2112.16382,27.9375,28-08-2025 17:07,0,28.9,99404.2266,28.1,164.5
S7-Varawade River,16.15223,73.40333,123.439,-5085,4.82404,2112.16382,27.9375,28-08-2025 17:07,0,28.9,99358.5391,28.2,164.6
S7-Varawade River,16.15221,73.403337,123.399,-5078,4.86659,2112.16382,27.9375,28-08-2025 17:07,0,28.9,99326.9062,28.2,164.5
S7-Varawade River,16.1522,73.40331,123.28,-5060,4.8267,2112.16382,27.9375,28-08-2025 17:08,0,28.9,99425.3125,28.2,164.5
S7-Varawade River,16.15223,73.40333,123.28,-5045,4.82138,2112.16382,27.9375,28-08-2025 17:08,0,28.9,99569.4297,28.2,164.4
S7-Varawade River,16.15221,73.403337,123.28,-5033,4.84266,2112.16382,28,28-08-2025 17:08,0,28.9,99572.9453,28.2,164.5
S7-Varawade River,16.1522,73.40331,103.018,-5034,4.84532,2106.38452,28,28-08-2025 17:09,0,28.9,99513.1875,28.2,164.4
S7-Varawade River,16.15223,73.40333,102.952,-5039,4.86393,2106.38452,28,28-08-2025 17:09,0,28.9,99439.375,28.2,164.4
S7-Varawade River,16.15221,73.403337,102.919,-5053,4.84266,2106.38452,28,28-08-2025 17:09,0,28.9,99449.9141,28.2,164.4
S7-Varawade River,16.1522,73.40331,102.687,-5068,4.91978,2106.38452,28,28-08-2025 17:10,0,28.9,99418.2812,28.2,164.4
S7-Varawade River,16.15223,73.40333,102.256,-5070,4.86393,2106.38452,28,28-08-2025 17:10,0,28.9,99323.3906,28.2,164.4
S7-Varawade River,16.15221,73.403337,102.256,-5057,4.83734,2106.38452,28,28-08-2025 17:10,0,28.9,99196.875,28.2,164.4
S7-Varawade River,16.1522,73.40331,102.256,-5045,4.84798,2106.38452,28,28-08-2025 17:11,0,28.9,99221.4766,28.2,164.4
S7-Varawade River,16.15223,73.40333,102.057,-5040,4.85064,2106.38452,28,28-08-2025 17:11,0,29,98915.7969,28.2,164.4
S7-Varawade River,16.15221,73.403337,102.057,-5052,4.87723,2106.38452,28,28-08-2025 17:11,0,29,98933.3672,28.2,164.3
S7-Varawade River,16.1522,73.40331,101.991,-5068,4.83734,2106.38452,28,28-08-2025 17:12,0,29,98884.1875,28.2,164.3
S7-Varawade River,16.15223,73.40333,101.958,-5055,4.86925,2106.38452,28,28-08-2025 17:12,0,29,98835.0078,28.2,164.3
S7-Varawade River,16.15221,73.403337,101.925,-5043,4.80809,2106.38452,28,28-08-2025 17:12,0,29,98715.5859,28.2,164.3
S7-Varawade River,16.1522,73.40331,101.825,-5032,4.85862,2106.38452,28,28-08-2025 17:13,0,29,98606.7109,28.2,164.2
S7-Varawade River,16.15223,73.40333,101.66,-5030,4.83468,2106.38452,28,28-08-2025 17:13,0,29,98554.0312,28.2,164.2
S7-Varawade River,16.15221,73.403337,101.66,-5029,4.87457,2106.38452,28.0625,28-08-2025 17:13,0,29,98508.3828,28.2,164.2
S7-Varawade River,16.1522,73.40331,101.825,-5022,4.84798,2100.63135,28,28-08-2025 17:14,0,29,98497.8516,28.2,164.2
S7-Varawade River,16.15223,73.40333,101.825,-5026,4.86659,2106.38452,28.0625,28-08-2025 17:14,0,29,98455.7109,28.2,164.2
S7-Varawade River,16.15221,73.403337,101.825,-5026,4.83734,2100.63135,28,28-08-2025 17:14,0,29.1,98252.0781,28.2,164.3
S7-Varawade River,16.1522,73.40331,101.66,-5013,4.85596,2106.38452,28.0625,28-08-2025 17:15,0,29.1,98332.8281,28.2,164.2
S7-Varawade River,16.15223,73.40333,101.66,-5009,4.84532,2100.63135,28.0625,28-08-2025 17:15,0,29.1,98367.9375,28.2,164.2
S7-Varawade River,16.15221,73.403337,101.66,-5016,4.84,2100.63135,28.0625,28-08-2025 17:15,0,29.1,98403.0469,28.2,164.2
S7-Varawade River,16.1522,73.40331,101.825,-5020,4.85862,2100.63135,28.0625,28-08-2025 17:16,0,29.1,98357.3984,28.2,164.2
S7-Varawade River,16.15223,73.40333,101.66,-5037,4.84798,2100.63135,28.0625,28-08-2025 17:16,0,29.1,98322.2891,28.2,164.2
S7-Varawade River,16.15221,73.403337,101.527,-5047,4.84532,2100.63135,28.0625,28-08-2025 17:16,0,29.1,98255.5938,28.3,164.3
S7-Varawade River,16.1522,73.40331,101.361,-5026,4.85596,2100.63135,28.0625,28-08-2025 17:17,0,29.1,98252.0781,28.2,164
S7-Varawade River,16.15223,73.40333,101.361,-5038,4.87191,2100.63135,28.0625,28-08-2025 17:17,0,29.1,98245.0547,28.3,164.3
S7-Varawade River,16.15221,73.403337,101.361,-5054,4.84532,2100.63135,28.0625,28-08-2025 17:17,0,29.1,98266.1172,28.3,164.3
S7-Varawade River,16.1522,73.40331,101.096,-5038,4.84798,2100.63135,28.0625,28-08-2025 17:18,0,29.1,98276.6562,28.3,164.3
S7-Varawade River,16.15223,73.40333,101.096,-5034,4.8533,2100.63135,28.0625,28-08-2025 17:18,0,29.1,98350.375,28.3,164.3
S7-Varawade River,16.15221,73.403337,100.964,-5038,4.84532,2100.63135,28.0625,28-08-2025 17:18,0,29.1,98297.7188,28.3,164.3
S7-Varawade River,16.1522,73.40331,100.931,-5038,4.82404,2100.63135,28.0625,28-08-2025 17:19,0,29.1,98224,28.3,164.2
S7-Varawade River,16.15223,73.40333,100.931,-5031,4.87191,2100.63135,28.0625,28-08-2025 17:19,0,29.1,98139.7422,28.3,164.2
S7-Varawade River,16.15221,73.403337,100.931,-5018,4.8533,2100.63135,28.125,28-08-2025 17:19,0,29.1,98108.1562,28.3,164.3
S7-Varawade River,16.1522,73.40331,100.964,-5024,4.8533,2094.90503,28.125,28-08-2025 17:20,0,29.1,98115.1797,28.3,164.3
S7-Varawade River,16.15223,73.40333,101.096,-5042,4.8533,2094.90503,28.125,28-08-2025 17:20,0,29.1,98146.7656,28.3,164.3
S7-Varawade River,16.15221,73.403337,100.964,-4982,4.87989,2094.90503,28.125,28-08-2025 17:20,0,29.2,97869.5,28.4,164.5
S7-Varawade River,16.1522,73.40331,100.964,-4945,4.8533,2094.90503,28.125,28-08-2025 17:21,0,29.2,97837.9219,28.3,164.2
S7-Varawade River,16.15223,73.40333,100.931,-4970,4.83468,2094.90503,28.125,28-08-2025 17:21,0,29.2,97823.8828,28.4,164.5
S7-Varawade River,16.15221,73.403337,100.864,-4993,4.86393,2094.90503,28.125,28-08-2025 17:21,0,29.2,97830.8984,28.4,164.5
S7-Varawade River,16.1522,73.40331,100.931,-5010,4.83734,2094.90503,28.125,28-08-2025 17:22,0,29.2,97915.1172,28.4,164.4
S7-Varawade River,16.15223,73.40333,100.931,-5009,4.86925,2094.90503,28.125,28-08-2025 17:22,0,29.2,97887.0469,28.4,164.4
S7-Varawade River,16.15221,73.403337,100.831,-5007,4.8533,2094.90503,28.125,28-08-2025 17:22,0,29.2,97894.0625,28.4,164.3
S7-Varawade River,16.1522,73.40331,100.831,-4999,4.8533,2094.90503,28.125,28-08-2025 17:23,0,29.2,97813.3594,28.4,164.3
S7-Varawade River,16.15223,73.40333,100.931,-4998,4.8533,2094.90503,28.125,28-08-2025 17:23,0,29.2,97823.8828,28.4,164.4
S7-Varawade River,16.15221,73.403337,100.964,-5010,4.86659,2094.90503,28.125,28-08-2025 17:23,0,29.2,97823.8828,28.4,164.3
S7-Varawade River,16.1522,73.40331,100.931,-5015,4.85596,2094.90503,28.125,28-08-2025 17:24,0,29.2,97760.7188,28.4,164.4
S7-Varawade River,16.15223,73.40333,100.798,-5015,4.83734,2094.90503,28.125,28-08-2025 17:24,0,29.2,97651.9609,28.4,164.3
S7-Varawade River,16.15221,73.403337,100.632,-5014,4.84798,2094.90503,28.125,28-08-2025 17:24,0,29.3,97364.3125,28.4,164.3
S7-Varawade River,16.1522,73.40331,100.632,-5020,4.85596,2094.90503,28.1875,28-08-2025 17:25,0,29.3,97378.3438,28.4,164.3
S7-Varawade River,16.15223,73.40333,100.632,-5019,4.89053,2089.20557,28.1875,28-08-2025 17:25,0,29.3,97364.3125,28.4,164.3
S7-Varawade River,16.15221,73.403337,100.467,-5017,4.83734,2089.20557,28.1875,28-08-2025 17:25,0,29.3,97427.4453,28.4,164.3
S7-Varawade River,16.1522,73.40331,100.235,-5017,4.84798,2089.20557,28.1875,28-08-2025 17:26,0,29.3,97448.4922,28.4,164.3
S7-Varawade River,16.15223,73.40333,100.235,-5026,4.86393,2089.20557,28.1875,28-08-2025 17:26,0,29.3,97455.5078,28.4,164.3
S7-Varawade River,16.15221,73.403337,100.235,-5030,4.87989,2089.20557,28.1875,28-08-2025 17:26,0,29.3,97452,28.4,164.2
S7-Varawade River,16.1522,73.40331,100.268,-5014,4.79479,2089.20557,28.1875,28-08-2025 17:27,0,29.3,97423.9375,28.4,164.2
S7-Varawade River,16.15223,73.40333,100.268,-5008,4.84532,2089.20557,28.1875,28-08-2025 17:27,0,29.3,97385.3516,28.4,164.3
S7-Varawade River,16.15221,73.403337,100.268,-5033,4.83202,2089.20557,28.1875,28-08-2025 17:27,0,29.3,97392.3672,28.4,164.2
S7-Varawade River,16.1522,73.40331,100.003,-5056,4.86393,2089.20557,28.1875,28-08-2025 17:28,0,29.3,97402.8984,28.4,164.3
S7-Varawade River,16.15223,73.40333,99.738,-5033,4.85064,2089.20557,28.1875,28-08-2025 17:28,0,29.3,97378.3438,28.4,164.2
S7-Varawade River,16.15221,73.403337,99.572,-5018,4.85064,2089.20557,28.1875,28-08-2025 17:28,0,29.3,97283.6484,28.4,164.2
S7-Varawade River,16.1522,73.40331,99.572,-5034,4.83734,2089.20557,28.25,28-08-2025 17:29,0,29.3,97255.5938,28.4,164.1
S7-Varawade River,16.15223,73.40333,99.572,-5047,4.85064,2083.53198,28.25,28-08-2025 17:29,0,29.3,97283.6484,28.4,164.2
S7-Varawade River,16.15221,73.403337,99.075,-5037,4.83734,2083.53198,28.1875,28-08-2025 17:29,0,29.3,97290.6562,28.4,164.1
S7-Varawade River,16.1522,73.40331,98.611,-5039,4.83468,2089.20557,28.25,28-08-2025 17:30,0,29.3,97276.6328,28.5,164.2
S7-Varawade River,16.15223,73.40333,98.578,-5039,4.86393,2083.53198,28.1875,28-08-2025 17:30,0,29.3,97399.3906,28.4,164
S7-Varawade River,16.15221,73.403337,98.478,-5036,4.8533,2089.20557,28.1875,28-08-2025 17:30,0,29.3,97406.4062,28.5,164.2
S7-Varawade River,16.1522,73.40331,98.445,-5048,4.84266,2089.20557,28.1875,28-08-2025 17:31,0,29.3,97413.4219,28.4,164
S7-Varawade River,16.15223,73.40333,98.445,-5047,4.91712,2089.20557,28.25,28-08-2025 17:31,0,29.3,97269.6172,28.5,164.2
S7-Varawade River,16.15221,73.403337,98.412,-5046,4.87989,2083.53198,28.25,28-08-2025 17:31,0,29.3,97245.0703,28.5,164.1
S7-Varawade River,16.1522,73.40331,98.346,-4998,4.86393,2083.53198,28.25,28-08-2025 17:32,0,29.4,96961.0547,28.5,164.2
S7-Varawade River,16.15223,73.40333,98.247,-4989,4.8533,2083.53198,28.25,28-08-2025 17:32,0,29.4,96915.4844,28.5,164.1
S7-Varawade River,16.15221,73.403337,98.048,-5051,4.89585,2083.53198,28.25,28-08-2025 17:32,0,29.4,96911.9766,28.5,164.1
S7-Varawade River,16.1522,73.40331,97.915,-5073,4.80809,2083.53198,28.25,28-08-2025 17:33,0,29.4,97013.6406,28.5,164.1
S7-Varawade River,16.15223,73.40333,97.65,-5096,4.86393,2083.53198,28.25,28-08-2025 17:33,0,29.4,97115.3203,28.5,164.2
S7-Varawade River,16.15221,73.403337,97.286,-5141,4.84532,2083.53198,28.25,28-08-2025 17:33,0,29.4,97125.8438,28.5,164.2
S8-Gotli River,16.14326,73.37373,0,0,5.43835,0,28,31-08-2025 16:16,0,28,27775.8867,27.9,216.2
S8-Gotli River,16.14326,73.37373,0,-2897,5.3373,0,27.75,31-08-2025 16:17,0,28,27495.3691,27.9,216.2
S8-Gotli River,16.14326,73.37373,0,-5389,5.23358,0,27.75,31-08-2025 16:17,0,28.1,27240.4727,27.9,216.2
S8-Gotli River,16.14326,73.37373,0,-5259,4.70969,0,27.75,31-08-2025 16:17,0,28.1,27189.5078,27.9,216.2
S8-Gotli River,16.14326,73.37373,0,-5188,4.71767,0,27.6875,31-08-2025 16:18,0,28.1,27097.1445,27.9,216.2
S8-Gotli River,16.14326,73.37373,0,-5152,4.70969,0,27.6875,31-08-2025 16:18,0,28.1,27058.9297,28,216.3
S8-Gotli River,16.14326,73.37373,0,-5137,4.69905,0,27.75,31-08-2025 16:18,0,28.1,26995.2461,28,216.4
S8-Gotli River,16.14326,73.37373,0,-5120,4.72033,0,27.6875,31-08-2025 16:19,0,28.3,26880.6289,28,216.4
S8-Gotli River,16.14326,73.37373,0,-5111,4.72565,0,27.75,31-08-2025 16:19,0,28.2,26918.832,28,216.4
S8-Gotli River,16.14326,73.37373,0,-5105,4.67778,0,27.6875,31-08-2025 16:19,0,28.2,26909.2812,28,216.5
S8-Gotli River,16.14326,73.37373,0,-5117,4.71501,0,27.6875,31-08-2025 16:20,0,28.2,26941.1172,28,216.5
S8-Gotli River,16.14326,73.37373,0,-5124,4.69108,0,27.75,31-08-2025 16:20,0,28.3,26899.7305,28,216.4
S8-Gotli River,16.14326,73.37373,0,-5098,4.70969,0,27.6875,31-08-2025 16:20,0,28.2,26947.4863,28,216.5
S8-Gotli River,16.14326,73.37373,0,-5097,4.72033,0,27.75,31-08-2025 16:21,0,28.3,26915.6484,28,216.5
S8-Gotli River,16.14326,73.37373,0,-5105,4.69905,0,27.6875,31-08-2025 16:21,0,28.3,26912.4648,28,216.5
S8-Gotli River,16.14326,73.37373,58.452,-5108,4.69374,613.51562,27.75,31-08-2025 16:21,0,28.3,26922.0156,28,216.5
S8-Gotli River,16.14326,73.37373,117.182,-5114,4.70703,2129.66724,27.75,31-08-2025 16:22,0,28.3,26906.0977,28,216.5
S8-Gotli River,16.14326,73.37373,117.182,-5133,4.70703,2129.66724,27.6875,31-08-2025 16:22,0,28.3,26912.4648,28,216.5
S8-Gotli River,16.14326,73.37373,117.182,-5146,4.72299,2135.55591,27.6875,31-08-2025 16:22,0,28.3,26934.75,28,216.5
S8-Gotli River,16.14326,73.37373,117.182,-5131,4.70437,2135.55591,27.6875,31-08-2025 16:23,0,28.5,26829.6973,28,216.5
S8-Gotli River,16.14326,73.37373,117.182,-5118,4.72033,2135.55591,27.6875,31-08-2025 16:23,0,28.4,26858.3457,28,216.5
S8-Gotli River,16.14326,73.37373,117.182,-5122,4.72299,2135.55591,27.6875,31-08-2025 16:23,0,28.4,26839.2461,28,216.5
S8-Gotli River,16.14326,73.37373,117.182,-5107,4.68842,2135.55591,27.6875,31-08-2025 16:24,0,28.4,37988.6562,28,225.8
S8-Gotli River,16.14326,73.37373,117.182,-5111,4.70703,2135.55591,27.6875,31-08-2025 16:24,0,28.4,68843.125,28,226.3
S8-Gotli River,16.14326,73.37373,117.182,-5118,4.70703,2135.55591,27.6875,31-08-2025 16:24,0,28.4,101511.8047,28,226.7
S8-Gotli River,16.14326,73.37373,117.182,-5123,4.70171,2135.55591,27.75,31-08-2025 16:25,0,28.4,119882.9453,28,226.9
S8-Gotli River,16.14326,73.37373,117.182,-5142,4.70969,2129.66724,27.75,31-08-2025 16:25,0,28.5,120094.3984,28,227.1
S8-Gotli River,16.14326,73.37373,117.182,-5134,4.70703,2129.66724,27.6875,31-08-2025 16:25,0,28.5,118554.2578,28,227.7
S8-Gotli River,16.14326,73.37373,117.182,-5139,4.6964,2135.55591,27.6875,31-08-2025 16:26,0,28.5,114973.5156,28,226.7
S8-Gotli River,16.14326,73.37373,117.182,-5123,4.72299,2135.55591,27.75,31-08-2025 16:26,0,28.5,110330.9219,28,226.5
S8-Gotli River,16.14326,73.37373,117.182,-5104,4.71501,2129.66724,27.6875,31-08-2025 16:26,0,28.5,108570.2969,28,226.5
S8-Gotli River,16.14326,73.37373,116.865,-5096,4.70437,2135.55591,27.6875,31-08-2025 16:27,0,28.5,108268.8828,28,226.5
S8-Gotli River,16.14326,73.37373,116.548,-5104,4.72299,2135.55591,27.75,31-08-2025 16:27,0,28.5,108368.1641,28,226.5
S8-Gotli River,16.14326,73.37373,116.073,-5118,4.71501,2129.66724,27.75,31-08-2025 16:27,0,28.5,108439.0859,28,226.5
S8-Gotli River,16.14326,73.37373,115.875,-5114,4.71501,2129.66724,27.75,31-08-2025 16:28,0,28.5,108563.2031,28,226.5
S8-Gotli River,16.14326,73.37373,115.875,-5117,4.81341,2129.66724,27.6875,31-08-2025 16:28,0,28.5,108878.9141,28,226.5
S8-Gotli River,16.14326,73.37373,115.875,-5104,4.72033,2135.55591,27.75,31-08-2025 16:28,0,28.5,109130.8281,28,226.5
S8-Gotli River,16.14326,73.37373,115.875,-5093,4.71767,2129.66724,27.6875,31-08-2025 16:29,0,28.5,109308.2812,28,226.5
S8-Gotli River,16.14326,73.37373,114.647,-5103,4.72033,2135.55591,27.75,31-08-2025 16:29,0,28.5,109350.8672,28,226.5
S8-Gotli River,16.14326,73.37373,113.42,-5125,4.7416,2129.66724,27.6875,31-08-2025 16:30,0,28.6,109350.8672,28,226.5
S8-Gotli River,16.14326,73.37373,113.301,-5165,4.65651,2135.55591,27.6875,31-08-2025 16:30,0,28.5,109769.7656,28,226.5
S8-Gotli River,16.14326,73.37373,113.103,-5194,4.72033,2135.55591,27.75,31-08-2025 16:30,0,28.6,109578.0391,28,226.5
S8-Gotli River,16.14326,73.37373,113.103,-5208,4.72565,2129.66724,27.75,31-08-2025 16:31,0,28.6,109659.7031,28,226.5
S8-Gotli River,16.14326,73.37373,112.984,-5205,4.72831,2129.66724,27.75,31-08-2025 16:31,0,28.6,109698.75,28,226.5
S8-Gotli River,16.14326,73.37373,112.905,-5145,4.73629,2129.66724,27.75,31-08-2025 16:31,0,28.6,109819.4844,28,226.5
S8-Gotli River,16.14326,73.37373,112.588,-5075,4.7416,2129.66724,27.75,31-08-2025 16:32,0,28.6,109752.0156,28,226.5
S8-Gotli River,16.14326,73.37373,112.43,-5096,4.73097,2129.66724,27.75,31-08-2025 16:32,0,28.6,109897.6016,28,226.5
S8-Gotli River,16.14326,73.37373,112.43,-5123,4.72565,2129.66724,27.75,31-08-2025 16:32,0,28.6,110018.3438,28,226.5
S8-Gotli River,16.14326,73.37373,112.43,-5126,4.72831,2129.66724,27.75,31-08-2025 16:33,0,28.6,110185.2812,28,226.5
S8-Gotli River,16.14326,73.37373,112.271,-5163,4.75224,2129.66724,27.6875,31-08-2025 16:33,0,28.6,110306.0547,28,226.5
S8-Gotli River,16.14326,73.37373,112.232,-5129,4.7416,2135.55591,27.75,31-08-2025 16:33,0,28.6,110458.8281,28,226.5
S8-Gotli River,16.14326,73.37373,111.915,-5041,4.72033,2129.66724,27.75,31-08-2025 16:34,0,28.6,110568.9766,28,226.5
S8-Gotli River,16.14326,73.37373,111.558,-5072,4.74958,2129.66724,27.75,31-08-2025 16:34,0,28.6,110707.5781,28,226.5
S8-Gotli River,16.14326,73.37373,111.36,-5064,4.73097,2129.66724,27.6875,31-08-2025 16:34,0,28.7,110600.9609,28,226.5
S8-Gotli River,16.14326,73.37373,111.241,-5143,4.72831,2135.55591,27.75,31-08-2025 16:35,0,28.7,110693.3594,28.1,226.6
S8-Gotli River,16.14326,73.37373,111.241,-5237,4.72299,2129.66724,27.75,31-08-2025 16:35,0,28.7,110821.3047,28,226.3
S8-Gotli River,16.14326,73.37373,111.241,-5225,4.72299,2129.66724,27.75,31-08-2025 16:35,0,28.7,110952.8125,28,226.5
S8-Gotli River,16.14326,73.37373,111.241,-5229,4.73895,2129.66724,27.75,31-08-2025 16:36,0,28.7,110967.0391,28.1,226.5
S8-Gotli River,16.14326,73.37373,111.241,-5208,4.74692,2129.66724,27.75,31-08-2025 16:36,0,28.7,111031.0234,28.1,226.6
S8-Gotli River,16.14326,73.37373,111.241,-5117,4.7416,2129.66724,27.75,31-08-2025 16:36,0,28.7,111048.7969,28.1,226.5
S8-Gotli River,16.14326,73.37373,111.241,-5158,4.73629,2129.66724,27.6875,31-08-2025 16:37,0,28.7,111102.125,28.1,226.5
S8-Gotli River,16.14326,73.37373,111.202,-5232,4.64587,2135.55591,27.75,31-08-2025 16:37,0,28.7,111087.9062,28.1,226.5
S8-Gotli River,16.14326,73.37373,111.123,-5214,4.72831,2129.66724,27.75,31-08-2025 16:37,0,28.7,110856.8438,28,226.2
S8-Gotli River,16.14326,73.37373,111.202,-5205,4.72299,2129.66724,27.75,31-08-2025 16:38,0,28.7,110490.8047,28.1,226.5
S8-Gotli River,16.14326,73.37373,111.4,-5178,4.72831,2129.66724,27.75,31-08-2025 16:38,0,28.7,109634.8438,28.1,226.5
S8-Gotli River,16.14326,73.37373,111.162,-5088,4.69108,2129.66724,27.75,31-08-2025 16:38,0,28.7,109105.9844,28,226.2
S8-Gotli River,16.14326,73.37373,111.162,-5056,4.70703,2129.66724,27.75,31-08-2025 16:39,0,28.7,108900.2031,28,226.2
S8-Gotli River,16.14326,73.37373,111.123,-5105,4.72831,2129.66724,27.75,31-08-2025 16:39,0,28.7,108878.9141,28.1,226.5
S8-Gotli River,16.14326,73.37373,110.964,-5124,4.71767,2129.66724,27.75,31-08-2025 16:39,0,28.7,108815.0547,28.1,226.4
S8-Gotli River,16.14326,73.37373,110.964,-5120,4.72565,2129.66724,27.75,31-08-2025 16:40,0,28.7,108694.4453,28,226.2
S8-Gotli River,16.14326,73.37373,110.964,-5089,4.7682,2129.66724,27.75,31-08-2025 16:40,0,28.7,108623.5078,28,226.1
S8-Gotli River,16.14326,73.37373,110.964,-5093,4.6831,2129.66724,27.75,31-08-2025 16:40,0,28.7,108694.4453,28,226.1
S8-Gotli River,16.14326,73.37373,110.964,-5107,4.72299,2129.66724,27.75,31-08-2025 16:41,0,28.7,108708.6406,28,226.1
S8-Gotli River,16.14326,73.37373,111.004,-5087,4.71767,2129.66724,27.75,31-08-2025 16:41,0,28.7,108694.4453,28.1,226.4
S8-Gotli River,16.14326,73.37373,111.043,-5077,4.7682,2129.66724,27.75,31-08-2025 16:41,0,28.7,108655.4297,28,226.1
S8-Gotli River,16.14326,73.37373,111.043,-5075,4.73097,2129.66724,27.75,31-08-2025 16:42,0,28.7,108602.2188,28.1,226.3
S8-Gotli River,16.14326,73.37373,111.043,-5083,4.72831,2129.66724,27.75,31-08-2025 16:42,0,28.7,108580.9453,28.1,226.2
S8-Gotli River,16.14326,73.37373,111.043,-5080,4.72831,2129.66724,27.75,31-08-2025 16:42,0,28.7,108534.8359,28.1,226.2
S8-Gotli River,16.14326,73.37373,111.043,-5065,4.72299,2129.66724,27.75,31-08-2025 16:43,0,28.7,108545.4766,28.1,226.2
S8-Gotli River,16.14326,73.37373,111.479,-5057,4.76288,2129.66724,27.75,31-08-2025 16:43,0,28.7,108502.9219,28.1,226.2
S8-Gotli River,16.14326,73.37373,111.796,-5060,4.73629,2129.66724,27.75,31-08-2025 16:43,0,28.7,108478.0938,28.1,226.2
S8-Gotli River,16.14326,73.37373,112.073,-5067,4.73895,2129.66724,27.75,31-08-2025 16:44,0,28.7,108467.4531,28.1,226.2
S8-Gotli River,16.14326,73.37373,112.667,-5058,4.73097,2129.66724,27.75,31-08-2025 16:44,0,28.7,108382.3516,28.1,226.2
S8-Gotli River,16.14326,73.37373,112.826,-5056,4.72831,2129.66724,27.75,31-08-2025 16:44,0,28.7,108339.7969,28.1,226.2
S8-Gotli River,16.14326,73.37373,113.34,-5058,4.7549,2129.66724,27.75,31-08-2025 16:45,0,28.7,108343.3438,28.1,226.1
S8-Gotli River,16.14326,73.37373,113.736,-5057,4.74692,2129.66724,27.75,31-08-2025 16:45,0,28.7,108382.3516,28.1,226.1
S8-Gotli River,16.14326,73.37373,114.053,-5068,4.72831,2129.66724,27.75,31-08-2025 16:45,0,28.7,108371.7109,28.1,226.1
S8-Gotli River,16.14326,73.37373,114.251,-5081,4.75224,2129.66724,27.75,31-08-2025 16:46,0,28.7,108311.4297,28.1,226.1
S8-Gotli River,16.14326,73.37373,114.568,-5078,4.73097,2129.66724,27.75,31-08-2025 16:46,0,28.7,108215.6953,28.1,226.1
S8-Gotli River,16.14326,73.37373,114.568,-5066,4.76022,2129.66724,27.8125,31-08-2025 16:46,0,28.7,108162.5078,28.1,226.1
S8-Gotli River,16.14326,73.37373,114.568,-5069,4.68044,2123.80542,27.75,31-08-2025 16:47,0,28.7,108130.6016,28.1,226.2
S8-Gotli River,16.14326,73.37373,114.568,-5062,4.74958,2129.66724,27.75,31-08-2025 16:48,0,28.7,108162.5078,28.1,226.3
S8-Gotli River,16.14326,73.37373,114.568,-5072,4.67778,2129.66724,27.75,31-08-2025 16:48,0,28.7,108169.6016,28.1,226.2
S8-Gotli River,16.14326,73.37373,114.568,-5083,4.74692,2129.66724,27.8125,31-08-2025 16:48,0,28.7,108176.6953,28.1,226.2
S8-Gotli River,16.14326,73.37373,114.568,-5073,4.73363,2123.80542,27.8125,31-08-2025 16:49,0,28.7,108127.0625,28.1,226.2
S8-Gotli River,16.14326,73.37373,114.568,-5052,4.73895,2123.80542,27.8125,31-08-2025 16:49,0,28.8,107779.6875,28.1,226.2
S8-Gotli River,16.14326,73.37373,114.568,-5061,4.76554,2123.80542,27.75,31-08-2025 16:49,0,28.7,107946.2734,28.1,226.2
S8-Gotli River,16.14326,73.37373,114.845,-5075,4.72033,2129.66724,27.75,31-08-2025 16:50,0,28.7,107925.0078,28.1,226.2
S8-Gotli River,16.14326,73.37373,114.568,-5064,4.72565,2129.66724,27.8125,31-08-2025 16:50,0,28.8,107627.3047,28.1,226.2
S8-Gotli River,16.14326,73.37373,114.489,-5070,4.73895,2123.80542,27.8125,31-08-2025 16:50,0,28.7,107878.9297,28.1,226.2
S8-Gotli River,16.14326,73.37373,114.132,-5085,4.75224,2123.80542,27.75,31-08-2025 16:51,0,28.8,107659.1953,28.1,226.2
S8-Gotli River,16.14326,73.37373,114.014,-5086,4.76288,2129.66724,27.8125,31-08-2025 16:51,0,28.8,107662.75,28.1,226.1
S8-Gotli River,16.14326,73.37373,114.014,-5096,4.75756,2123.80542,27.75,31-08-2025 16:51,0,28.8,107662.75,28.1,226.1
S8-Gotli River,16.14326,73.37373,113.895,-5086,4.74426,2129.66724,27.75,31-08-2025 16:52,0,28.8,107634.3984,28.1,226.1
S8-Gotli River,16.14326,73.37373,113.855,-5086,4.73629,2129.66724,27.75,31-08-2025 16:52,0,28.8,107609.5938,28.1,226.1
S8-Gotli River,16.14326,73.37373,113.222,-5095,4.76022,2129.66724,27.8125,31-08-2025 16:52,0,28.8,107538.7266,28.1,226.1
S8-Gotli River,16.14326,73.37373,112.707,-5083,4.76554,2123.80542,27.8125,31-08-2025 16:53,0,28.8,107446.6094,28.1,226
S8-Gotli River,16.14326,73.37373,112.588,-5088,4.74958,2123.80542,27.8125,31-08-2025 16:53,0,28.8,107414.7266,28.1,226
S8-Gotli River,16.14326,73.37373,112.192,-5085,4.75224,2123.80542,27.8125,31-08-2025 16:53,0,28.8,107400.5547,28.1,225.9
S8-Gotli River,16.14326,73.37373,112.034,-5080,4.73895,2123.80542,27.8125,31-08-2025 16:54,0,28.8,107411.1797,28.1,226
S8-Gotli River,16.14326,73.37373,111.717,-5084,4.72033,2123.80542,27.8125,31-08-2025 16:54,0,28.8,107435.9766,28.1,226.1
S8-Gotli River,16.14326,73.37373,111.4,-5095,4.73895,2123.80542,27.8125,31-08-2025 16:54,0,28.8,107414.7266,28.2,226.2
S8-Gotli River,16.14326,73.37373,111.083,-5114,4.75756,2123.80542,27.8125,31-08-2025 16:55,0,28.8,107453.6953,28.1,226
S8-Gotli River,16.14326,73.37373,111.004,-5109,4.75224,2123.80542,27.8125,31-08-2025 16:55,0,28.8,107435.9766,28.1,226.1
S8-Gotli River,16.14326,73.37373,110.925,-5111,4.75224,2123.80542,27.8125,31-08-2025 16:55,0,28.8,107499.75,28.2,226.2
S8-Gotli River,16.14326,73.37373,110.885,-5116,4.72299,2123.80542,27.8125,31-08-2025 16:56,0,28.8,107443.0625,28.2,226.2
S8-Gotli River,16.14326,73.37373,110.845,-5112,4.72831,2123.80542,27.8125,31-08-2025 16:56,0,28.8,107474.9453,28.2,226.2
S8-Gotli River,16.14326,73.37373,110.845,-5110,4.70437,2123.80542,27.8125,31-08-2025 16:56,0,28.8,107552.8984,28.2,226.2
S8-Gotli River,16.14326,73.37373,110.806,-5099,4.7416,2123.80542,27.8125,31-08-2025 16:57,0,28.8,107510.3828,28.2,226.2
S8-Gotli River,16.14326,73.37373,110.766,-5093,4.72565,2123.80542,27.8125,31-08-2025 16:57,0,28.8,107439.5234,28.2,226.2
S8-Gotli River,16.14326,73.37373,110.766,-5104,4.7416,2123.80542,27.8125,31-08-2025 16:57,0,28.8,107386.3828,28.2,226.2
S8-Gotli River,16.14326,73.37373,110.766,-5108,4.73895,2123.80542,27.8125,31-08-2025 16:58,0,28.8,107524.5469,28.2,226.2
S8-Gotli River,16.14326,73.37373,110.766,-5098,4.72565,2123.80542,27.8125,31-08-2025 16:58,0,28.8,107524.5469,28.2,226.2
S8-Gotli River,16.14326,73.37373,110.766,-5095,4.73097,2123.80542,27.8125,31-08-2025 16:58,0,28.8,107616.6797,28.2,226.1
S8-Gotli River,16.14326,73.37373,110.529,-5101,4.72299,2123.80542,27.8125,31-08-2025 16:59,0,28.8,107559.9844,28.2,226.1
S8-Gotli River,16.14326,73.37373,110.133,-5099,4.74692,2123.80542,27.8125,31-08-2025 16:59,0,28.8,107503.2969,28.2,226
S8-Gotli River,16.14326,73.37373,109.816,-5094,4.7416,2123.80542,27.8125,31-08-2025 16:59,0,28.8,107372.2031,28.2,226.1
S8-Gotli River,16.14326,73.37373,109.816,-5081,4.68842,2123.80542,27.8125,31-08-2025 17:00,0,28.8,107354.4922,28.2,226
S8-Gotli River,16.14326,73.37373,109.776,-5076,4.72033,2123.80542,27.8125,31-08-2025 17:00,0,28.8,107308.4375,28.2,226
S8-Gotli River,16.14326,73.37373,109.776,-5084,4.73629,2123.80542,27.8125,31-08-2025 17:00,0,28.8,107216.3516,28.2,226
S8-Gotli River,16.14326,73.37373,109.776,-5084,4.76288,2123.80542,27.8125,31-08-2025 17:01,0,28.9,106982.6016,28.2,226
S8-Gotli River,16.14326,73.37373,109.816,-5083,4.76288,2123.80542,27.875,31-08-2025 17:01,0,28.9,107081.7578,28.2,226
S8-Gotli River,16.14326,73.37373,109.816,-5086,4.76022,2117.97095,27.8125,31-08-2025 17:01,0,28.8,107482.0391,28.2,226
S8-Gotli River,16.14326,73.37373,109.816,-5091,4.73097,2123.80542,27.875,31-08-2025 17:02,0,28.8,107563.5234,28.2,226
S8-Gotli River,16.14326,73.37373,109.935,-5094,4.74692,2117.97095,27.875,31-08-2025 17:02,0,28.9,107202.1797,28.2,226
S8-Gotli River,16.14326,73.37373,109.935,-5082,4.7682,2117.97095,27.875,31-08-2025 17:02,0,28.9,107064.0469,28.2,225.9
S8-Gotli River,16.14326,73.37373,109.855,-5081,4.79479,2117.97095,27.875,31-08-2025 17:03,0,28.9,106982.6016,28.2,225.9
S8-Gotli River,16.14326,73.37373,109.855,-5079,4.72299,2117.97095,27.8125,31-08-2025 17:03,0,28.9,107021.5469,28.2,225.9
S8-Gotli River,16.14326,73.37373,109.935,-5069,4.7416,2123.80542,27.875,31-08-2025 17:03,0,28.9,107067.5859,28.2,225.8
S8-Gotli River,16.14326,73.37373,109.737,-5084,4.7549,2117.97095,27.875,31-08-2025 17:04,0,28.9,107067.5859,28.2,225.9
S8-Gotli River,16.14326,73.37373,109.222,-5089,4.73629,2117.97095,27.875,31-08-2025 17:04,0,28.9,107025.0938,28.2,225.8
S8-Gotli River,16.14326,73.37373,109.222,-5080,4.73895,2117.97095,27.875,31-08-2025 17:05,0,28.9,107039.2578,28.2,225.8
S8-Gotli River,16.14326,73.37373,109.222,-5079,4.73895,2117.97095,27.875,31-08-2025 17:05,0,28.9,107120.7188,28.2,225.8
S8-Gotli River,16.14326,73.37373,109.222,-5082,4.77618,2117.97095,27.875,31-08-2025 17:05,0,28.9,107251.7656,28.2,225.8
S8-Gotli River,16.14326,73.37373,109.222,-5085,4.7682,2117.97095,27.875,31-08-2025 17:06,0,28.9,107202.1797,28.2,225.8
S8-Gotli River,16.14326,73.37373,108.945,-5086,4.73629,2117.97095,27.875,31-08-2025 17:06,0,28.9,107074.6719,28.2,225.8
S8-Gotli River,16.14326,73.37373,108.905,-5093,4.73363,2117.97095,27.875,31-08-2025 17:06,0,28.9,107049.8828,28.2,225.8
S8-Gotli River,16.14326,73.37373,108.905,-5089,4.74692,2117.97095,27.875,31-08-2025 17:07,0,28.9,107046.3438,28.2,225.9
S8-Gotli River,16.14326,73.37373,108.905,-5084,4.73097,2117.97095,27.875,31-08-2025 17:07,0,28.9,107134.8828,28.2,225.8
S8-Gotli River,16.14326,73.37373,108.905,-5103,4.7416,2117.97095,27.875,31-08-2025 17:07,0,28.9,107120.7188,28.2,225.9
S8-Gotli River,16.14326,73.37373,108.826,-5102,4.74692,2117.97095,27.875,31-08-2025 17:08,0,28.9,107184.4688,28.2,225.8
S8-Gotli River,16.14326,73.37373,108.786,-5098,4.7416,2117.97095,27.875,31-08-2025 17:08,0,28.9,107081.7578,28.2,225.8
S8-Gotli River,16.14326,73.37373,108.667,-5093,4.73363,2117.97095,27.875,31-08-2025 17:08,0,28.9,107067.5859,28.2,225.8
S8-Gotli River,16.14326,73.37373,108.43,-5089,4.75224,2117.97095,27.875,31-08-2025 17:09,0,28.9,106968.4297,28.2,225.7
S8-Gotli River,16.14326,73.37373,108.43,-5103,4.73097,2117.97095,27.875,31-08-2025 17:09,0,28.9,106968.4297,28.2,225.7
S8-Gotli River,16.14326,73.37373,108.43,-5102,4.73629,2117.97095,27.875,31-08-2025 17:09,0,28.9,106964.8828,28.2,225.6
S8-Gotli River,16.14326,73.37373,108.43,-5094,4.7416,2117.97095,27.875,31-08-2025 17:10,0,28.9,107000.3047,28.2,225.6
S8-Gotli River,16.14326,73.37373,108.232,-5091,4.73629,2117.97095,27.875,31-08-2025 17:10,0,28.9,106950.7266,28.2,225.6
S8-Gotli River,16.14326,73.37373,108.232,-5100,4.76022,2117.97095,27.875,31-08-2025 17:10,0,28.9,106862.1953,28.2,225.6
S8-Gotli River,16.14326,73.37373,108.153,-5095,4.73629,2117.97095,27.875,31-08-2025 17:11,0,28.9,106961.3516,28.2,225.5
S8-Gotli River,16.14326,73.37373,107.638,-5105,4.73363,2117.97095,27.875,31-08-2025 17:11,0,28.9,106964.8828,28.2,225.5
S8-Gotli River,16.14326,73.37373,0,0,5.43835,0,28,31-08-2025 17:11,0,28.9,106961.3516,28.2,225.5
S8-Gotli River,16.14326,73.37373,0,-2897,5.3373,0,27.75,31-08-2025 17:12,0,28.9,106876.3594,28.3,225.7
S8-Gotli River,16.14326,73.37373,0,-5389,5.23358,0,27.75,31-08-2025 17:12,0,28.9,106968.4297,28.2,225.5
S8-Gotli River,16.14326,73.37373,0,-5259,4.70969,0,27.75,31-08-2025 17:12,0,28.9,107085.2891,28.2,225.5
S8-Gotli River,16.14326,73.37373,0,-5188,4.71767,0,27.6875,31-08-2025 17:13,0,28.9,107124.25,28.2,225.5
S8-Gotli River,16.14326,73.37373,0,-5152,4.70969,0,27.6875,31-08-2025 17:13,0,28.9,107010.9219,28.3,225.7
S8-Gotli River,16.14326,73.37373,0,-5137,4.69905,0,27.75,31-08-2025 17:13,0,28.9,106858.6562,28.3,225.6
S8-Gotli River,16.14326,73.37373,0,-5120,4.72033,0,27.6875,31-08-2025 17:14,0,28.9,106826.7891,28.3,225.6
S8-Gotli River,16.14326,73.37373,0,-5111,4.72565,0,27.75,31-08-2025 17:14,0,28.9,106833.875,28.3,225.6
S8-Gotli River,16.14326,73.37373,0,-5105,4.67778,0,27.6875,31-08-2025 17:14,0,28,27775.8867,27.9,216.2
S8-Gotli River,16.14326,73.37373,0,-5117,4.71501,0,27.6875,31-08-2025 17:15,0,28,27495.3691,27.9,216.2
S8-Gotli River,16.14326,73.37373,0,-5124,4.69108,0,27.75,31-08-2025 17:15,0,28.1,27240.4727,27.9,216.2
S8-Gotli River,16.14326,73.37373,0,-5098,4.70969,0,27.6875,31-08-2025 17:15,0,28.1,27189.5078,27.9,216.2
S8-Gotli River,16.14326,73.37373,0,-5097,4.72033,0,27.75,31-08-2025 17:16,0,28.1,27097.1445,27.9,216.2
S8-Gotli River,16.14326,73.37373,0,-5105,4.69905,0,27.6875,31-08-2025 17:16,0,28.1,27058.9297,28,216.3
S8-Gotli River,16.14326,73.37373,58.452,-5108,4.69374,613.51562,27.75,31-08-2025 17:16,0,28.1,26995.2461,28,216.4
S8-Gotli River,16.14326,73.37373,117.182,-5114,4.70703,2129.66724,27.75,31-08-2025 17:17,0,28.3,26880.6289,28,216.4
S8-Gotli River,16.14326,73.37373,117.182,-5133,4.70703,2129.66724,27.6875,31-08-2025 17:17,0,28.2,26918.832,28,216.4
S8-Gotli River,16.14326,73.37373,117.182,-5146,4.72299,2135.55591,27.6875,31-08-2025 17:17,0,28.2,26909.2812,28,216.5
S8-Gotli River,16.14326,73.37373,117.182,-5131,4.70437,2135.55591,27.6875,31-08-2025 17:18,0,28.2,26941.1172,28,216.5
S8-Gotli River,16.14326,73.37373,117.182,-5118,4.72033,2135.55591,27.6875,31-08-2025 17:18,0,28.3,26899.7305,28,216.4
S8-Gotli River,16.14326,73.37373,117.182,-5122,4.72299,2135.55591,27.6875,31-08-2025 17:18,0,28.2,26947.4863,28,216.5
S8-Gotli River,16.14326,73.37373,117.182,-5107,4.68842,2135.55591,27.6875,31-08-2025 17:19,0,28.3,26915.6484,28,216.5
S8-Gotli River,16.14326,73.37373,117.182,-5111,4.70703,2135.55591,27.6875,31-08-2025 17:19,0,28.3,26912.4648,28,216.5
S8-Gotli River,16.14326,73.37373,117.182,-5118,4.70703,2135.55591,27.6875,31-08-2025 17:19,0,28.3,26922.0156,28,216.5
S8-Gotli River,16.14326,73.37373,117.182,-5123,4.70171,2135.55591,27.75,31-08-2025 17:20,0,28.3,26906.0977,28,216.5
S8-Gotli River,16.14326,73.37373,117.182,-5142,4.70969,2129.66724,27.75,31-08-2025 17:20,0,28.3,26912.4648,28,216.5
S8-Gotli River,16.14326,73.37373,117.182,-5134,4.70703,2129.66724,27.6875,31-08-2025 17:20,0,28.3,26934.75,28,216.5
S8-Gotli River,16.14326,73.37373,117.182,-5139,4.6964,2135.55591,27.6875,31-08-2025 17:21,0,28.5,26829.6973,28,216.5
S8-Gotli River,16.14326,73.37373,117.182,-5123,4.72299,2135.55591,27.75,31-08-2025 17:21,0,28.4,26858.3457,28,216.5
S8-Gotli River,16.14326,73.37373,117.182,-5104,4.71501,2129.66724,27.6875,31-08-2025 17:21,0,28.4,26839.2461,28,216.5
S8-Gotli River,16.14326,73.37373,116.865,-5096,4.70437,2135.55591,27.6875,31-08-2025 17:22,0,28.4,37988.6562,28,225.8
S8-Gotli River,16.14326,73.37373,116.548,-5104,4.72299,2135.55591,27.75,31-08-2025 17:22,0,28.4,68843.125,28,226.3
S8-Gotli River,16.14326,73.37373,116.073,-5118,4.71501,2129.66724,27.75,31-08-2025 17:22,0,28.4,101511.8047,28,226.7
S8-Gotli River,16.14326,73.37373,115.875,-5114,4.71501,2129.66724,27.75,31-08-2025 17:23,0,28.4,119882.9453,28,226.9
S8-Gotli River,16.14326,73.37373,115.875,-5117,4.81341,2129.66724,27.6875,31-08-2025 17:23,0,28.5,120094.3984,28,227.1
S8-Gotli River,16.14326,73.37373,115.875,-5104,4.72033,2135.55591,27.75,31-08-2025 17:23,0,28.5,118554.2578,28,227.7
S8-Gotli River,16.14326,73.37373,115.875,-5093,4.71767,2129.66724,27.6875,31-08-2025 17:24,0,28.5,114973.5156,28,226.7
S8-Gotli River,16.14326,73.37373,114.647,-5103,4.72033,2135.55591,27.75,31-08-2025 17:24,0,28.5,110330.9219,28,226.5
S8-Gotli River,16.14326,73.37373,113.42,-5125,4.7416,2129.66724,27.6875,31-08-2025 17:24,0,28.5,108570.2969,28,226.5
S8-Gotli River,16.14326,73.37373,113.301,-5165,4.65651,2135.55591,27.6875,31-08-2025 17:25,0,28.5,108268.8828,28,226.5
S8-Gotli River,16.14326,73.37373,113.103,-5194,4.72033,2135.55591,27.75,31-08-2025 17:25,0,28.5,108368.1641,28,226.5
S8-Gotli River,16.14326,73.37373,113.103,-5208,4.72565,2129.66724,27.75,31-08-2025 17:25,0,28.5,108439.0859,28,226.5
S8-Gotli River,16.14326,73.37373,112.984,-5205,4.72831,2129.66724,27.75,31-08-2025 17:26,0,28.5,108563.2031,28,226.5
S8-Gotli River,16.14326,73.37373,112.905,-5145,4.73629,2129.66724,27.75,31-08-2025 17:26,0,28.5,108878.9141,28,226.5
S8-Gotli River,16.14326,73.37373,112.588,-5075,4.7416,2129.66724,27.75,31-08-2025 17:26,0,28.5,109130.8281,28,226.5
S8-Gotli River,16.14326,73.37373,112.43,-5096,4.73097,2129.66724,27.75,31-08-2025 17:27,0,28.5,109308.2812,28,226.5
S8-Gotli River,16.14326,73.37373,112.43,-5123,4.72565,2129.66724,27.75,31-08-2025 17:27,0,28.5,109350.8672,28,226.5
S8-Gotli River,16.14326,73.37373,112.43,-5126,4.72831,2129.66724,27.75,31-08-2025 17:27,0,28.6,109350.8672,28,226.5
S8-Gotli River,16.14326,73.37373,112.271,-5163,4.75224,2129.66724,27.6875,31-08-2025 17:28,0,28.5,109769.7656,28,226.5
S8-Gotli River,16.14326,73.37373,112.232,-5129,4.7416,2135.55591,27.75,31-08-2025 17:28,0,28.6,109578.0391,28,226.5
S8-Gotli River,16.14326,73.37373,111.915,-5041,4.72033,2129.66724,27.75,31-08-2025 17:28,0,28.6,109659.7031,28,226.5
S8-Gotli River,16.14326,73.37373,111.558,-5072,4.74958,2129.66724,27.75,31-08-2025 17:29,0,28.6,109698.75,28,226.5
S8-Gotli River,16.14326,73.37373,111.36,-5064,4.73097,2129.66724,27.6875,31-08-2025 17:29,0,28.6,109819.4844,28,226.5
S8-Gotli River,16.14326,73.37373,111.241,-5143,4.72831,2135.55591,27.75,31-08-2025 17:29,0,28.6,109752.0156,28,226.5
S8-Gotli River,16.14326,73.37373,111.241,-5237,4.72299,2129.66724,27.75,31-08-2025 17:30,0,28.6,109897.6016,28,226.5
S8-Gotli River,16.14326,73.37373,111.241,-5225,4.72299,2129.66724,27.75,31-08-2025 17:30,0,28.6,110018.3438,28,226.5
S8-Gotli River,16.14326,73.37373,111.241,-5229,4.73895,2129.66724,27.75,31-08-2025 17:30,0,28.6,110185.2812,28,226.5
S8-Gotli River,16.14326,73.37373,111.241,-5208,4.74692,2129.66724,27.75,31-08-2025 17:31,0,28.6,110306.0547,28,226.5
S8-Gotli River,16.14326,73.37373,111.241,-5117,4.7416,2129.66724,27.75,31-08-2025 17:31,0,28.6,110458.8281,28,226.5
S8-Gotli River,16.14326,73.37373,111.241,-5158,4.73629,2129.66724,27.6875,31-08-2025 17:31,0,28.6,110568.9766,28,226.5
S8-Gotli River,16.14326,73.37373,111.202,-5232,4.64587,2135.55591,27.75,31-08-2025 17:32,0,28.6,110707.5781,28,226.5
S8-Gotli River,16.14326,73.37373,111.123,-5214,4.72831,2129.66724,27.75,31-08-2025 17:32,0,28.7,110600.9609,28,226.5
S8-Gotli River,16.14326,73.37373,111.202,-5205,4.72299,2129.66724,27.75,31-08-2025 17:32,0,28.7,110693.3594,28.1,226.6
S8-Gotli River,16.14326,73.37373,111.4,-5178,4.72831,2129.66724,27.75,31-08-2025 17:33,0,28.7,110821.3047,28,226.3
S8-Gotli River,16.14326,73.37373,111.162,-5088,4.69108,2129.66724,27.75,31-08-2025 17:33,0,28.7,110952.8125,28,226.5
S8-Gotli River,16.14326,73.37373,111.162,-5056,4.70703,2129.66724,27.75,31-08-2025 17:33,0,28.7,110967.0391,28.1,226.5
S8-Gotli River,16.14326,73.37373,111.123,-5105,4.72831,2129.66724,27.75,31-08-2025 17:34,0,28.7,111031.0234,28.1,226.6
S8-Gotli River,16.14326,73.37373,110.964,-5124,4.71767,2129.66724,27.75,31-08-2025 17:34,0,28.7,111048.7969,28.1,226.5
S8-Gotli River,16.14326,73.37373,110.964,-5120,4.72565,2129.66724,27.75,31-08-2025 17:34,0,28.7,111102.125,28.1,226.5
S8-Gotli River,16.14326,73.37373,110.964,-5089,4.7682,2129.66724,27.75,31-08-2025 17:35,0,28.7,111087.9062,28.1,226.5
S8-Gotli River,16.14326,73.37373,110.964,-5093,4.6831,2129.66724,27.75,31-08-2025 17:35,0,28.7,110856.8438,28,226.2
S8-Gotli River,16.14326,73.37373,110.964,-5107,4.72299,2129.66724,27.75,31-08-2025 17:35,0,28.7,110490.8047,28.1,226.5
S8-Gotli River,16.14326,73.37373,111.004,-5087,4.71767,2129.66724,27.75,31-08-2025 17:36,0,28.7,109634.8438,28.1,226.5
S8-Gotli River,16.14326,73.37373,111.043,-5077,4.7682,2129.66724,27.75,31-08-2025 17:36,0,28.7,109105.9844,28,226.2
S8-Gotli River,16.14326,73.37373,111.043,-5075,4.73097,2129.66724,27.75,31-08-2025 17:36,0,28.7,108900.2031,28,226.2
S8-Gotli River,16.14326,73.37373,111.043,-5083,4.72831,2129.66724,27.75,31-08-2025 17:37,0,28.7,108878.9141,28.1,226.5
S8-Gotli River,16.14326,73.37373,111.043,-5080,4.72831,2129.66724,27.75,31-08-2025 17:37,0,28.7,108815.0547,28.1,226.4
S8-Gotli River,16.14326,73.37373,111.043,-5065,4.72299,2129.66724,27.75,31-08-2025 17:37,0,28.7,108694.4453,28,226.2
S8-Gotli River,16.14326,73.37373,111.479,-5057,4.76288,2129.66724,27.75,31-08-2025 17:38,0,28.7,108623.5078,28,226.1
S8-Gotli River,16.14326,73.37373,111.796,-5060,4.73629,2129.66724,27.75,31-08-2025 17:38,0,28.7,108694.4453,28,226.1
S8-Gotli River,16.14326,73.37373,112.073,-5067,4.73895,2129.66724,27.75,31-08-2025 17:38,0,28.7,108708.6406,28,226.1
S8-Gotli River,16.14326,73.37373,112.667,-5058,4.73097,2129.66724,27.75,31-08-2025 17:39,0,28.7,108694.4453,28.1,226.4
S8-Gotli River,16.14326,73.37373,112.826,-5056,4.72831,2129.66724,27.75,31-08-2025 17:39,0,28.7,108655.4297,28,226.1
S8-Gotli River,16.14326,73.37373,113.34,-5058,4.7549,2129.66724,27.75,31-08-2025 17:39,0,28.7,108602.2188,28.1,226.3
S8-Gotli River,16.14326,73.37373,113.736,-5057,4.74692,2129.66724,27.75,31-08-2025 17:40,0,28.7,108580.9453,28.1,226.2
S8-Gotli River,16.14326,73.37373,114.053,-5068,4.72831,2129.66724,27.75,31-08-2025 17:40,0,28.7,108534.8359,28.1,226.2
S8-Gotli River,16.14326,73.37373,114.251,-5081,4.75224,2129.66724,27.75,31-08-2025 17:40,0,28.7,108545.4766,28.1,226.2
S8-Gotli River,16.14326,73.37373,114.568,-5078,4.73097,2129.66724,27.75,31-08-2025 17:41,0,28.7,108502.9219,28.1,226.2
S8-Gotli River,16.14326,73.37373,114.568,-5066,4.76022,2129.66724,27.8125,31-08-2025 17:41,0,28.7,108478.0938,28.1,226.2
S8-Gotli River,16.14326,73.37373,114.568,-5069,4.68044,2123.80542,27.75,31-08-2025 17:41,0,28.7,108467.4531,28.1,226.2
S8-Gotli River,16.14326,73.37373,114.568,-5062,4.74958,2129.66724,27.75,31-08-2025 17:42,0,28.7,108382.3516,28.1,226.2
S8-Gotli River,16.14326,73.37373,114.568,-5072,4.67778,2129.66724,27.75,31-08-2025 17:42,0,28.7,108339.7969,28.1,226.2
S8-Gotli River,16.14326,73.37373,114.568,-5083,4.74692,2129.66724,27.8125,31-08-2025 17:42,0,28.7,108343.3438,28.1,226.1
S8-Gotli River,16.14326,73.37373,114.568,-5073,4.73363,2123.80542,27.8125,31-08-2025 17:43,0,28.7,108382.3516,28.1,226.1
S8-Gotli River,16.14326,73.37373,114.568,-5052,4.73895,2123.80542,27.8125,31-08-2025 17:43,0,28.7,108371.7109,28.1,226.1
S8-Gotli River,16.14326,73.37373,114.568,-5061,4.76554,2123.80542,27.75,31-08-2025 17:43,0,28.7,108311.4297,28.1,226.1
S8-Gotli River,16.14326,73.37373,114.845,-5075,4.72033,2129.66724,27.75,31-08-2025 17:44,0,28.7,108215.6953,28.1,226.1
S8-Gotli River,16.14326,73.37373,114.568,-5064,4.72565,2129.66724,27.8125,31-08-2025 17:44,0,28.7,108162.5078,28.1,226.1
S8-Gotli River,16.14326,73.37373,114.489,-5070,4.73895,2123.80542,27.8125,31-08-2025 17:44,0,28.7,108130.6016,28.1,226.2
S8-Gotli River,16.14326,73.37373,114.132,-5085,4.75224,2123.80542,27.75,31-08-2025 17:45,0,28.7,108162.5078,28.1,226.3
S8-Gotli River,16.14326,73.37373,114.014,-5086,4.76288,2129.66724,27.8125,31-08-2025 17:45,0,28.7,108169.6016,28.1,226.2
S8-Gotli River,16.14326,73.37373,114.014,-5096,4.75756,2123.80542,27.75,31-08-2025 17:45,0,28.7,108176.6953,28.1,226.2
S8-Gotli River,16.14326,73.37373,113.895,-5086,4.74426,2129.66724,27.75,31-08-2025 17:46,0,28.7,108127.0625,28.1,226.2
S8-Gotli River,16.14326,73.37373,113.855,-5086,4.73629,2129.66724,27.75,31-08-2025 17:46,0,28.8,107779.6875,28.1,226.2
S8-Gotli River,16.14326,73.37373,113.222,-5095,4.76022,2129.66724,27.8125,31-08-2025 17:46,0,28.7,107946.2734,28.1,226.2
S8-Gotli River,16.14326,73.37373,112.707,-5083,4.76554,2123.80542,27.8125,31-08-2025 17:47,0,28.7,107925.0078,28.1,226.2
S8-Gotli River,16.14326,73.37373,112.588,-5088,4.74958,2123.80542,27.8125,31-08-2025 17:47,0,28.8,107627.3047,28.1,226.2
S8-Gotli River,16.14326,73.37373,112.192,-5085,4.75224,2123.80542,27.8125,31-08-2025 17:47,0,28.7,107878.9297,28.1,226.2
S8-Gotli River,16.14326,73.37373,112.034,-5080,4.73895,2123.80542,27.8125,31-08-2025 17:48,0,28.8,107659.1953,28.1,226.2
S8-Gotli River,16.14326,73.37373,111.717,-5084,4.72033,2123.80542,27.8125,31-08-2025 17:48,0,28.8,107662.75,28.1,226.1
S8-Gotli River,16.14326,73.37373,111.4,-5095,4.73895,2123.80542,27.8125,31-08-2025 17:48,0,28.8,107662.75,28.1,226.1
S8-Gotli River,16.14326,73.37373,111.083,-5114,4.75756,2123.80542,27.8125,31-08-2025 17:49,0,28.8,107634.3984,28.1,226.1
S8-Gotli River,16.14326,73.37373,111.004,-5109,4.75224,2123.80542,27.8125,31-08-2025 17:49,0,28.8,107609.5938,28.1,226.1
S8-Gotli River,16.14326,73.37373,110.925,-5111,4.75224,2123.80542,27.8125,31-08-2025 17:49,0,28.8,107538.7266,28.1,226.1
S8-Gotli River,16.14326,73.37373,110.885,-5116,4.72299,2123.80542,27.8125,31-08-2025 17:50,0,28.8,107446.6094,28.1,226
S8-Gotli River,16.14326,73.37373,110.845,-5112,4.72831,2123.80542,27.8125,31-08-2025 17:50,0,28.8,107414.7266,28.1,226
S8-Gotli River,16.14326,73.37373,110.845,-5110,4.70437,2123.80542,27.8125,31-08-2025 17:50,0,28.8,107400.5547,28.1,225.9
S8-Gotli River,16.14326,73.37373,110.806,-5099,4.7416,2123.80542,27.8125,31-08-2025 17:51,0,28.8,107411.1797,28.1,226
S8-Gotli River,16.14326,73.37373,110.766,-5093,4.72565,2123.80542,27.8125,31-08-2025 17:51,0,28.8,107435.9766,28.1,226.1
S8-Gotli River,16.14326,73.37373,110.766,-5104,4.7416,2123.80542,27.8125,31-08-2025 17:51,0,28.8,107414.7266,28.2,226.2
S8-Gotli River,16.14326,73.37373,110.766,-5108,4.73895,2123.80542,27.8125,31-08-2025 17:52,0,28.8,107453.6953,28.1,226
S8-Gotli River,16.14326,73.37373,110.766,-5098,4.72565,2123.80542,27.8125,31-08-2025 17:52,0,28.8,107435.9766,28.1,226.1
S8-Gotli River,16.14326,73.37373,110.766,-5095,4.73097,2123.80542,27.8125,31-08-2025 17:52,0,28.8,107499.75,28.2,226.2
S8-Gotli River,16.14326,73.37373,110.529,-5101,4.72299,2123.80542,27.8125,31-08-2025 17:53,0,28.8,107443.0625,28.2,226.2
S8-Gotli River,16.14326,73.37373,110.133,-5099,4.74692,2123.80542,27.8125,31-08-2025 17:53,0,28.8,107474.9453,28.2,226.2
S8-Gotli River,16.14326,73.37373,109.816,-5094,4.7416,2123.80542,27.8125,31-08-2025 17:53,0,28.8,107552.8984,28.2,226.2
S8-Gotli River,16.14326,73.37373,109.816,-5081,4.68842,2123.80542,27.8125,31-08-2025 17:54,0,28.8,107510.3828,28.2,226.2
S8-Gotli River,16.14326,73.37373,109.776,-5076,4.72033,2123.80542,27.8125,31-08-2025 17:54,0,28.8,107439.5234,28.2,226.2
S8-Gotli River,16.14326,73.37373,109.776,-5084,4.73629,2123.80542,27.8125,31-08-2025 17:54,0,28.8,107386.3828,28.2,226.2
S8-Gotli River,16.14326,73.37373,109.776,-5084,4.76288,2123.80542,27.8125,31-08-2025 17:55,0,28.8,107524.5469,28.2,226.2
S8-Gotli River,16.14326,73.37373,109.816,-5083,4.76288,2123.80542,27.875,31-08-2025 17:55,0,28.8,107524.5469,28.2,226.2
S8-Gotli River,16.14326,73.37373,109.816,-5086,4.76022,2117.97095,27.8125,31-08-2025 17:55,0,28.8,107616.6797,28.2,226.1
S8-Gotli River,16.14326,73.37373,109.816,-5091,4.73097,2123.80542,27.875,31-08-2025 17:56,0,28.8,107559.9844,28.2,226.1
S8-Gotli River,16.14326,73.37373,109.935,-5094,4.74692,2117.97095,27.875,31-08-2025 17:56,0,28.8,107503.2969,28.2,226
S8-Gotli River,16.14326,73.37373,109.935,-5082,4.7682,2117.97095,27.875,31-08-2025 17:56,0,28.8,107372.2031,28.2,226.1
S8-Gotli River,16.14326,73.37373,109.855,-5081,4.79479,2117.97095,27.875,31-08-2025 17:57,0,28.8,107354.4922,28.2,226
S8-Gotli River,16.14326,73.37373,109.855,-5079,4.72299,2117.97095,27.8125,31-08-2025 17:57,0,28.8,107308.4375,28.2,226
S8-Gotli River,16.14326,73.37373,109.935,-5069,4.7416,2123.80542,27.875,31-08-2025 17:57,0,28.8,107216.3516,28.2,226
S8-Gotli River,16.14326,73.37373,109.737,-5084,4.7549,2117.97095,27.875,31-08-2025 17:58,0,28.9,106982.6016,28.2,226
S8-Gotli River,16.14326,73.37373,109.222,-5089,4.73629,2117.97095,27.875,31-08-2025 17:58,0,28.9,107081.7578,28.2,226
S8-Gotli River,16.14326,73.37373,109.222,-5080,4.73895,2117.97095,27.875,31-08-2025 17:58,0,28.8,107482.0391,28.2,226
S8-Gotli River,16.14326,73.37373,109.222,-5079,4.73895,2117.97095,27.875,31-08-2025 17:59,0,28.8,107563.5234,28.2,226
S8-Gotli River,16.14326,73.37373,109.222,-5082,4.77618,2117.97095,27.875,31-08-2025 17:59,0,28.9,107202.1797,28.2,226
S8-Gotli River,16.14326,73.37373,109.222,-5085,4.7682,2117.97095,27.875,31-08-2025 17:59,0,28.9,107064.0469,28.2,225.9
S8-Gotli River,16.14326,73.37373,108.945,-5086,4.73629,2117.97095,27.875,31-08-2025 18:00,0,28.9,106982.6016,28.2,225.9
S8-Gotli River,16.14326,73.37373,108.905,-5093,4.73363,2117.97095,27.875,31-08-2025 18:00,0,28.9,107021.5469,28.2,225.9
S8-Gotli River,16.14326,73.37373,108.905,-5089,4.74692,2117.97095,27.875,31-08-2025 18:00,0,28.9,107067.5859,28.2,225.8
S8-Gotli River,16.14326,73.37373,108.905,-5084,4.73097,2117.97095,27.875,31-08-2025 18:01,0,28.9,107067.5859,28.2,225.9
S8-Gotli River,16.14326,73.37373,108.905,-5103,4.7416,2117.97095,27.875,31-08-2025 18:01,0,28.9,107025.0938,28.2,225.8
S8-Gotli River,16.14326,73.37373,108.826,-5102,4.74692,2117.97095,27.875,31-08-2025 18:01,0,28.9,107039.2578,28.2,225.8
S8-Gotli River,16.14326,73.37373,108.786,-5098,4.7416,2117.97095,27.875,31-08-2025 18:02,0,28.9,107120.7188,28.2,225.8
S8-Gotli River,16.14326,73.37373,108.667,-5093,4.73363,2117.97095,27.875,31-08-2025 18:02,0,28.9,107251.7656,28.2,225.8
S8-Gotli River,16.14326,73.37373,108.43,-5089,4.75224,2117.97095,27.875,31-08-2025 18:02,0,28.9,107202.1797,28.2,225.8
S8-Gotli River,16.14326,73.37373,108.43,-5103,4.73097,2117.97095,27.875,31-08-2025 18:03,0,28.9,107074.6719,28.2,225.8
S8-Gotli River,16.14326,73.37373,108.43,-5102,4.73629,2117.97095,27.875,31-08-2025 18:03,0,28.9,107049.8828,28.2,225.8
S8-Gotli River,16.14326,73.37373,108.43,-5094,4.7416,2117.97095,27.875,31-08-2025 18:03,0,28.9,107046.3438,28.2,225.9
S8-Gotli River,16.14326,73.37373,108.232,-5091,4.73629,2117.97095,27.875,31-08-2025 18:04,0,28.9,107134.8828,28.2,225.8
S8-Gotli River,16.14326,73.37373,108.232,-5100,4.76022,2117.97095,27.875,31-08-2025 18:04,0,28.9,107120.7188,28.2,225.9
S8-Gotli River,16.14326,73.37373,108.153,-5095,4.73629,2117.97095,27.875,31-08-2025 18:04,0,28.9,107184.4688,28.2,225.8
S8-Gotli River,16.14326,73.37373,107.638,-5105,4.73363,2117.97095,27.875,31-08-2025 18:05,0,28.9,107081.7578,28.2,225.8
S8-Gotli River,16.14326,73.37373,0,0,5.43835,0,28,31-08-2025 18:05,0,28.9,107067.5859,28.2,225.8
S8-Gotli River,16.14326,73.37373,0,-2897,5.3373,0,27.75,31-08-2025 18:05,0,28.9,106968.4297,28.2,225.7
S8-Gotli River,16.14326,73.37373,0,-5389,5.23358,0,27.75,31-08-2025 18:06,0,28.9,106968.4297,28.2,225.7
S8-Gotli River,16.14326,73.37373,0,-5259,4.70969,0,27.75,31-08-2025 18:06,0,28.9,106964.8828,28.2,225.6
S8-Gotli River,16.14326,73.37373,0,-5188,4.71767,0,27.6875,31-08-2025 18:06,0,28.9,107000.3047,28.2,225.6
S8-Gotli River,16.14326,73.37373,0,-5152,4.70969,0,27.6875,31-08-2025 18:07,0,28.9,106950.7266,28.2,225.6
S8-Gotli River,16.14326,73.37373,0,-5137,4.69905,0,27.75,31-08-2025 18:07,0,28.9,106862.1953,28.2,225.6
S8-Gotli River,16.14326,73.37373,0,-5120,4.72033,0,27.6875,31-08-2025 18:07,0,28.9,106961.3516,28.2,225.5
S8-Gotli River,16.14326,73.37373,0,-5111,4.72565,0,27.75,31-08-2025 18:08,0,28.9,106964.8828,28.2,225.5
S8-Gotli River,16.14326,73.37373,0,-5105,4.67778,0,27.6875,31-08-2025 18:08,0,28.9,106961.3516,28.2,225.5
S8-Gotli River,16.14326,73.37373,0,-5117,4.71501,0,27.6875,31-08-2025 18:08,0,28.9,106876.3594,28.3,225.7
S8-Gotli River,16.14326,73.37373,0,-5124,4.69108,0,27.75,31-08-2025 18:09,0,28.9,106968.4297,28.2,225.5
S8-Gotli River,16.14326,73.37373,0,-5098,4.70969,0,27.6875,31-08-2025 18:09,0,28.9,107085.2891,28.2,225.5
S8-Gotli River,16.14326,73.37373,0,-5097,4.72033,0,27.75,31-08-2025 18:09,0,28.9,107124.25,28.2,225.5
S8-Gotli River,16.14326,73.37373,0,-5105,4.69905,0,27.6875,31-08-2025 18:10,0,28.9,107010.9219,28.3,225.7
S8-Gotli River,16.14326,73.37373,58.452,-5108,4.69374,613.51562,27.75,31-08-2025 18:10,0,28.9,106858.6562,28.3,225.6
S8-Gotli River,16.14326,73.37373,117.182,-5114,4.70703,2129.66724,27.75,31-08-2025 18:10,0,28.9,106826.7891,28.3,225.6
S8-Gotli River,16.14326,73.37373,117.182,-5133,4.70703,2129.66724,27.6875,31-08-2025 18:11,0,28.9,106833.875,28.3,225.6
S8-Gotli River,16.14326,73.37373,117.182,-5146,4.72299,2135.55591,27.6875,31-08-2025 18:11,0,28,27775.8867,27.9,216.2
S8-Gotli River,16.14326,73.37373,117.182,-5131,4.70437,2135.55591,27.6875,31-08-2025 18:11,0,28,27495.3691,27.9,216.2
S8-Gotli River,16.14326,73.37373,117.182,-5118,4.72033,2135.55591,27.6875,31-08-2025 18:12,0,28.1,27240.4727,27.9,216.2
S8-Gotli River,16.14326,73.37373,117.182,-5122,4.72299,2135.55591,27.6875,31-08-2025 18:12,0,28.1,27189.5078,27.9,216.2
S8-Gotli River,16.14326,73.37373,117.182,-5107,4.68842,2135.55591,27.6875,31-08-2025 18:12,0,28.1,27097.1445,27.9,216.2
S8-Gotli River,16.14326,73.37373,117.182,-5111,4.70703,2135.55591,27.6875,31-08-2025 18:13,0,28.1,27058.9297,28,216.3
S8-Gotli River,16.14326,73.37373,117.182,-5118,4.70703,2135.55591,27.6875,31-08-2025 18:13,0,28.1,26995.2461,28,216.4
S8-Gotli River,16.14326,73.37373,117.182,-5123,4.70171,2135.55591,27.75,31-08-2025 18:13,0,28.3,26880.6289,28,216.4
S8-Gotli River,16.14326,73.37373,117.182,-5142,4.70969,2129.66724,27.75,31-08-2025 18:14,0,28.2,26918.832,28,216.4
S8-Gotli River,16.14326,73.37373,117.182,-5134,4.70703,2129.66724,27.6875,31-08-2025 18:14,0,28.2,26909.2812,28,216.5
S8-Gotli River,16.14326,73.37373,117.182,-5139,4.6964,2135.55591,27.6875,31-08-2025 18:14,0,28.2,26941.1172,28,216.5
S8-Gotli River,16.14326,73.37373,117.182,-5123,4.72299,2135.55591,27.75,31-08-2025 18:15,0,28.3,26899.7305,28,216.4
S8-Gotli River,16.14326,73.37373,117.182,-5104,4.71501,2129.66724,27.6875,31-08-2025 18:15,0,28.2,26947.4863,28,216.5
S8-Gotli River,16.14326,73.37373,116.865,-5096,4.70437,2135.55591,27.6875,31-08-2025 18:15,0,28.3,26915.6484,28,216.5
S8-Gotli River,16.14326,73.37373,116.548,-5104,4.72299,2135.55591,27.75,31-08-2025 18:16,0,28.3,26912.4648,28,216.5
S8-Gotli River,16.14326,73.37373,116.073,-5118,4.71501,2129.66724,27.75,31-08-2025 18:16,0,28.3,26922.0156,28,216.5
S8-Gotli River,16.14326,73.37373,115.875,-5114,4.71501,2129.66724,27.75,31-08-2025 18:16,0,28.3,26906.0977,28,216.5
S8-Gotli River,16.14326,73.37373,115.875,-5117,4.81341,2129.66724,27.6875,31-08-2025 18:17,0,28.3,26912.4648,28,216.5
S8-Gotli River,16.14326,73.37373,115.875,-5104,4.72033,2135.55591,27.75,31-08-2025 18:17,0,28.3,26934.75,28,216.5
S8-Gotli River,16.14326,73.37373,115.875,-5093,4.71767,2129.66724,27.6875,31-08-2025 18:17,0,28.5,26829.6973,28,216.5
S8-Gotli River,16.14326,73.37373,114.647,-5103,4.72033,2135.55591,27.75,31-08-2025 18:18,0,28.4,26858.3457,28,216.5
S8-Gotli River,16.14326,73.37373,113.42,-5125,4.7416,2129.66724,27.6875,31-08-2025 18:18,0,28.4,26839.2461,28,216.5
S8-Gotli River,16.14326,73.37373,113.301,-5165,4.65651,2135.55591,27.6875,31-08-2025 18:18,0,28.4,37988.6562,28,225.8
S8-Gotli River,16.14326,73.37373,113.103,-5194,4.72033,2135.55591,27.75,31-08-2025 18:19,0,28.4,68843.125,28,226.3
S8-Gotli River,16.14326,73.37373,113.103,-5208,4.72565,2129.66724,27.75,31-08-2025 18:19,0,28.4,101511.8047,28,226.7
S8-Gotli River,16.14326,73.37373,112.984,-5205,4.72831,2129.66724,27.75,31-08-2025 18:19,0,28.4,119882.9453,28,226.9
S8-Gotli River,16.14326,73.37373,112.905,-5145,4.73629,2129.66724,27.75,31-08-2025 18:20,0,28.5,120094.3984,28,227.1
S8-Gotli River,16.14326,73.37373,112.588,-5075,4.7416,2129.66724,27.75,31-08-2025 18:20,0,28.5,118554.2578,28,227.7
S8-Gotli River,16.14326,73.37373,112.43,-5096,4.73097,2129.66724,27.75,31-08-2025 18:20,0,28.5,114973.5156,28,226.7
S8-Gotli River,16.14326,73.37373,112.43,-5123,4.72565,2129.66724,27.75,31-08-2025 18:21,0,28.5,110330.9219,28,226.5
S8-Gotli River,16.14326,73.37373,112.43,-5126,4.72831,2129.66724,27.75,31-08-2025 18:21,0,28.5,108570.2969,28,226.5
S8-Gotli River,16.14326,73.37373,112.271,-5163,4.75224,2129.66724,27.6875,31-08-2025 18:21,0,28.5,108268.8828,28,226.5
S8-Gotli River,16.14326,73.37373,112.232,-5129,4.7416,2135.55591,27.75,31-08-2025 18:22,0,28.5,108368.1641,28,226.5
S8-Gotli River,16.14326,73.37373,111.915,-5041,4.72033,2129.66724,27.75,31-08-2025 18:22,0,28.5,108439.0859,28,226.5
S8-Gotli River,16.14326,73.37373,111.558,-5072,4.74958,2129.66724,27.75,31-08-2025 18:22,0,28.5,108563.2031,28,226.5
S8-Gotli River,16.14326,73.37373,111.36,-5064,4.73097,2129.66724,27.6875,31-08-2025 18:23,0,28.5,108878.9141,28,226.5
S8-Gotli River,16.14326,73.37373,111.241,-5143,4.72831,2135.55591,27.75,31-08-2025 18:23,0,28.5,109130.8281,28,226.5
S8-Gotli River,16.14326,73.37373,111.241,-5237,4.72299,2129.66724,27.75,31-08-2025 18:23,0,28.5,109308.2812,28,226.5
S8-Gotli River,16.14326,73.37373,111.241,-5225,4.72299,2129.66724,27.75,31-08-2025 18:24,0,28.5,109350.8672,28,226.5
S8-Gotli River,16.14326,73.37373,111.241,-5229,4.73895,2129.66724,27.75,31-08-2025 18:24,0,28.6,109350.8672,28,226.5
S8-Gotli River,16.14326,73.37373,111.241,-5208,4.74692,2129.66724,27.75,31-08-2025 18:24,0,28.5,109769.7656,28,226.5
S8-Gotli River,16.14326,73.37373,111.241,-5117,4.7416,2129.66724,27.75,31-08-2025 18:25,0,28.6,109578.0391,28,226.5
S8-Gotli River,16.14326,73.37373,111.241,-5158,4.73629,2129.66724,27.6875,31-08-2025 18:25,0,28.6,109659.7031,28,226.5
S8-Gotli River,16.14326,73.37373,111.202,-5232,4.64587,2135.55591,27.75,31-08-2025 18:25,0,28.6,109698.75,28,226.5
S8-Gotli River,16.14326,73.37373,111.123,-5214,4.72831,2129.66724,27.75,31-08-2025 18:26,0,28.6,109819.4844,28,226.5
S8-Gotli River,16.14326,73.37373,111.202,-5205,4.72299,2129.66724,27.75,31-08-2025 18:26,0,28.6,109752.0156,28,226.5
S8-Gotli River,16.14326,73.37373,111.4,-5178,4.72831,2129.66724,27.75,31-08-2025 18:26,0,28.6,109897.6016,28,226.5
S8-Gotli River,16.14326,73.37373,111.162,-5088,4.69108,2129.66724,27.75,31-08-2025 18:27,0,28.6,110018.3438,28,226.5
S8-Gotli River,16.14326,73.37373,111.162,-5056,4.70703,2129.66724,27.75,31-08-2025 18:27,0,28.6,110185.2812,28,226.5
S8-Gotli River,16.14326,73.37373,111.123,-5105,4.72831,2129.66724,27.75,31-08-2025 18:27,0,28.6,110306.0547,28,226.5
S8-Gotli River,16.14326,73.37373,110.964,-5124,4.71767,2129.66724,27.75,31-08-2025 18:28,0,28.6,110458.8281,28,226.5
S8-Gotli River,16.14326,73.37373,110.964,-5120,4.72565,2129.66724,27.75,31-08-2025 18:28,0,28.6,110568.9766,28,226.5
S8-Gotli River,16.14326,73.37373,110.964,-5089,4.7682,2129.66724,27.75,31-08-2025 18:28,0,28.6,110707.5781,28,226.5
S8-Gotli River,16.14326,73.37373,110.964,-5093,4.6831,2129.66724,27.75,31-08-2025 18:29,0,28.7,110600.9609,28,226.5
S8-Gotli River,16.14326,73.37373,110.964,-5107,4.72299,2129.66724,27.75,31-08-2025 18:29,0,28.7,110693.3594,28.1,226.6
S8-Gotli River,16.14326,73.37373,111.004,-5087,4.71767,2129.66724,27.75,31-08-2025 18:29,0,28.7,110821.3047,28,226.3
S8-Gotli River,16.14326,73.37373,111.043,-5077,4.7682,2129.66724,27.75,31-08-2025 18:30,0,28.7,110952.8125,28,226.5
S8-Gotli River,16.14326,73.37373,111.043,-5075,4.73097,2129.66724,27.75,31-08-2025 18:30,0,28.7,110967.0391,28.1,226.5
S8-Gotli River,16.14326,73.37373,111.043,-5083,4.72831,2129.66724,27.75,31-08-2025 18:30,0,28.7,111031.0234,28.1,226.6
S8-Gotli River,16.14326,73.37373,111.043,-5080,4.72831,2129.66724,27.75,31-08-2025 18:31,0,28.7,111048.7969,28.1,226.5
S8-Gotli River,16.14326,73.37373,111.043,-5065,4.72299,2129.66724,27.75,31-08-2025 18:31,0,28.7,111102.125,28.1,226.5
S8-Gotli River,16.14326,73.37373,111.479,-5057,4.76288,2129.66724,27.75,31-08-2025 18:31,0,28.7,111087.9062,28.1,226.5
S8-Gotli River,16.14326,73.37373,111.796,-5060,4.73629,2129.66724,27.75,31-08-2025 18:32,0,28.7,110856.8438,28,226.2
S8-Gotli River,16.14326,73.37373,112.073,-5067,4.73895,2129.66724,27.75,31-08-2025 18:32,0,28.7,110490.8047,28.1,226.5
S8-Gotli River,16.14326,73.37373,112.667,-5058,4.73097,2129.66724,27.75,31-08-2025 18:32,0,28.7,109634.8438,28.1,226.5
S8-Gotli River,16.14326,73.37373,112.826,-5056,4.72831,2129.66724,27.75,31-08-2025 18:33,0,28.7,109105.9844,28,226.2
S8-Gotli River,16.14326,73.37373,113.34,-5058,4.7549,2129.66724,27.75,31-08-2025 18:33,0,28.7,108900.2031,28,226.2
S8-Gotli River,16.14326,73.37373,113.736,-5057,4.74692,2129.66724,27.75,31-08-2025 18:33,0,28.7,108878.9141,28.1,226.5
S8-Gotli River,16.14326,73.37373,114.053,-5068,4.72831,2129.66724,27.75,31-08-2025 18:34,0,28.7,108815.0547,28.1,226.4
S8-Gotli River,16.14326,73.37373,114.251,-5081,4.75224,2129.66724,27.75,31-08-2025 18:34,0,28.7,108694.4453,28,226.2
S8-Gotli River,16.14326,73.37373,114.568,-5078,4.73097,2129.66724,27.75,31-08-2025 18:34,0,28.7,108623.5078,28,226.1
S8-Gotli River,16.14326,73.37373,114.568,-5066,4.76022,2129.66724,27.8125,31-08-2025 18:35,0,28.7,108694.4453,28,226.1
S8-Gotli River,16.14326,73.37373,114.568,-5069,4.68044,2123.80542,27.75,31-08-2025 18:35,0,28.7,108708.6406,28,226.1
S8-Gotli River,16.14326,73.37373,114.568,-5062,4.74958,2129.66724,27.75,31-08-2025 18:35,0,28.7,108694.4453,28.1,226.4
S8-Gotli River,16.14326,73.37373,114.568,-5072,4.67778,2129.66724,27.75,31-08-2025 18:36,0,28.7,108655.4297,28,226.1
S8-Gotli River,16.14326,73.37373,114.568,-5083,4.74692,2129.66724,27.8125,31-08-2025 18:36,0,28.7,108602.2188,28.1,226.3
S8-Gotli River,16.14326,73.37373,114.568,-5073,4.73363,2123.80542,27.8125,31-08-2025 18:36,0,28.7,108580.9453,28.1,226.2
S8-Gotli River,16.14326,73.37373,114.568,-5052,4.73895,2123.80542,27.8125,31-08-2025 18:37,0,28.7,108534.8359,28.1,226.2
S8-Gotli River,16.14326,73.37373,114.568,-5061,4.76554,2123.80542,27.75,31-08-2025 18:37,0,28.7,108545.4766,28.1,226.2
S8-Gotli River,16.14326,73.37373,114.845,-5075,4.72033,2129.66724,27.75,31-08-2025 18:37,0,28.7,108502.9219,28.1,226.2
S8-Gotli River,16.14326,73.37373,114.568,-5064,4.72565,2129.66724,27.8125,31-08-2025 18:38,0,28.7,108478.0938,28.1,226.2
S8-Gotli River,16.14326,73.37373,114.489,-5070,4.73895,2123.80542,27.8125,31-08-2025 18:38,0,28.7,108467.4531,28.1,226.2
S8-Gotli River,16.14326,73.37373,114.132,-5085,4.75224,2123.80542,27.75,31-08-2025 18:38,0,28.7,108382.3516,28.1,226.2
S8-Gotli River,16.14326,73.37373,114.014,-5086,4.76288,2129.66724,27.8125,31-08-2025 18:39,0,28.7,108339.7969,28.1,226.2
S8-Gotli River,16.14326,73.37373,114.014,-5096,4.75756,2123.80542,27.75,31-08-2025 18:39,0,28.7,108343.3438,28.1,226.1
S8-Gotli River,16.14326,73.37373,113.895,-5086,4.74426,2129.66724,27.75,31-08-2025 18:39,0,28.7,108382.3516,28.1,226.1
S8-Gotli River,16.14326,73.37373,113.855,-5086,4.73629,2129.66724,27.75,31-08-2025 18:40,0,28.7,108371.7109,28.1,226.1
S8-Gotli River,16.14326,73.37373,113.222,-5095,4.76022,2129.66724,27.8125,31-08-2025 18:40,0,28.7,108311.4297,28.1,226.1
S8-Gotli River,16.14326,73.37373,112.707,-5083,4.76554,2123.80542,27.8125,31-08-2025 18:40,0,28.7,108215.6953,28.1,226.1
S8-Gotli River,16.14326,73.37373,112.588,-5088,4.74958,2123.80542,27.8125,31-08-2025 18:41,0,28.7,108162.5078,28.1,226.1
S8-Gotli River,16.14326,73.37373,112.192,-5085,4.75224,2123.80542,27.8125,31-08-2025 18:41,0,28.7,108130.6016,28.1,226.2
S8-Gotli River,16.14326,73.37373,112.034,-5080,4.73895,2123.80542,27.8125,31-08-2025 18:41,0,28.7,108162.5078,28.1,226.3
S8-Gotli River,16.14326,73.37373,111.717,-5084,4.72033,2123.80542,27.8125,31-08-2025 18:42,0,28.7,108169.6016,28.1,226.2
S8-Gotli River,16.14326,73.37373,111.4,-5095,4.73895,2123.80542,27.8125,31-08-2025 18:42,0,28.7,108176.6953,28.1,226.2
S8-Gotli River,16.14326,73.37373,111.083,-5114,4.75756,2123.80542,27.8125,31-08-2025 18:42,0,28.7,108127.0625,28.1,226.2
S8-Gotli River,16.14326,73.37373,111.004,-5109,4.75224,2123.80542,27.8125,31-08-2025 18:43,0,28.8,107779.6875,28.1,226.2
S8-Gotli River,16.14326,73.37373,110.925,-5111,4.75224,2123.80542,27.8125,31-08-2025 18:43,0,28.7,107946.2734,28.1,226.2
S8-Gotli River,16.14326,73.37373,110.885,-5116,4.72299,2123.80542,27.8125,31-08-2025 18:43,0,28.7,107925.0078,28.1,226.2
S8-Gotli River,16.14326,73.37373,110.845,-5112,4.72831,2123.80542,27.8125,31-08-2025 18:44,0,28.8,107627.3047,28.1,226.2
S8-Gotli River,16.14326,73.37373,110.845,-5110,4.70437,2123.80542,27.8125,31-08-2025 18:44,0,28.7,107878.9297,28.1,226.2
S8-Gotli River,16.14326,73.37373,110.806,-5099,4.7416,2123.80542,27.8125,31-08-2025 18:44,0,28.8,107659.1953,28.1,226.2
S8-Gotli River,16.14326,73.37373,110.766,-5093,4.72565,2123.80542,27.8125,31-08-2025 18:45,0,28.8,107662.75,28.1,226.1
S8-Gotli River,16.14326,73.37373,110.766,-5104,4.7416,2123.80542,27.8125,31-08-2025 18:45,0,28.8,107662.75,28.1,226.1
S8-Gotli River,16.14326,73.37373,110.766,-5108,4.73895,2123.80542,27.8125,31-08-2025 18:45,0,28.8,107634.3984,28.1,226.1
S8-Gotli River,16.14326,73.37373,110.766,-5098,4.72565,2123.80542,27.8125,31-08-2025 18:46,0,28.8,107609.5938,28.1,226.1
S8-Gotli River,16.14326,73.37373,110.766,-5095,4.73097,2123.80542,27.8125,31-08-2025 18:46,0,28.8,107538.7266,28.1,226.1
S8-Gotli River,16.14326,73.37373,110.529,-5101,4.72299,2123.80542,27.8125,31-08-2025 18:46,0,28.8,107446.6094,28.1,226
S8-Gotli River,16.14326,73.37373,110.133,-5099,4.74692,2123.80542,27.8125,31-08-2025 18:47,0,28.8,107414.7266,28.1,226
S8-Gotli River,16.14326,73.37373,109.816,-5094,4.7416,2123.80542,27.8125,31-08-2025 18:47,0,28.8,107400.5547,28.1,225.9
S8-Gotli River,16.14326,73.37373,109.816,-5081,4.68842,2123.80542,27.8125,31-08-2025 18:47,0,28.8,107411.1797,28.1,226
S8-Gotli River,16.14326,73.37373,109.776,-5076,4.72033,2123.80542,27.8125,31-08-2025 18:48,0,28.8,107435.9766,28.1,226.1
S8-Gotli River,16.14326,73.37373,109.776,-5084,4.73629,2123.80542,27.8125,31-08-2025 18:48,0,28.8,107414.7266,28.2,226.2
S8-Gotli River,16.14326,73.37373,109.776,-5084,4.76288,2123.80542,27.8125,31-08-2025 18:48,0,28.8,107453.6953,28.1,226
S8-Gotli River,16.14326,73.37373,109.816,-5083,4.76288,2123.80542,27.875,31-08-2025 18:49,0,28.8,107435.9766,28.1,226.1
S8-Gotli River,16.14326,73.37373,109.816,-5086,4.76022,2117.97095,27.8125,31-08-2025 18:49,0,28.8,107499.75,28.2,226.2
S8-Gotli River,16.14326,73.37373,109.816,-5091,4.73097,2123.80542,27.875,31-08-2025 18:49,0,28.8,107443.0625,28.2,226.2
S8-Gotli River,16.14326,73.37373,109.935,-5094,4.74692,2117.97095,27.875,31-08-2025 18:50,0,28.8,107474.9453,28.2,226.2
S8-Gotli River,16.14326,73.37373,109.935,-5082,4.7682,2117.97095,27.875,31-08-2025 18:50,0,28.8,107552.8984,28.2,226.2
S8-Gotli River,16.14326,73.37373,109.855,-5081,4.79479,2117.97095,27.875,31-08-2025 18:50,0,28.8,107510.3828,28.2,226.2
S8-Gotli River,16.14326,73.37373,109.855,-5079,4.72299,2117.97095,27.8125,31-08-2025 18:51,0,28.8,107439.5234,28.2,226.2
S8-Gotli River,16.14326,73.37373,109.935,-5069,4.7416,2123.80542,27.875,31-08-2025 18:51,0,28.8,107386.3828,28.2,226.2
S8-Gotli River,16.14326,73.37373,109.737,-5084,4.7549,2117.97095,27.875,31-08-2025 18:51,0,28.8,107524.5469,28.2,226.2
S8-Gotli River,16.14326,73.37373,109.222,-5089,4.73629,2117.97095,27.875,31-08-2025 18:52,0,28.8,107524.5469,28.2,226.2
S8-Gotli River,16.14326,73.37373,109.222,-5080,4.73895,2117.97095,27.875,31-08-2025 18:52,0,28.8,107616.6797,28.2,226.1
S8-Gotli River,16.14326,73.37373,109.222,-5079,4.73895,2117.97095,27.875,31-08-2025 18:52,0,28.8,107559.9844,28.2,226.1
S8-Gotli River,16.14326,73.37373,109.222,-5082,4.77618,2117.97095,27.875,31-08-2025 18:53,0,28.8,107503.2969,28.2,226
S8-Gotli River,16.14326,73.37373,109.222,-5085,4.7682,2117.97095,27.875,31-08-2025 18:53,0,28.8,107372.2031,28.2,226.1
S8-Gotli River,16.14326,73.37373,108.945,-5086,4.73629,2117.97095,27.875,31-08-2025 18:53,0,28.8,107354.4922,28.2,226
S8-Gotli River,16.14326,73.37373,108.905,-5093,4.73363,2117.97095,27.875,31-08-2025 18:54,0,28.8,107308.4375,28.2,226
S8-Gotli River,16.14326,73.37373,108.905,-5089,4.74692,2117.97095,27.875,31-08-2025 18:54,0,28.8,107216.3516,28.2,226
S8-Gotli River,16.14326,73.37373,108.905,-5084,4.73097,2117.97095,27.875,31-08-2025 18:54,0,28.9,106982.6016,28.2,226
S8-Gotli River,16.14326,73.37373,108.905,-5103,4.7416,2117.97095,27.875,31-08-2025 18:55,0,28.9,107081.7578,28.2,226
S8-Gotli River,16.14326,73.37373,108.826,-5102,4.74692,2117.97095,27.875,31-08-2025 18:55,0,28.8,107482.0391,28.2,226
S8-Gotli River,16.14326,73.37373,108.786,-5098,4.7416,2117.97095,27.875,31-08-2025 18:55,0,28.8,107563.5234,28.2,226
S8-Gotli River,16.14326,73.37373,108.667,-5093,4.73363,2117.97095,27.875,31-08-2025 18:56,0,28.9,107202.1797,28.2,226
S8-Gotli River,16.14326,73.37373,108.43,-5089,4.75224,2117.97095,27.875,31-08-2025 18:56,0,28.9,107064.0469,28.2,225.9
S8-Gotli River,16.14326,73.37373,108.43,-5103,4.73097,2117.97095,27.875,31-08-2025 18:56,0,28.9,106982.6016,28.2,225.9
S8-Gotli River,16.14326,73.37373,108.43,-5102,4.73629,2117.97095,27.875,31-08-2025 18:57,0,28.9,107021.5469,28.2,225.9
S8-Gotli River,16.14326,73.37373,108.43,-5094,4.7416,2117.97095,27.875,31-08-2025 18:57,0,28.9,107067.5859,28.2,225.8
S8-Gotli River,16.14326,73.37373,108.232,-5091,4.73629,2117.97095,27.875,31-08-2025 18:57,0,28.9,107067.5859,28.2,225.9
S8-Gotli River,16.14326,73.37373,108.232,-5100,4.76022,2117.97095,27.875,31-08-2025 18:58,0,28.9,107025.0938,28.2,225.8
S8-Gotli River,16.14326,73.37373,108.153,-5095,4.73629,2117.97095,27.875,31-08-2025 18:58,0,28.9,107039.2578,28.2,225.8
S8-Gotli River,16.14326,73.37373,107.638,-5105,4.73363,2117.97095,27.875,31-08-2025 18:58,0,28.9,107120.7188,28.2,225.8
S8-Gotli River,16.14326,73.37373,0,0,5.43835,0,28,31-08-2025 18:59,0,28.9,107251.7656,28.2,225.8
S8-Gotli River,16.14326,73.37373,0,-2897,5.3373,0,27.75,31-08-2025 18:59,0,28.9,107202.1797,28.2,225.8
S8-Gotli River,16.14326,73.37373,0,-5389,5.23358,0,27.75,31-08-2025 18:59,0,28.9,107074.6719,28.2,225.8
S8-Gotli River,16.14326,73.37373,0,-5259,4.70969,0,27.75,31-08-2025 19:00,0,28.9,107049.8828,28.2,225.8
S8-Gotli River,16.14326,73.37373,0,-5188,4.71767,0,27.6875,31-08-2025 19:00,0,28.9,107046.3438,28.2,225.9
S8-Gotli River,16.14326,73.37373,0,-5152,4.70969,0,27.6875,31-08-2025 19:00,0,28.9,107134.8828,28.2,225.8
S8-Gotli River,16.14326,73.37373,0,-5137,4.69905,0,27.75,31-08-2025 19:01,0,28.9,107120.7188,28.2,225.9
S8-Gotli River,16.14326,73.37373,0,-5120,4.72033,0,27.6875,31-08-2025 19:01,0,28.9,107184.4688,28.2,225.8
S8-Gotli River,16.14326,73.37373,0,-5111,4.72565,0,27.75,31-08-2025 19:01,0,28.9,107081.7578,28.2,225.8
S8-Gotli River,16.14326,73.37373,0,-5105,4.67778,0,27.6875,31-08-2025 19:02,0,28.9,107067.5859,28.2,225.8
S8-Gotli River,16.14326,73.37373,0,-5117,4.71501,0,27.6875,31-08-2025 19:02,0,28.9,106968.4297,28.2,225.7
S8-Gotli River,16.14326,73.37373,0,-5124,4.69108,0,27.75,31-08-2025 19:02,0,28.9,106968.4297,28.2,225.7
S8-Gotli River,16.14326,73.37373,0,-5098,4.70969,0,27.6875,31-08-2025 19:03,0,28.9,106964.8828,28.2,225.6
S8-Gotli River,16.14326,73.37373,0,-5097,4.72033,0,27.75,31-08-2025 19:03,0,28.9,107000.3047,28.2,225.6
S8-Gotli River,16.14326,73.37373,0,-5105,4.69905,0,27.6875,31-08-2025 19:03,0,28.9,106950.7266,28.2,225.6
S8-Gotli River,16.14326,73.37373,58.452,-5108,4.69374,613.51562,27.75,31-08-2025 19:04,0,28.9,106862.1953,28.2,225.6
S8-Gotli River,16.14326,73.37373,117.182,-5114,4.70703,2129.66724,27.75,31-08-2025 19:04,0,28.9,106961.3516,28.2,225.5
S8-Gotli River,16.14326,73.37373,117.182,-5133,4.70703,2129.66724,27.6875,31-08-2025 19:04,0,28.9,106964.8828,28.2,225.5
S8-Gotli River,16.14326,73.37373,117.182,-5146,4.72299,2135.55591,27.6875,31-08-2025 19:05,0,28.9,106961.3516,28.2,225.5
S8-Gotli River,16.14326,73.37373,117.182,-5131,4.70437,2135.55591,27.6875,31-08-2025 19:05,0,28.9,106876.3594,28.3,225.7
S8-Gotli River,16.14326,73.37373,117.182,-5118,4.72033,2135.55591,27.6875,31-08-2025 19:05,0,28.9,106968.4297,28.2,225.5
S8-Gotli River,16.14326,73.37373,117.182,-5122,4.72299,2135.55591,27.6875,31-08-2025 19:06,0,28.9,107085.2891,28.2,225.5
S8-Gotli River,16.14326,73.37373,117.182,-5107,4.68842,2135.55591,27.6875,31-08-2025 19:06,0,28.9,107124.25,28.2,225.5
S8-Gotli River,16.14326,73.37373,117.182,-5111,4.70703,2135.55591,27.6875,31-08-2025 19:06,0,28.9,107010.9219,28.3,225.7
S8-Gotli River,16.14326,73.37373,117.182,-5118,4.70703,2135.55591,27.6875,31-08-2025 19:07,0,28.9,106858.6562,28.3,225.6
S8-Gotli River,16.14326,73.37373,117.182,-5123,4.70171,2135.55591,27.75,31-08-2025 19:07,0,28.9,106826.7891,28.3,225.6
S8-Gotli River,16.14326,73.37373,117.182,-5142,4.70969,2129.66724,27.75,31-08-2025 19:07,0,28.9,106833.875,28.3,225.6
S8-Gotli River,16.14326,73.37373,117.182,-5134,4.70703,2129.66724,27.6875,31-08-2025 19:08,0,28,27775.8867,27.9,216.2
S8-Gotli River,16.14326,73.37373,117.182,-5139,4.6964,2135.55591,27.6875,31-08-2025 19:08,0,28,27495.3691,27.9,216.2
S8-Gotli River,16.14326,73.37373,117.182,-5123,4.72299,2135.55591,27.75,31-08-2025 19:08,0,28.1,27240.4727,27.9,216.2
S8-Gotli River,16.14326,73.37373,117.182,-5104,4.71501,2129.66724,27.6875,31-08-2025 19:09,0,28.1,27189.5078,27.9,216.2
S8-Gotli River,16.14326,73.37373,116.865,-5096,4.70437,2135.55591,27.6875,31-08-2025 19:09,0,28.1,27097.1445,27.9,216.2
S8-Gotli River,16.14326,73.37373,116.548,-5104,4.72299,2135.55591,27.75,31-08-2025 19:09,0,28.1,27058.9297,28,216.3
S8-Gotli River,16.14326,73.37373,116.073,-5118,4.71501,2129.66724,27.75,31-08-2025 19:10,0,28.1,26995.2461,28,216.4
S8-Gotli River,16.14326,73.37373,115.875,-5114,4.71501,2129.66724,27.75,31-08-2025 19:10,0,28.3,26880.6289,28,216.4
S8-Gotli River,16.14326,73.37373,115.875,-5117,4.81341,2129.66724,27.6875,31-08-2025 19:10,0,28.2,26918.832,28,216.4
S8-Gotli River,16.14326,73.37373,115.875,-5104,4.72033,2135.55591,27.75,31-08-2025 19:11,0,28.2,26909.2812,28,216.5
S8-Gotli River,16.14326,73.37373,115.875,-5093,4.71767,2129.66724,27.6875,31-08-2025 19:11,0,28.2,26941.1172,28,216.5
S8-Gotli River,16.14326,73.37373,114.647,-5103,4.72033,2135.55591,27.75,31-08-2025 19:11,0,28.3,26899.7305,28,216.4
S8-Gotli River,16.14326,73.37373,113.42,-5125,4.7416,2129.66724,27.6875,31-08-2025 19:12,0,28.2,26947.4863,28,216.5
S8-Gotli River,16.14326,73.37373,113.301,-5165,4.65651,2135.55591,27.6875,31-08-2025 19:12,0,28.3,26915.6484,28,216.5
S8-Gotli River,16.14326,73.37373,113.103,-5194,4.72033,2135.55591,27.75,31-08-2025 19:12,0,28.3,26912.4648,28,216.5
S8-Gotli River,16.14326,73.37373,113.103,-5208,4.72565,2129.66724,27.75,31-08-2025 19:13,0,28.3,26922.0156,28,216.5
S8-Gotli River,16.14326,73.37373,112.984,-5205,4.72831,2129.66724,27.75,31-08-2025 19:13,0,28.3,26906.0977,28,216.5
S8-Gotli River,16.14326,73.37373,112.905,-5145,4.73629,2129.66724,27.75,31-08-2025 19:13,0,28.3,26912.4648,28,216.5
S8-Gotli River,16.14326,73.37373,112.588,-5075,4.7416,2129.66724,27.75,31-08-2025 19:14,0,28.3,26934.75,28,216.5
S8-Gotli River,16.14326,73.37373,112.43,-5096,4.73097,2129.66724,27.75,31-08-2025 19:14,0,28.5,26829.6973,28,216.5
S8-Gotli River,16.14326,73.37373,112.43,-5123,4.72565,2129.66724,27.75,31-08-2025 19:14,0,28.4,26858.3457,28,216.5
S8-Gotli River,16.14326,73.37373,112.43,-5126,4.72831,2129.66724,27.75,31-08-2025 19:15,0,28.4,26839.2461,28,216.5
S8-Gotli River,16.14326,73.37373,112.271,-5163,4.75224,2129.66724,27.6875,31-08-2025 19:15,0,28.4,37988.6562,28,225.8
S8-Gotli River,16.14326,73.37373,112.232,-5129,4.7416,2135.55591,27.75,31-08-2025 19:15,0,28.4,68843.125,28,226.3
S8-Gotli River,16.14326,73.37373,111.915,-5041,4.72033,2129.66724,27.75,31-08-2025 19:16,0,28.4,101511.8047,28,226.7
S8-Gotli River,16.14326,73.37373,111.558,-5072,4.74958,2129.66724,27.75,31-08-2025 19:16,0,28.4,119882.9453,28,226.9
S8-Gotli River,16.14326,73.37373,111.36,-5064,4.73097,2129.66724,27.6875,31-08-2025 19:16,0,28.5,120094.3984,28,227.1
S8-Gotli River,16.14326,73.37373,111.241,-5143,4.72831,2135.55591,27.75,31-08-2025 19:17,0,28.5,118554.2578,28,227.7
S8-Gotli River,16.14326,73.37373,111.241,-5237,4.72299,2129.66724,27.75,31-08-2025 19:17,0,28.5,114973.5156,28,226.7
S8-Gotli River,16.14326,73.37373,111.241,-5225,4.72299,2129.66724,27.75,31-08-2025 19:17,0,28.5,110330.9219,28,226.5
S8-Gotli River,16.14326,73.37373,111.241,-5229,4.73895,2129.66724,27.75,31-08-2025 19:18,0,28.5,108570.2969,28,226.5
S8-Gotli River,16.14326,73.37373,111.241,-5208,4.74692,2129.66724,27.75,31-08-2025 19:18,0,28.5,108268.8828,28,226.5
S8-Gotli River,16.14326,73.37373,111.241,-5117,4.7416,2129.66724,27.75,31-08-2025 19:18,0,28.5,108368.1641,28,226.5
S8-Gotli River,16.14326,73.37373,111.241,-5158,4.73629,2129.66724,27.6875,31-08-2025 19:19,0,28.5,108439.0859,28,226.5
S8-Gotli River,16.14326,73.37373,111.202,-5232,4.64587,2135.55591,27.75,31-08-2025 19:19,0,28.5,108563.2031,28,226.5
S8-Gotli River,16.14326,73.37373,111.123,-5214,4.72831,2129.66724,27.75,31-08-2025 19:19,0,28.5,108878.9141,28,226.5
S8-Gotli River,16.14326,73.37373,111.202,-5205,4.72299,2129.66724,27.75,31-08-2025 19:20,0,28.5,109130.8281,28,226.5
S8-Gotli River,16.14326,73.37373,111.4,-5178,4.72831,2129.66724,27.75,31-08-2025 19:20,0,28.5,109308.2812,28,226.5
S8-Gotli River,16.14326,73.37373,111.162,-5088,4.69108,2129.66724,27.75,31-08-2025 19:20,0,28.5,109350.8672,28,226.5
S8-Gotli River,16.14326,73.37373,111.162,-5056,4.70703,2129.66724,27.75,31-08-2025 19:21,0,28.6,109350.8672,28,226.5
S8-Gotli River,16.14326,73.37373,111.123,-5105,4.72831,2129.66724,27.75,31-08-2025 19:21,0,28.5,109769.7656,28,226.5
S8-Gotli River,16.14326,73.37373,110.964,-5124,4.71767,2129.66724,27.75,31-08-2025 19:21,0,28.6,109578.0391,28,226.5
S8-Gotli River,16.14326,73.37373,110.964,-5120,4.72565,2129.66724,27.75,31-08-2025 19:22,0,28.6,109659.7031,28,226.5
S8-Gotli River,16.14326,73.37373,110.964,-5089,4.7682,2129.66724,27.75,31-08-2025 19:22,0,28.6,109698.75,28,226.5
S8-Gotli River,16.14326,73.37373,110.964,-5093,4.6831,2129.66724,27.75,31-08-2025 19:22,0,28.6,109819.4844,28,226.5
S8-Gotli River,16.14326,73.37373,110.964,-5107,4.72299,2129.66724,27.75,31-08-2025 19:23,0,28.6,109752.0156,28,226.5
S8-Gotli River,16.14326,73.37373,111.004,-5087,4.71767,2129.66724,27.75,31-08-2025 19:23,0,28.6,109897.6016,28,226.5
S8-Gotli River,16.14326,73.37373,111.043,-5077,4.7682,2129.66724,27.75,31-08-2025 19:23,0,28.6,110018.3438,28,226.5
S8-Gotli River,16.14326,73.37373,111.043,-5075,4.73097,2129.66724,27.75,31-08-2025 19:24,0,28.6,110185.2812,28,226.5
S8-Gotli River,16.14326,73.37373,111.043,-5083,4.72831,2129.66724,27.75,31-08-2025 19:24,0,28.6,110306.0547,28,226.5
S8-Gotli River,16.14326,73.37373,111.043,-5080,4.72831,2129.66724,27.75,31-08-2025 19:24,0,28.6,110458.8281,28,226.5
S8-Gotli River,16.14326,73.37373,111.043,-5065,4.72299,2129.66724,27.75,31-08-2025 19:25,0,28.6,110568.9766,28,226.5
S8-Gotli River,16.14326,73.37373,111.479,-5057,4.76288,2129.66724,27.75,31-08-2025 19:25,0,28.6,110707.5781,28,226.5
S8-Gotli River,16.14326,73.37373,111.796,-5060,4.73629,2129.66724,27.75,31-08-2025 19:25,0,28.7,110600.9609,28,226.5
S8-Gotli River,16.14326,73.37373,112.073,-5067,4.73895,2129.66724,27.75,31-08-2025 19:26,0,28.7,110693.3594,28.1,226.6
S8-Gotli River,16.14326,73.37373,112.667,-5058,4.73097,2129.66724,27.75,31-08-2025 19:26,0,28.7,110821.3047,28,226.3
S8-Gotli River,16.14326,73.37373,112.826,-5056,4.72831,2129.66724,27.75,31-08-2025 19:26,0,28.7,110952.8125,28,226.5
S8-Gotli River,16.14326,73.37373,113.34,-5058,4.7549,2129.66724,27.75,31-08-2025 19:27,0,28.7,110967.0391,28.1,226.5
S8-Gotli River,16.14326,73.37373,113.736,-5057,4.74692,2129.66724,27.75,31-08-2025 19:27,0,28.7,111031.0234,28.1,226.6
S8-Gotli River,16.14326,73.37373,114.053,-5068,4.72831,2129.66724,27.75,31-08-2025 19:27,0,28.7,111048.7969,28.1,226.5
S8-Gotli River,16.14326,73.37373,114.251,-5081,4.75224,2129.66724,27.75,31-08-2025 19:28,0,28.7,111102.125,28.1,226.5
S8-Gotli River,16.14326,73.37373,114.568,-5078,4.73097,2129.66724,27.75,31-08-2025 19:28,0,28.7,111087.9062,28.1,226.5
S8-Gotli River,16.14326,73.37373,114.568,-5066,4.76022,2129.66724,27.8125,31-08-2025 19:28,0,28.7,110856.8438,28,226.2
S8-Gotli River,16.14326,73.37373,114.568,-5069,4.68044,2123.80542,27.75,31-08-2025 19:29,0,28.7,110490.8047,28.1,226.5
S8-Gotli River,16.14326,73.37373,114.568,-5062,4.74958,2129.66724,27.75,31-08-2025 19:29,0,28.7,109634.8438,28.1,226.5
S8-Gotli River,16.14326,73.37373,114.568,-5072,4.67778,2129.66724,27.75,31-08-2025 19:29,0,28.7,109105.9844,28,226.2
S8-Gotli River,16.14326,73.37373,114.568,-5083,4.74692,2129.66724,27.8125,31-08-2025 19:30,0,28.7,108900.2031,28,226.2
S8-Gotli River,16.14326,73.37373,114.568,-5073,4.73363,2123.80542,27.8125,31-08-2025 19:30,0,28.7,108878.9141,28.1,226.5
S8-Gotli River,16.14326,73.37373,114.568,-5052,4.73895,2123.80542,27.8125,31-08-2025 19:30,0,28.7,108815.0547,28.1,226.4
S8-Gotli River,16.14326,73.37373,114.568,-5061,4.76554,2123.80542,27.75,31-08-2025 19:31,0,28.7,108694.4453,28,226.2
S8-Gotli River,16.14326,73.37373,114.845,-5075,4.72033,2129.66724,27.75,31-08-2025 19:31,0,28.7,108623.5078,28,226.1
S8-Gotli River,16.14326,73.37373,114.568,-5064,4.72565,2129.66724,27.8125,31-08-2025 19:31,0,28.7,108694.4453,28,226.1
S8-Gotli River,16.14326,73.37373,114.489,-5070,4.73895,2123.80542,27.8125,31-08-2025 19:32,0,28.7,108708.6406,28,226.1
S8-Gotli River,16.14326,73.37373,114.132,-5085,4.75224,2123.80542,27.75,31-08-2025 19:32,0,28.7,108694.4453,28.1,226.4
S8-Gotli River,16.14326,73.37373,114.014,-5086,4.76288,2129.66724,27.8125,31-08-2025 19:32,0,28.7,108655.4297,28,226.1
S8-Gotli River,16.14326,73.37373,114.014,-5096,4.75756,2123.80542,27.75,31-08-2025 19:33,0,28.7,108602.2188,28.1,226.3
S8-Gotli River,16.14326,73.37373,113.895,-5086,4.74426,2129.66724,27.75,31-08-2025 19:33,0,28.7,108580.9453,28.1,226.2
S8-Gotli River,16.14326,73.37373,113.855,-5086,4.73629,2129.66724,27.75,31-08-2025 19:33,0,28.7,108534.8359,28.1,226.2
S8-Gotli River,16.14326,73.37373,113.222,-5095,4.76022,2129.66724,27.8125,31-08-2025 19:34,0,28.7,108545.4766,28.1,226.2
S8-Gotli River,16.14326,73.37373,112.707,-5083,4.76554,2123.80542,27.8125,31-08-2025 19:34,0,28.7,108502.9219,28.1,226.2
S8-Gotli River,16.14326,73.37373,112.588,-5088,4.74958,2123.80542,27.8125,31-08-2025 19:34,0,28.7,108478.0938,28.1,226.2
S8-Gotli River,16.14326,73.37373,112.192,-5085,4.75224,2123.80542,27.8125,31-08-2025 19:35,0,28.7,108467.4531,28.1,226.2
S8-Gotli River,16.14326,73.37373,112.034,-5080,4.73895,2123.80542,27.8125,31-08-2025 19:35,0,28.7,108382.3516,28.1,226.2
S8-Gotli River,16.14326,73.37373,111.717,-5084,4.72033,2123.80542,27.8125,31-08-2025 19:35,0,28.7,108339.7969,28.1,226.2
S8-Gotli River,16.14326,73.37373,111.4,-5095,4.73895,2123.80542,27.8125,31-08-2025 19:36,0,28.7,108343.3438,28.1,226.1
S8-Gotli River,16.14326,73.37373,111.083,-5114,4.75756,2123.80542,27.8125,31-08-2025 19:36,0,28.7,108382.3516,28.1,226.1
S8-Gotli River,16.14326,73.37373,111.004,-5109,4.75224,2123.80542,27.8125,31-08-2025 19:36,0,28.7,108371.7109,28.1,226.1
S8-Gotli River,16.14326,73.37373,110.925,-5111,4.75224,2123.80542,27.8125,31-08-2025 19:37,0,28.7,108311.4297,28.1,226.1
S8-Gotli River,16.14326,73.37373,110.885,-5116,4.72299,2123.80542,27.8125,31-08-2025 19:37,0,28.7,108215.6953,28.1,226.1
S8-Gotli River,16.14326,73.37373,110.845,-5112,4.72831,2123.80542,27.8125,31-08-2025 19:37,0,28.7,108162.5078,28.1,226.1
S8-Gotli River,16.14326,73.37373,110.845,-5110,4.70437,2123.80542,27.8125,31-08-2025 19:38,0,28.7,108130.6016,28.1,226.2
S8-Gotli River,16.14326,73.37373,110.806,-5099,4.7416,2123.80542,27.8125,31-08-2025 19:38,0,28.7,108162.5078,28.1,226.3
S8-Gotli River,16.14326,73.37373,110.766,-5093,4.72565,2123.80542,27.8125,31-08-2025 19:38,0,28.7,108169.6016,28.1,226.2
S8-Gotli River,16.14326,73.37373,110.766,-5104,4.7416,2123.80542,27.8125,31-08-2025 19:39,0,28.7,108176.6953,28.1,226.2
S8-Gotli River,16.14326,73.37373,110.766,-5108,4.73895,2123.80542,27.8125,31-08-2025 19:39,0,28.7,108127.0625,28.1,226.2
S8-Gotli River,16.14326,73.37373,110.766,-5098,4.72565,2123.80542,27.8125,31-08-2025 19:39,0,28.8,107779.6875,28.1,226.2
S8-Gotli River,16.14326,73.37373,110.766,-5095,4.73097,2123.80542,27.8125,31-08-2025 19:40,0,28.7,107946.2734,28.1,226.2
S8-Gotli River,16.14326,73.37373,110.529,-5101,4.72299,2123.80542,27.8125,31-08-2025 19:40,0,28.7,107925.0078,28.1,226.2
S8-Gotli River,16.14326,73.37373,110.133,-5099,4.74692,2123.80542,27.8125,31-08-2025 19:40,0,28.8,107627.3047,28.1,226.2
S8-Gotli River,16.14326,73.37373,109.816,-5094,4.7416,2123.80542,27.8125,31-08-2025 19:41,0,28.7,107878.9297,28.1,226.2
S8-Gotli River,16.14326,73.37373,109.816,-5081,4.68842,2123.80542,27.8125,31-08-2025 19:41,0,28.8,107659.1953,28.1,226.2
S8-Gotli River,16.14326,73.37373,109.776,-5076,4.72033,2123.80542,27.8125,31-08-2025 19:41,0,28.8,107662.75,28.1,226.1
S8-Gotli River,16.14326,73.37373,109.776,-5084,4.73629,2123.80542,27.8125,31-08-2025 19:42,0,28.8,107662.75,28.1,226.1
S8-Gotli River,16.14326,73.37373,109.776,-5084,4.76288,2123.80542,27.8125,31-08-2025 19:42,0,28.8,107634.3984,28.1,226.1
S8-Gotli River,16.14326,73.37373,109.816,-5083,4.76288,2123.80542,27.875,31-08-2025 19:42,0,28.8,107609.5938,28.1,226.1
S8-Gotli River,16.14326,73.37373,109.816,-5086,4.76022,2117.97095,27.8125,31-08-2025 19:43,0,28.8,107538.7266,28.1,226.1
S8-Gotli River,16.14326,73.37373,109.816,-5091,4.73097,2123.80542,27.875,31-08-2025 19:43,0,28.8,107446.6094,28.1,226
S8-Gotli River,16.14326,73.37373,109.935,-5094,4.74692,2117.97095,27.875,31-08-2025 19:43,0,28.8,107414.7266,28.1,226
S8-Gotli River,16.14326,73.37373,109.935,-5082,4.7682,2117.97095,27.875,31-08-2025 19:44,0,28.8,107400.5547,28.1,225.9
S8-Gotli River,16.14326,73.37373,109.855,-5081,4.79479,2117.97095,27.875,31-08-2025 19:44,0,28.8,107411.1797,28.1,226
S8-Gotli River,16.14326,73.37373,109.855,-5079,4.72299,2117.97095,27.8125,31-08-2025 19:44,0,28.8,107435.9766,28.1,226.1
S8-Gotli River,16.14326,73.37373,109.935,-5069,4.7416,2123.80542,27.875,31-08-2025 19:45,0,28.8,107414.7266,28.2,226.2
S8-Gotli River,16.14326,73.37373,109.737,-5084,4.7549,2117.97095,27.875,31-08-2025 19:45,0,28.8,107453.6953,28.1,226
S8-Gotli River,16.14326,73.37373,109.222,-5089,4.73629,2117.97095,27.875,31-08-2025 19:45,0,28.8,107435.9766,28.1,226.1
S8-Gotli River,16.14326,73.37373,109.222,-5080,4.73895,2117.97095,27.875,31-08-2025 19:46,0,28.8,107499.75,28.2,226.2
S8-Gotli River,16.14326,73.37373,109.222,-5079,4.73895,2117.97095,27.875,31-08-2025 19:46,0,28.8,107443.0625,28.2,226.2
S8-Gotli River,16.14326,73.37373,109.222,-5082,4.77618,2117.97095,27.875,31-08-2025 19:46,0,28.8,107474.9453,28.2,226.2
S8-Gotli River,16.14326,73.37373,109.222,-5085,4.7682,2117.97095,27.875,31-08-2025 19:47,0,28.8,107552.8984,28.2,226.2
S8-Gotli River,16.14326,73.37373,108.945,-5086,4.73629,2117.97095,27.875,31-08-2025 19:47,0,28.8,107510.3828,28.2,226.2
S8-Gotli River,16.14326,73.37373,108.905,-5093,4.73363,2117.97095,27.875,31-08-2025 19:47,0,28.8,107439.5234,28.2,226.2
S8-Gotli River,16.14326,73.37373,108.905,-5089,4.74692,2117.97095,27.875,31-08-2025 19:48,0,28.8,107386.3828,28.2,226.2
S8-Gotli River,16.14326,73.37373,108.905,-5084,4.73097,2117.97095,27.875,31-08-2025 19:48,0,28.8,107524.5469,28.2,226.2
S8-Gotli River,16.14326,73.37373,108.905,-5103,4.7416,2117.97095,27.875,31-08-2025 19:48,0,28.8,107524.5469,28.2,226.2
S8-Gotli River,16.14326,73.37373,108.826,-5102,4.74692,2117.97095,27.875,31-08-2025 19:49,0,28.8,107616.6797,28.2,226.1
S8-Gotli River,16.14326,73.37373,108.786,-5098,4.7416,2117.97095,27.875,31-08-2025 19:49,0,28.8,107559.9844,28.2,226.1
S8-Gotli River,16.14326,73.37373,108.667,-5093,4.73363,2117.97095,27.875,31-08-2025 19:49,0,28.8,107503.2969,28.2,226
S8-Gotli River,16.14326,73.37373,108.43,-5089,4.75224,2117.97095,27.875,31-08-2025 19:50,0,28.8,107372.2031,28.2,226.1
S8-Gotli River,16.14326,73.37373,108.43,-5103,4.73097,2117.97095,27.875,31-08-2025 19:50,0,28.8,107354.4922,28.2,226
S8-Gotli River,16.14326,73.37373,108.43,-5102,4.73629,2117.97095,27.875,31-08-2025 19:50,0,28.8,107308.4375,28.2,226
S8-Gotli River,16.14326,73.37373,108.43,-5094,4.7416,2117.97095,27.875,31-08-2025 19:51,0,28.8,107216.3516,28.2,226
S8-Gotli River,16.14326,73.37373,108.232,-5091,4.73629,2117.97095,27.875,31-08-2025 19:51,0,28.9,106982.6016,28.2,226
S8-Gotli River,16.14326,73.37373,108.232,-5100,4.76022,2117.97095,27.875,31-08-2025 19:51,0,28.9,107081.7578,28.2,226
S8-Gotli River,16.14326,73.37373,108.153,-5095,4.73629,2117.97095,27.875,31-08-2025 19:52,0,28.8,107482.0391,28.2,226
S8-Gotli River,16.14326,73.37373,107.638,-5105,4.73363,2117.97095,27.875,31-08-2025 19:52,0,28.8,107563.5234,28.2,226
S9-karli River,16.054042,73.689425,0,0,4.81075,0,28,31-08-2025 17:31,0,28.1,122674.25,27.8,258.1
S9-karli River,16.054042,73.689425,0,-2949,4.81341,0,27.625,31-08-2025 17:32,0,28.1,121467.9297,27.8,257.9
S9-karli River,16.054042,73.689425,0,-5488,4.79213,0,27.625,31-08-2025 17:32,0,28.1,120875.9922,27.8,257.8
S9-karli River,16.054042,73.689425,0,-5363,4.80809,0,27.625,31-08-2025 17:32,0,28.1,120381.1562,27.8,257.8
S9-karli River,16.054042,73.689425,0,-5315,4.80809,0,27.625,31-08-2025 17:33,0,28.1,120262.8516,27.8,257.6
S9-karli River,16.054042,73.689425,0,-5286,4.80809,0,27.625,31-08-2025 17:33,0,28.2,119879.3672,27.8,257.6
S9-karli River,16.054042,73.689425,0,-5283,4.80011,0,27.625,31-08-2025 17:33,0,28.2,119635.7188,27.8,257.4
S9-karli River,16.054042,73.689425,0,-5285,4.80543,0,27.625,31-08-2025 17:34,0,28.2,119256.0156,27.8,257.4
S9-karli River,16.054042,73.689425,0,-5278,4.78149,0,27.625,31-08-2025 17:34,0,28.2,118940.8906,27.8,257.4
S9-karli River,16.054042,73.689425,0,-5290,4.79479,0,27.625,31-08-2025 17:34,0,28.2,118640.1562,27.8,257.3
S9-karli River,16.054042,73.689425,0,-5298,4.80011,0,27.625,31-08-2025 17:35,0,28.3,118085.4688,27.8,257.2
S9-karli River,16.054042,73.689425,0,-5300,4.80011,0,27.625,31-08-2025 17:35,0,28.3,117835.0547,27.8,257.2
S9-karli River,16.054042,73.689425,0,-5308,4.81607,0,27.625,31-08-2025 17:35,0,28.3,117548.9219,27.9,257.2
S9-karli River,16.054042,73.689425,0,-5308,4.80809,0,27.625,31-08-2025 17:36,0,28.3,117427.3438,27.9,257.2
S9-karli River,16.054042,73.689425,0,-5316,4.81075,0,27.5625,31-08-2025 17:36,0,28.3,117312.9297,27.8,257
S9-karli River,16.054042,73.689425,65.303,-5325,4.80809,615.44891,27.625,31-08-2025 17:36,0,28.3,117094.8516,27.9,257.2
S9-karli River,16.054042,73.689425,130.686,-5315,4.83202,2141.4729,27.625,31-08-2025 17:37,0,28.3,116833.9297,27.9,257.1
S9-karli River,16.054042,73.689425,130.686,-5312,4.81075,2141.4729,27.5625,31-08-2025 17:37,0,28.3,116640.9531,27.9,257.2
S9-karli River,16.054042,73.689425,130.686,-5279,4.80543,2147.41821,27.5625,31-08-2025 17:37,0,28.3,117713.4297,27.9,257.2
S9-karli River,16.054042,73.689425,130.686,-5208,4.80809,2147.41821,27.5625,31-08-2025 17:38,0,28.4,118672.375,27.9,257.2
S9-karli River,16.054042,73.689425,130.686,-5158,4.80809,2147.41821,27.625,31-08-2025 17:38,0,28.3,120280.7891,27.9,257.1
S9-karli River,16.054042,73.689425,130.686,-5170,4.84266,2141.4729,27.5625,31-08-2025 17:38,0,28.4,120087.2266,27.9,257.1
S9-karli River,16.054042,73.689425,130.686,-5188,4.81607,2147.41821,27.5625,31-08-2025 17:39,0,28.4,120184,27.9,257.1
S9-karli River,16.054042,73.689425,130.686,-5193,4.85596,2147.41821,27.5625,31-08-2025 17:39,0,28.4,120105.1484,27.9,257.1
S9-karli River,16.054042,73.689425,130.686,-5197,4.80277,2147.41821,27.625,31-08-2025 17:39,0,28.4,120227.0156,27.9,257
S9-karli River,16.054042,73.689425,130.686,-5206,4.80277,2141.4729,27.5625,31-08-2025 17:40,0,28.4,120162.4922,27.9,257
S9-karli River,16.054042,73.689425,130.686,-5221,4.81607,2147.41821,27.5625,31-08-2025 17:40,0,28.4,120108.7266,27.9,257
S9-karli River,16.054042,73.689425,130.686,-5226,4.80809,2147.41821,27.5625,31-08-2025 17:40,0,28.4,119940.2891,27.9,256.9
S9-karli River,16.054042,73.689425,130.686,-5229,4.83202,2147.41821,27.5625,31-08-2025 17:41,0,28.4,119872.1953,27.9,256.9
S9-karli River,16.054042,73.689425,130.686,-5230,4.83202,2147.41821,27.625,31-08-2025 17:41,0,28.5,119531.8281,27.9,256.8
S9-karli River,16.054042,73.689425,130.686,-5221,4.82138,2141.4729,27.5625,31-08-2025 17:41,0,28.5,119402.8672,27.9,256.8
S9-karli River,16.054042,73.689425,130.686,-5232,4.82404,2147.41821,27.5625,31-08-2025 17:42,0,28.5,119384.9609,27.9,256.7
S9-karli River,16.054042,73.689425,130.686,-5253,4.81075,2147.41821,27.5625,31-08-2025 17:42,0,28.5,119445.8516,27.9,256.7
S9-karli River,16.054042,73.689425,130.686,-5248,4.80809,2147.41821,27.5625,31-08-2025 17:42,0,28.5,119431.5156,28,257
S9-karli River,16.054042,73.689425,130.686,-5240,4.81075,2147.41821,27.5625,31-08-2025 17:43,0,28.5,119427.9375,28,257
S9-karli River,16.054042,73.689425,130.686,-5242,4.83468,2147.41821,27.5625,31-08-2025 17:43,0,28.5,119349.1328,27.9,256.7
S9-karli River,16.054042,73.689425,130.686,-5213,4.84532,2147.41821,27.5625,31-08-2025 17:44,0,28.5,119356.2969,28,256.9
S9-karli River,16.054042,73.689425,130.686,-5214,4.81873,2147.41821,27.5625,31-08-2025 17:44,0,28.5,119463.7578,28,256.9
S9-karli River,16.054042,73.689425,130.686,-5205,4.80809,2147.41821,27.625,31-08-2025 17:44,0,28.5,119402.8672,28,256.9
S9-karli River,16.054042,73.689425,130.686,-5202,4.8267,2141.4729,27.625,31-08-2025 17:45,0,28.5,119248.8516,28,256.7
S9-karli River,16.054042,73.689425,130.686,-5192,4.84798,2141.4729,27.5625,31-08-2025 17:45,0,28.5,119030.4062,28,256.7
S9-karli River,16.054042,73.689425,130.686,-5199,4.82404,2147.41821,27.5625,31-08-2025 17:45,0,28.5,119012.5078,28,256.5
S9-karli River,16.054042,73.689425,130.686,-5206,4.83202,2147.41821,27.625,31-08-2025 17:46,0,28.5,118998.1797,28,256.5
S9-karli River,16.054042,73.689425,130.686,-5164,4.80809,2141.4729,27.625,31-08-2025 17:46,0,28.5,118983.8516,28,256.5
S9-karli River,16.054042,73.689425,130.686,-5162,4.82138,2141.4729,27.5625,31-08-2025 17:46,0,28.5,118994.5938,28,256.5
S9-karli River,16.054042,73.689425,130.686,-5173,4.81607,2147.41821,27.5625,31-08-2025 17:47,0,28.6,118733.2344,28,256.5
S9-karli River,16.054042,73.689425,130.686,-5189,4.83468,2147.41821,27.5625,31-08-2025 17:47,0,28.6,118708.1797,28,256.4
S9-karli River,16.054042,73.689425,130.686,-5180,4.81607,2147.41821,27.625,31-08-2025 17:47,0,28.6,118701.0156,28,256.4
S9-karli River,16.054042,73.689425,130.686,-5166,4.80809,2141.4729,27.5625,31-08-2025 17:48,0,28.6,118604.3672,28,256.3
S9-karli River,16.054042,73.689425,130.686,-5076,4.80809,2147.41821,27.625,31-08-2025 17:48,0,28.6,118643.7422,28,256.3
S9-karli River,16.054042,73.689425,130.686,-5003,4.84,2141.4729,27.625,31-08-2025 17:48,0,28.6,118679.5391,28,256.3
S9-karli River,16.054042,73.689425,130.686,-5011,4.83468,2141.4729,27.625,31-08-2025 17:49,0,28.6,118686.6953,28,256.3
S9-karli River,16.054042,73.689425,130.686,-5027,4.84798,2141.4729,27.5625,31-08-2025 17:49,0,28.6,118629.4219,28,256.2
S9-karli River,16.054042,73.689425,130.686,-5058,4.81607,2147.41821,27.625,31-08-2025 17:49,0,28.6,118564.9922,28,256.2
S9-karli River,16.054042,73.689425,130.686,-5074,4.83468,2141.4729,27.625,31-08-2025 17:50,0,28.6,118532.7812,28,256.1
S9-karli River,16.054042,73.689425,130.686,-5079,4.83734,2141.4729,27.625,31-08-2025 17:50,0,28.6,118489.8359,28,256.1
S9-karli River,16.054042,73.689425,130.686,-5076,4.80809,2141.4729,27.625,31-08-2025 17:50,0,28.6,118325.2031,28,256
S9-karli River,16.054042,73.689425,130.686,-5080,4.81075,2141.4729,27.625,31-08-2025 17:51,0,28.6,118382.4609,28,256
S9-karli River,16.054042,73.689425,130.686,-5096,4.81075,2141.4729,27.625,31-08-2025 17:51,0,28.6,118285.8359,28,256
S9-karli River,16.054042,73.689425,130.686,-5117,4.83202,2141.4729,27.625,31-08-2025 17:51,0,28.6,118357.4141,28,255.9
S9-karli River,16.054042,73.689425,130.686,-5118,4.80809,2141.4729,27.625,31-08-2025 17:52,0,28.7,117956.6797,28,255.8
S9-karli River,16.054042,73.689425,130.686,-5117,4.8267,2141.4729,27.625,31-08-2025 17:52,0,28.7,118021.0703,28,255.9
S9-karli River,16.054042,73.689425,130.686,-5122,4.8267,2141.4729,27.625,31-08-2025 17:52,0,28.7,118010.3359,28,255.8
S9-karli River,16.054042,73.689425,130.686,-5118,4.80809,2141.4729,27.625,31-08-2025 17:53,0,28.7,118017.4922,28,255.8
S9-karli River,16.054042,73.689425,130.686,-5111,4.81607,2141.4729,27.625,31-08-2025 17:53,0,28.7,117970.9766,28,255.8
S9-karli River,16.054042,73.689425,130.686,-5125,4.82138,2141.4729,27.625,31-08-2025 17:53,0,28.7,117863.6641,28,255.8
S9-karli River,16.054042,73.689425,130.686,-5152,4.80809,2141.4729,27.625,31-08-2025 17:54,0,28.7,117849.3516,28,255.6
S9-karli River,16.054042,73.689425,130.686,-5144,4.81075,2141.4729,27.625,31-08-2025 17:54,0,28.7,117795.7031,28,255.6
S9-karli River,16.054042,73.689425,130.686,-5144,4.80809,2141.4729,27.625,31-08-2025 17:54,0,28.7,117827.8984,28,255.7
S9-karli River,16.054042,73.689425,130.686,-5164,4.7682,2141.4729,27.625,31-08-2025 17:55,0,28.7,117767.0859,28,255.6
S9-karli River,16.054042,73.689425,130.686,-5173,4.83734,2141.4729,27.625,31-08-2025 17:55,0,28.7,117895.8594,28,255.6
S9-karli River,16.054042,73.689425,130.686,-5169,4.81075,2141.4729,27.625,31-08-2025 17:55,0,28.7,117931.6406,28,255.5
S9-karli River,16.054042,73.689425,130.686,-5186,4.83468,2141.4729,27.6875,31-08-2025 17:57,0,28.7,118131.9766,28,255.5
S9-karli River,16.054042,73.689425,130.686,-5195,4.82138,2135.55591,27.6875,31-08-2025 17:58,0,28.7,117970.9766,28,255.6
S9-karli River,16.054042,73.689425,130.686,-5214,4.84798,2135.55591,27.6875,31-08-2025 17:58,0,28.7,117820.7422,28,255.6
S9-karli River,16.054042,73.689425,130.686,-5232,4.82404,2135.55591,27.6875,31-08-2025 17:59,0,28.7,117702.7031,28,255.6
S9-karli River,16.054042,73.689425,130.686,-5247,4.8533,2135.55591,27.6875,31-08-2025 17:59,0,28.7,117860.0938,28,255.4
S9-karli River,16.054042,73.689425,130.686,-5246,4.81341,2135.55591,27.6875,31-08-2025 17:59,0,28.7,117970.9766,28,255.4
S9-karli River,16.054042,73.689425,130.686,-5237,4.80809,2135.55591,27.6875,31-08-2025 18:00,0,28.7,117974.5625,28,255.4
S9-karli River,16.054042,73.689425,130.686,-5251,4.84266,2135.55591,27.6875,31-08-2025 18:00,0,28.7,117920.8984,28,255.3
S9-karli River,16.054042,73.689425,130.686,-5263,4.83468,2135.55591,27.6875,31-08-2025 18:00,0,28.7,117813.5859,28,255.3
S9-karli River,16.054042,73.689425,130.686,-5269,4.80809,2135.55591,27.6875,31-08-2025 18:01,0,28.7,117699.1328,28,255.3
S9-karli River,16.054042,73.689425,130.686,-5268,4.81607,2135.55591,27.6875,31-08-2025 18:02,0,28.7,117538.1953,28,255.3
S9-karli River,16.054042,73.689425,130.686,-5263,4.81873,2135.55591,27.6875,31-08-2025 18:03,0,28.7,117609.7266,28,255.3
S9-karli River,16.054042,73.689425,130.686,-5241,4.81341,2129.66724,27.6875,31-08-2025 18:04,0,28.7,117588.2656,28,255.2
S9-karli River,16.054042,73.689425,130.686,-5243,4.82936,2129.66724,27.75,31-08-2025 18:04,0,28.8,117316.5,28,255.2
S9-karli River,16.054042,73.689425,130.686,-5245,4.8267,2129.66724,27.75,31-08-2025 18:05,0,28.8,117262.875,28.1,255.5
S9-karli River,16.054042,73.689425,130.686,-5240,4.83468,2129.66724,27.75,31-08-2025 18:05,0,28.8,117402.3125,28,255.2
S9-karli River,16.054042,73.689425,130.686,-5240,4.83468,2129.66724,27.75,31-08-2025 18:06,0,28.8,117420.1875,28.1,255.3
S9-karli River,16.054042,73.689425,130.686,-5248,4.80809,2129.66724,27.75,31-08-2025 18:06,0,28.8,117416.6172,28.1,255.3
S9-karli River,16.054042,73.689425,130.686,-5229,4.81075,2129.66724,27.75,31-08-2025 18:07,0,28.8,117277.1719,28.1,255.3
S9-karli River,16.054042,73.689425,130.686,-5233,4.83468,2129.66724,27.75,31-08-2025 18:08,0,28.8,117248.5703,28.1,255.2
S9-karli River,16.054042,73.689425,130.686,-5219,4.83202,2129.66724,27.75,31-08-2025 18:08,0,28.8,117305.7734,28.1,255.3
S9-karli River,16.054042,73.689425,130.686,-5206,4.82138,2129.66724,27.75,31-08-2025 18:08,0,28.8,117312.9297,28.1,255.1
S9-karli River,16.054042,73.689425,130.686,-5208,4.81607,2129.66724,27.75,31-08-2025 18:09,0,28.8,117273.6016,28.1,255.2
S9-karli River,16.054042,73.689425,130.686,-5199,4.81341,2129.66724,27.75,31-08-2025 18:09,0,28.8,117119.875,28.1,255.1
S9-karli River,16.054042,73.689425,130.686,-5194,4.81607,2129.66724,27.75,31-08-2025 18:09,0,28.8,117041.2344,28.1,255.1
S9-karli River,16.054042,73.689425,130.686,-5196,4.80809,2129.66724,27.75,31-08-2025 18:10,0,28.8,117048.3828,28.1,255.1
S9-karli River,16.054042,73.689425,130.686,-5206,4.84532,2129.66724,27.75,31-08-2025 18:10,0,28.8,117041.2344,28.1,255.1
S9-karli River,16.054042,73.689425,130.686,-5213,4.84266,2129.66724,27.75,31-08-2025 18:10,0,28.8,116998.3438,28.1,255.1
S9-karli River,16.054042,73.689425,130.686,-5220,4.82404,2129.66724,27.8125,31-08-2025 18:11,0,28.8,116951.875,28.1,255.1
S9-karli River,16.054042,73.689425,130.686,-5211,4.82404,2123.80542,27.8125,31-08-2025 18:11,0,28.8,116930.4219,28.1,255
S9-karli River,16.054042,73.689425,130.686,-5199,4.84266,2123.80542,27.8125,31-08-2025 18:11,0,28.8,117034.0781,28.1,255
S9-karli River,16.054042,73.689425,130.686,-5201,4.83734,2123.80542,27.8125,31-08-2025 18:12,0,28.8,117177.0703,28.1,255
S9-karli River,16.054042,73.689425,130.686,-5197,4.8533,2123.80542,27.75,31-08-2025 18:12,0,28.9,116851.8047,28.1,254.9
S9-karli River,16.054042,73.689425,130.686,-5206,4.8267,2129.66724,27.8125,31-08-2025 18:12,0,28.9,116719.5703,28.1,254.9
S9-karli River,16.054042,73.689425,130.686,-5223,4.80809,2123.80542,27.8125,31-08-2025 18:13,0,28.9,116569.4922,28.1,254.9
S9-karli River,16.054042,73.689425,130.686,-5222,4.81341,2123.80542,27.8125,31-08-2025 18:13,0,28.9,116573.0703,28.1,254.9
S9-karli River,16.054042,73.689425,130.686,-5227,4.81075,2123.80542,27.8125,31-08-2025 18:13,0,28.9,116605.2266,28.2,255.2
S9-karli River,16.054042,73.689425,130.686,-5225,4.80809,2123.80542,27.8125,31-08-2025 18:14,0,28.9,116569.4922,28.2,255.2
S9-karli River,16.054042,73.689425,130.686,-5233,4.81075,2123.80542,27.8125,31-08-2025 18:14,0,28.9,116623.0938,28.2,255.2
S9-karli River,16.054042,73.689425,130.686,-5233,4.81607,2123.80542,27.8125,31-08-2025 18:14,0,28.9,116791.0469,28.1,254.9
S9-karli River,16.054042,73.689425,130.686,-5229,4.83468,2123.80542,27.8125,31-08-2025 18:15,0,28.9,116848.2266,28.2,255.1
S9-karli River,16.054042,73.689425,130.686,-5235,4.81341,2123.80542,27.875,31-08-2025 18:15,0,28.9,116716,28.2,255
S9-karli River,16.054042,73.689425,130.686,-5230,4.75224,2117.97095,27.8125,31-08-2025 18:15,0,28.9,116412.2969,28.2,255
S9-karli River,16.054042,73.689425,130.686,-5221,4.8267,2123.80542,27.8125,31-08-2025 18:16,0,28.9,116344.4297,28.2,255
S9-karli River,16.054042,73.689425,130.686,-5217,4.78415,2123.80542,27.8125,31-08-2025 18:16,0,28.9,116419.4453,28.2,255
S9-karli River,16.054042,73.689425,130.686,-5217,4.81607,2123.80542,27.875,31-08-2025 18:16,0,28.9,116512.3281,28.2,255
S9-karli River,16.054042,73.689425,130.686,-5212,4.82138,2117.97095,27.8125,31-08-2025 18:17,0,28.9,116519.4766,28.2,254.8
S9-karli River,16.054042,73.689425,130.686,-5199,4.81607,2123.80542,27.8125,31-08-2025 18:17,0,28.9,116430.1562,28.2,254.9
S9-karli River,16.054042,73.689425,130.686,-5197,4.80543,2123.80542,27.8125,31-08-2025 18:17,0,28.9,116344.4297,28.2,254.8
S9-karli River,16.054042,73.689425,130.686,-5184,4.83468,2123.80542,27.8125,31-08-2025 18:18,0,28.9,116330.1328,28.2,254.9
S9-karli River,16.054042,73.689425,130.686,-5217,4.82404,2123.80542,27.8125,31-08-2025 18:18,0,28.9,116405.1484,28.2,254.8
S9-karli River,16.054042,73.689425,130.686,-5281,4.80543,2123.80542,27.875,31-08-2025 18:18,0,28.9,116465.8906,28.2,254.8
S9-karli River,16.054042,73.689425,130.686,-5289,4.80809,2117.97095,27.875,31-08-2025 18:19,0,28.9,116565.9219,28.2,254.8
S9-karli River,16.054042,73.689425,130.686,-5249,4.8267,2117.97095,27.875,31-08-2025 18:19,0,28.9,116483.75,28.2,254.8
S9-karli River,16.054042,73.689425,130.686,-5257,4.80011,2117.97095,27.875,31-08-2025 18:19,0,28.9,116401.5859,28.2,254.8
S9-karli River,16.054042,73.689425,130.686,-5289,4.84798,2117.97095,27.875,31-08-2025 18:20,0,28.9,116212.2578,28.2,254.8
S9-karli River,16.054042,73.689425,130.686,-5263,4.83468,2117.97095,27.875,31-08-2025 18:20,0,28.9,116244.3984,28.2,254.8
S9-karli River,16.054042,73.689425,130.686,-5245,4.80809,2117.97095,27.875,31-08-2025 18:20,0,28.9,116272.9844,28.2,254.7
S9-karli River,16.054042,73.689425,130.686,-5279,4.84532,2117.97095,27.875,31-08-2025 18:21,0,28.9,116394.4375,28.2,254.7
S9-karli River,16.054042,73.689425,130.686,-5306,4.83734,2117.97095,27.875,31-08-2025 18:21,0,29,116194.3984,28.2,254.6
S9-karli River,16.054042,73.689425,130.686,-5292,4.83202,2117.97095,27.875,31-08-2025 18:21,0,29,116258.6953,28.2,254.7
S9-karli River,16.054042,73.689425,130.686,-5247,4.83202,2117.97095,27.875,31-08-2025 18:23,0,29,116197.9609,28.2,254.6
S9-karli River,16.054042,73.689425,130.686,-5262,4.81075,2117.97095,27.875,31-08-2025 18:23,0,29,116165.8203,28.2,254.5
S9-karli River,16.054042,73.689425,130.686,-5266,4.8267,2117.97095,27.9375,31-08-2025 18:23,0,29,116072.9609,28.2,254.5
S9-karli River,16.054042,73.689425,130.686,-5231,4.82404,2112.16382,27.9375,31-08-2025 18:24,0,29,115972.9609,28.2,254.5
S9-karli River,16.054042,73.689425,130.528,-5291,4.80809,2112.16382,27.875,31-08-2025 18:24,0,29,115833.7031,28.2,254.5
S9-karli River,16.054042,73.689425,130.25,-5344,4.84266,2117.97095,27.875,31-08-2025 18:25,0,29,115912.2656,28.2,254.4
S9-karli River,16.054042,73.689425,128.864,-5319,4.81607,2117.97095,27.875,31-08-2025 18:25,0,29,115897.9766,28.2,254.4
S9-karli River,16.054042,73.689425,127.32,-5275,4.84266,2117.97095,27.875,31-08-2025 18:25,0,29,115947.9688,28.2,254.4
S9-karli River,16.054042,73.689425,0,0,4.81075,0,28,31-08-2025 18:26,0,29,115955.1094,28.2,254.4
S9-karli River,16.054042,73.689425,0,-2949,4.81341,0,27.625,31-08-2025 18:26,0,29,115915.8281,28.2,254.3
S9-karli River,16.054042,73.689425,0,-5488,4.79213,0,27.625,31-08-2025 18:26,0,29,115876.5469,28.2,254.4
S9-karli River,16.054042,73.689425,0,-5363,4.80809,0,27.625,31-08-2025 18:27,0,29,115855.1328,28.2,254.3
S9-karli River,16.054042,73.689425,0,-5315,4.80809,0,27.625,31-08-2025 18:27,0,29,115919.4062,28.2,254.4
S9-karli River,16.054042,73.689425,0,-5286,4.80809,0,27.625,31-08-2025 18:27,0,29,115897.9766,28.2,254.2
S9-karli River,16.054042,73.689425,0,-5283,4.80011,0,27.625,31-08-2025 18:28,0,29,115830.1406,28.3,254.6
S9-karli River,16.054042,73.689425,0,-5285,4.80543,0,27.625,31-08-2025 18:28,0,29,115833.7031,28.2,254.2
S9-karli River,16.054042,73.689425,0,-5278,4.78149,0,27.625,31-08-2025 18:28,0,29,115847.9922,28.2,254.2
S9-karli River,16.054042,73.689425,0,-5290,4.79479,0,27.625,31-08-2025 18:29,0,29,115912.2656,28.2,254.2
S9-karli River,16.054042,73.689425,0,-5298,4.80011,0,27.625,31-08-2025 18:29,0,29,115880.125,28.2,254.2
S9-karli River,16.054042,73.689425,0,-5300,4.80011,0,27.625,31-08-2025 18:29,0,29,115869.4141,28.2,254.1
S9-karli River,16.054042,73.689425,0,-5308,4.81607,0,27.625,31-08-2025 18:30,0,29.1,115619.4844,28.2,254.1
S9-karli River,16.054042,73.689425,0,-5308,4.80809,0,27.625,31-08-2025 18:30,0,29.1,115705.1641,28.2,254
S9-karli River,16.054042,73.689425,0,-5316,4.81075,0,27.5625,31-08-2025 18:30,0,29.1,115658.75,28.3,254.4
S9-karli River,16.054042,73.689425,65.303,-5325,4.80809,615.44891,27.625,31-08-2025 18:31,0,29.1,115458.8438,28.3,254.4
S9-karli River,16.054042,73.689425,130.686,-5315,4.83202,2141.4729,27.625,31-08-2025 18:31,0,29.1,115330.3672,28.3,254.3
S9-karli River,16.054042,73.689425,130.686,-5312,4.81075,2141.4729,27.5625,31-08-2025 18:31,0,29.1,115273.25,28.3,254.3
S9-karli River,16.054042,73.689425,130.686,-5279,4.80543,2147.41821,27.5625,31-08-2025 18:32,0,29.1,115387.4688,28.3,254.2
S9-karli River,16.054042,73.689425,130.686,-5208,4.80809,2147.41821,27.5625,31-08-2025 18:32,0,29.1,115465.9844,28.3,254.2
S9-karli River,16.054042,73.689425,130.686,-5158,4.80809,2147.41821,27.625,31-08-2025 18:32,0,29.1,115530.2344,28.3,254.2
S9-karli River,16.054042,73.689425,130.686,-5170,4.84266,2141.4729,27.5625,31-08-2025 18:33,0,29.1,115501.6875,28.3,254.2
S9-karli River,16.054042,73.689425,130.686,-5188,4.81607,2147.41821,27.5625,31-08-2025 18:33,0,29.1,115490.9688,28.3,254.1
S9-karli River,16.054042,73.689425,130.686,-5193,4.85596,2147.41821,27.5625,31-08-2025 18:33,0,29.1,115487.4062,28.3,254.1
S9-karli River,16.054042,73.689425,130.686,-5197,4.80277,2147.41821,27.625,31-08-2025 18:34,0,29.1,115515.9688,28.3,254.1
S9-karli River,16.054042,73.689425,130.686,-5206,4.80277,2141.4729,27.5625,31-08-2025 18:34,0,29.1,115530.2344,28.4,254.3
S9-karli River,16.054042,73.689425,130.686,-5221,4.81607,2147.41821,27.5625,31-08-2025 18:34,0,29.1,115490.9688,28.3,254.1
S9-karli River,16.054042,73.689425,130.686,-5226,4.80809,2147.41821,27.5625,31-08-2025 18:35,0,29.1,115308.9453,28.3,254.1
S9-karli River,16.054042,73.689425,130.686,-5229,4.83202,2147.41821,27.5625,31-08-2025 18:35,0,29.1,115194.75,28.4,254.3
S9-karli River,16.054042,73.689425,130.686,-5230,4.83202,2147.41821,27.625,31-08-2025 18:35,0,29.1,115237.5703,28.4,254.2
S9-karli River,16.054042,73.689425,130.686,-5221,4.82138,2141.4729,27.5625,31-08-2025 18:36,0,29.1,115366.0469,28.4,254.2
S9-karli River,16.054042,73.689425,130.686,-5232,4.82404,2147.41821,27.5625,31-08-2025 18:36,0,29.1,115423.1562,28.4,254.2
S9-karli River,16.054042,73.689425,130.686,-5253,4.81075,2147.41821,27.5625,31-08-2025 18:36,0,29.1,115344.6328,28.4,254.2
S9-karli River,16.054042,73.689425,130.686,-5248,4.80809,2147.41821,27.5625,31-08-2025 18:37,0,29.1,115216.1562,28.4,254.2
S9-karli River,16.054042,73.689425,130.686,-5240,4.81075,2147.41821,27.5625,31-08-2025 18:37,0,29.1,115269.6875,28.4,254.1
S9-karli River,16.054042,73.689425,130.686,-5242,4.83468,2147.41821,27.5625,31-08-2025 18:37,0,29.1,115526.6719,28.4,254.2
S9-karli River,16.054042,73.689425,130.686,-5213,4.84532,2147.41821,27.5625,31-08-2025 18:38,0,29.1,115580.2266,28.4,254.2
S9-karli River,16.054042,73.689425,130.686,-5214,4.81873,2147.41821,27.5625,31-08-2025 18:38,0,29.1,115448.1406,28.4,254.2
S9-karli River,16.054042,73.689425,130.686,-5205,4.80809,2147.41821,27.625,31-08-2025 18:38,0,29.1,115391.0312,28.4,254.2
S9-karli River,16.054042,73.689425,130.686,-5202,4.8267,2141.4729,27.625,31-08-2025 18:39,0,29.1,115458.8438,28.4,254.1
S9-karli River,16.054042,73.689425,130.686,-5192,4.84798,2141.4729,27.5625,31-08-2025 18:39,0,29.1,115508.8281,28.4,254.1
S9-karli River,16.054042,73.689425,130.686,-5199,4.82404,2147.41821,27.5625,31-08-2025 18:39,0,29.1,115351.7734,28.4,254.1
S9-karli River,16.054042,73.689425,130.686,-5206,4.83202,2147.41821,27.625,31-08-2025 18:40,0,29.1,115301.8047,28.4,254.1
S9-karli River,16.054042,73.689425,130.686,-5164,4.80809,2141.4729,27.625,31-08-2025 18:40,0,29.2,115023.4609,28.4,254
S9-karli River,16.054042,73.689425,130.686,-5162,4.82138,2141.4729,27.5625,31-08-2025 18:40,0,29.2,115169.7734,28.4,254
S9-karli River,16.054042,73.689425,130.686,-5173,4.81607,2147.41821,27.5625,31-08-2025 18:41,0,29.2,115123.375,28.4,254
S9-karli River,16.054042,73.689425,130.686,-5189,4.83468,2147.41821,27.5625,31-08-2025 18:41,0,29.2,115076.9922,28.4,254
S9-karli River,16.054042,73.689425,130.686,-5180,4.81607,2147.41821,27.625,31-08-2025 18:41,0,29.2,115037.7344,28.4,254
S9-karli River,16.054042,73.689425,130.686,-5166,4.80809,2141.4729,27.5625,31-08-2025 18:42,0,29.2,115034.1719,28.4,254
S9-karli River,16.054042,73.689425,130.686,-5076,4.80809,2147.41821,27.625,31-08-2025 18:42,0,29.2,115041.3125,28.4,254
S9-karli River,16.054042,73.689425,130.686,-5003,4.84,2141.4729,27.625,31-08-2025 18:42,0,29.2,115012.7656,28.4,253.9
S9-karli River,16.054042,73.689425,130.686,-5011,4.83468,2141.4729,27.625,31-08-2025 18:43,0,29.2,115023.4609,28.4,254
S9-karli River,16.054042,73.689425,130.686,-5027,4.84798,2141.4729,27.5625,31-08-2025 18:43,0,29.2,114934.2656,28.4,253.9
S9-karli River,16.054042,73.689425,130.686,-5058,4.81607,2147.41821,27.625,31-08-2025 18:43,0,29.2,114837.9453,28.4,253.9
S9-karli River,16.054042,73.689425,130.686,-5074,4.83468,2141.4729,27.625,31-08-2025 18:44,0,29.2,114812.9688,28.4,253.9
S9-karli River,16.054042,73.689425,130.686,-5079,4.83734,2141.4729,27.625,31-08-2025 18:44,0,29.2,114884.3203,28.4,253.8
S9-karli River,16.054042,73.689425,130.686,-5076,4.80809,2141.4729,27.625,31-08-2025 18:44,0,29.2,114884.3203,28.4,253.8
S9-karli River,16.054042,73.689425,130.686,-5080,4.81075,2141.4729,27.625,31-08-2025 18:45,0,28.1,122674.25,27.8,258.1
S9-karli River,16.054042,73.689425,130.686,-5096,4.81075,2141.4729,27.625,31-08-2025 18:45,0,28.1,121467.9297,27.8,257.9
S9-karli River,16.054042,73.689425,130.686,-5117,4.83202,2141.4729,27.625,31-08-2025 18:45,0,28.1,120875.9922,27.8,257.8
S9-karli River,16.054042,73.689425,130.686,-5118,4.80809,2141.4729,27.625,31-08-2025 18:46,0,28.1,120381.1562,27.8,257.8
S9-karli River,16.054042,73.689425,130.686,-5117,4.8267,2141.4729,27.625,31-08-2025 18:46,0,28.1,120262.8516,27.8,257.6
S9-karli River,16.054042,73.689425,130.686,-5122,4.8267,2141.4729,27.625,31-08-2025 18:46,0,28.2,119879.3672,27.8,257.6
S9-karli River,16.054042,73.689425,130.686,-5118,4.80809,2141.4729,27.625,31-08-2025 18:47,0,28.2,119635.7188,27.8,257.4
S9-karli River,16.054042,73.689425,130.686,-5111,4.81607,2141.4729,27.625,31-08-2025 18:47,0,28.2,119256.0156,27.8,257.4
S9-karli River,16.054042,73.689425,130.686,-5125,4.82138,2141.4729,27.625,31-08-2025 18:47,0,28.2,118940.8906,27.8,257.4
S9-karli River,16.054042,73.689425,130.686,-5152,4.80809,2141.4729,27.625,31-08-2025 18:48,0,28.2,118640.1562,27.8,257.3
S9-karli River,16.054042,73.689425,130.686,-5144,4.81075,2141.4729,27.625,31-08-2025 18:48,0,28.3,118085.4688,27.8,257.2
S9-karli River,16.054042,73.689425,130.686,-5144,4.80809,2141.4729,27.625,31-08-2025 18:48,0,28.3,117835.0547,27.8,257.2
S9-karli River,16.054042,73.689425,130.686,-5164,4.7682,2141.4729,27.625,31-08-2025 18:49,0,28.3,117548.9219,27.9,257.2
S9-karli River,16.054042,73.689425,130.686,-5173,4.83734,2141.4729,27.625,31-08-2025 18:49,0,28.3,117427.3438,27.9,257.2
S9-karli River,16.054042,73.689425,130.686,-5169,4.81075,2141.4729,27.625,31-08-2025 18:49,0,28.3,117312.9297,27.8,257
S9-karli River,16.054042,73.689425,130.686,-5186,4.83468,2141.4729,27.6875,31-08-2025 18:50,0,28.3,117094.8516,27.9,257.2
S9-karli River,16.054042,73.689425,130.686,-5195,4.82138,2135.55591,27.6875,31-08-2025 18:50,0,28.3,116833.9297,27.9,257.1
S9-karli River,16.054042,73.689425,130.686,-5214,4.84798,2135.55591,27.6875,31-08-2025 18:50,0,28.3,116640.9531,27.9,257.2
S9-karli River,16.054042,73.689425,130.686,-5232,4.82404,2135.55591,27.6875,31-08-2025 18:51,0,28.3,117713.4297,27.9,257.2
S9-karli River,16.054042,73.689425,130.686,-5247,4.8533,2135.55591,27.6875,31-08-2025 18:51,0,28.4,118672.375,27.9,257.2
S9-karli River,16.054042,73.689425,130.686,-5246,4.81341,2135.55591,27.6875,31-08-2025 18:51,0,28.3,120280.7891,27.9,257.1
S9-karli River,16.054042,73.689425,130.686,-5237,4.80809,2135.55591,27.6875,31-08-2025 18:52,0,28.4,120087.2266,27.9,257.1
S9-karli River,16.054042,73.689425,130.686,-5251,4.84266,2135.55591,27.6875,31-08-2025 18:52,0,28.4,120184,27.9,257.1
S9-karli River,16.054042,73.689425,130.686,-5263,4.83468,2135.55591,27.6875,31-08-2025 18:52,0,28.4,120105.1484,27.9,257.1
S9-karli River,16.054042,73.689425,130.686,-5269,4.80809,2135.55591,27.6875,31-08-2025 18:53,0,28.4,120227.0156,27.9,257
S9-karli River,16.054042,73.689425,130.686,-5268,4.81607,2135.55591,27.6875,31-08-2025 18:53,0,28.4,120162.4922,27.9,257
S9-karli River,16.054042,73.689425,130.686,-5263,4.81873,2135.55591,27.6875,31-08-2025 18:53,0,28.4,120108.7266,27.9,257
S9-karli River,16.054042,73.689425,130.686,-5241,4.81341,2129.66724,27.6875,31-08-2025 18:54,0,28.4,119940.2891,27.9,256.9
S9-karli River,16.054042,73.689425,130.686,-5243,4.82936,2129.66724,27.75,31-08-2025 18:54,0,28.4,119872.1953,27.9,256.9
S9-karli River,16.054042,73.689425,130.686,-5245,4.8267,2129.66724,27.75,31-08-2025 18:54,0,28.5,119531.8281,27.9,256.8
S9-karli River,16.054042,73.689425,130.686,-5240,4.83468,2129.66724,27.75,31-08-2025 18:55,0,28.5,119402.8672,27.9,256.8
S9-karli River,16.054042,73.689425,130.686,-5240,4.83468,2129.66724,27.75,31-08-2025 18:55,0,28.5,119384.9609,27.9,256.7
S9-karli River,16.054042,73.689425,130.686,-5248,4.80809,2129.66724,27.75,31-08-2025 18:55,0,28.5,119445.8516,27.9,256.7
S9-karli River,16.054042,73.689425,130.686,-5229,4.81075,2129.66724,27.75,31-08-2025 18:56,0,28.5,119431.5156,28,257
S9-karli River,16.054042,73.689425,130.686,-5233,4.83468,2129.66724,27.75,31-08-2025 18:56,0,28.5,119427.9375,28,257
S9-karli River,16.054042,73.689425,130.686,-5219,4.83202,2129.66724,27.75,31-08-2025 18:56,0,28.5,119349.1328,27.9,256.7
S9-karli River,16.054042,73.689425,130.686,-5206,4.82138,2129.66724,27.75,31-08-2025 18:57,0,28.5,119356.2969,28,256.9
S9-karli River,16.054042,73.689425,130.686,-5208,4.81607,2129.66724,27.75,31-08-2025 18:57,0,28.5,119463.7578,28,256.9
S9-karli River,16.054042,73.689425,130.686,-5199,4.81341,2129.66724,27.75,31-08-2025 18:57,0,28.5,119402.8672,28,256.9
S9-karli River,16.054042,73.689425,130.686,-5194,4.81607,2129.66724,27.75,31-08-2025 18:58,0,28.5,119248.8516,28,256.7
S9-karli River,16.054042,73.689425,130.686,-5196,4.80809,2129.66724,27.75,31-08-2025 18:58,0,28.5,119030.4062,28,256.7
S9-karli River,16.054042,73.689425,130.686,-5206,4.84532,2129.66724,27.75,31-08-2025 18:58,0,28.5,119012.5078,28,256.5
S9-karli River,16.054042,73.689425,130.686,-5213,4.84266,2129.66724,27.75,31-08-2025 18:59,0,28.5,118998.1797,28,256.5
S9-karli River,16.054042,73.689425,130.686,-5220,4.82404,2129.66724,27.8125,31-08-2025 18:59,0,28.5,118983.8516,28,256.5
S9-karli River,16.054042,73.689425,130.686,-5211,4.82404,2123.80542,27.8125,31-08-2025 18:59,0,28.5,118994.5938,28,256.5
S9-karli River,16.054042,73.689425,130.686,-5199,4.84266,2123.80542,27.8125,31-08-2025 19:00,0,28.6,118733.2344,28,256.5
S9-karli River,16.054042,73.689425,130.686,-5201,4.83734,2123.80542,27.8125,31-08-2025 19:00,0,28.6,118708.1797,28,256.4
S9-karli River,16.054042,73.689425,130.686,-5197,4.8533,2123.80542,27.75,31-08-2025 19:00,0,28.6,118701.0156,28,256.4
S9-karli River,16.054042,73.689425,130.686,-5206,4.8267,2129.66724,27.8125,31-08-2025 19:01,0,28.6,118604.3672,28,256.3
S9-karli River,16.054042,73.689425,130.686,-5223,4.80809,2123.80542,27.8125,31-08-2025 19:01,0,28.6,118643.7422,28,256.3
S9-karli River,16.054042,73.689425,130.686,-5222,4.81341,2123.80542,27.8125,31-08-2025 19:01,0,28.6,118679.5391,28,256.3
S9-karli River,16.054042,73.689425,130.686,-5227,4.81075,2123.80542,27.8125,31-08-2025 19:02,0,28.6,118686.6953,28,256.3
S9-karli River,16.054042,73.689425,130.686,-5225,4.80809,2123.80542,27.8125,31-08-2025 19:02,0,28.6,118629.4219,28,256.2
S9-karli River,16.054042,73.689425,130.686,-5233,4.81075,2123.80542,27.8125,31-08-2025 19:02,0,28.6,118564.9922,28,256.2
S9-karli River,16.054042,73.689425,130.686,-5233,4.81607,2123.80542,27.8125,31-08-2025 19:03,0,28.6,118532.7812,28,256.1
S9-karli River,16.054042,73.689425,130.686,-5229,4.83468,2123.80542,27.8125,31-08-2025 19:03,0,28.6,118489.8359,28,256.1
S9-karli River,16.054042,73.689425,130.686,-5235,4.81341,2123.80542,27.875,31-08-2025 19:03,0,28.6,118325.2031,28,256
S9-karli River,16.054042,73.689425,130.686,-5230,4.75224,2117.97095,27.8125,31-08-2025 19:04,0,28.6,118382.4609,28,256
S9-karli River,16.054042,73.689425,130.686,-5221,4.8267,2123.80542,27.8125,31-08-2025 19:04,0,28.6,118285.8359,28,256
S9-karli River,16.054042,73.689425,130.686,-5217,4.78415,2123.80542,27.8125,31-08-2025 19:04,0,28.6,118357.4141,28,255.9
S9-karli River,16.054042,73.689425,130.686,-5217,4.81607,2123.80542,27.875,31-08-2025 19:05,0,28.7,117956.6797,28,255.8
S9-karli River,16.054042,73.689425,130.686,-5212,4.82138,2117.97095,27.8125,31-08-2025 19:05,0,28.7,118021.0703,28,255.9
S9-karli River,16.054042,73.689425,130.686,-5199,4.81607,2123.80542,27.8125,31-08-2025 19:05,0,28.7,118010.3359,28,255.8
S9-karli River,16.054042,73.689425,130.686,-5197,4.80543,2123.80542,27.8125,31-08-2025 19:06,0,28.7,118017.4922,28,255.8
S9-karli River,16.054042,73.689425,130.686,-5184,4.83468,2123.80542,27.8125,31-08-2025 19:06,0,28.7,117970.9766,28,255.8
S9-karli River,16.054042,73.689425,130.686,-5217,4.82404,2123.80542,27.8125,31-08-2025 19:06,0,28.7,117863.6641,28,255.8
S9-karli River,16.054042,73.689425,130.686,-5281,4.80543,2123.80542,27.875,31-08-2025 19:07,0,28.7,117849.3516,28,255.6
S9-karli River,16.054042,73.689425,130.686,-5289,4.80809,2117.97095,27.875,31-08-2025 19:07,0,28.7,117795.7031,28,255.6
S9-karli River,16.054042,73.689425,130.686,-5249,4.8267,2117.97095,27.875,31-08-2025 19:07,0,28.7,117827.8984,28,255.7
S9-karli River,16.054042,73.689425,130.686,-5257,4.80011,2117.97095,27.875,31-08-2025 19:08,0,28.7,117767.0859,28,255.6
S9-karli River,16.054042,73.689425,130.686,-5289,4.84798,2117.97095,27.875,31-08-2025 19:08,0,28.7,117895.8594,28,255.6
S9-karli River,16.054042,73.689425,130.686,-5263,4.83468,2117.97095,27.875,31-08-2025 19:08,0,28.7,117931.6406,28,255.5
S9-karli River,16.054042,73.689425,130.686,-5245,4.80809,2117.97095,27.875,31-08-2025 19:09,0,28.7,118131.9766,28,255.5
S9-karli River,16.054042,73.689425,130.686,-5279,4.84532,2117.97095,27.875,31-08-2025 19:09,0,28.7,117970.9766,28,255.6
S9-karli River,16.054042,73.689425,130.686,-5306,4.83734,2117.97095,27.875,31-08-2025 19:09,0,28.7,117820.7422,28,255.6
S9-karli River,16.054042,73.689425,130.686,-5292,4.83202,2117.97095,27.875,31-08-2025 19:10,0,28.7,117702.7031,28,255.6
S9-karli River,16.054042,73.689425,130.686,-5247,4.83202,2117.97095,27.875,31-08-2025 19:10,0,28.7,117860.0938,28,255.4
S9-karli River,16.054042,73.689425,130.686,-5262,4.81075,2117.97095,27.875,31-08-2025 19:10,0,28.7,117970.9766,28,255.4
S9-karli River,16.054042,73.689425,130.686,-5266,4.8267,2117.97095,27.9375,31-08-2025 19:11,0,28.7,117974.5625,28,255.4
S9-karli River,16.054042,73.689425,130.686,-5231,4.82404,2112.16382,27.9375,31-08-2025 19:11,0,28.7,117920.8984,28,255.3
S9-karli River,16.054042,73.689425,130.528,-5291,4.80809,2112.16382,27.875,31-08-2025 19:11,0,28.7,117813.5859,28,255.3
S9-karli River,16.054042,73.689425,130.25,-5344,4.84266,2117.97095,27.875,31-08-2025 19:12,0,28.7,117699.1328,28,255.3
S9-karli River,16.054042,73.689425,128.864,-5319,4.81607,2117.97095,27.875,31-08-2025 19:12,0,28.7,117538.1953,28,255.3
S9-karli River,16.054042,73.689425,127.32,-5275,4.84266,2117.97095,27.875,31-08-2025 19:12,0,28.7,117609.7266,28,255.3
S9-karli River,16.054042,73.689425,0,0,4.81075,0,28,31-08-2025 19:13,0,28.7,117588.2656,28,255.2
S9-karli River,16.054042,73.689425,0,-2949,4.81341,0,27.625,31-08-2025 19:13,0,28.8,117316.5,28,255.2
S9-karli River,16.054042,73.689425,0,-5488,4.79213,0,27.625,31-08-2025 19:13,0,28.8,117262.875,28.1,255.5
S9-karli River,16.054042,73.689425,0,-5363,4.80809,0,27.625,31-08-2025 19:14,0,28.8,117402.3125,28,255.2
S9-karli River,16.054042,73.689425,0,-5315,4.80809,0,27.625,31-08-2025 19:14,0,28.8,117420.1875,28.1,255.3
S9-karli River,16.054042,73.689425,0,-5286,4.80809,0,27.625,31-08-2025 19:14,0,28.8,117416.6172,28.1,255.3
S9-karli River,16.054042,73.689425,0,-5283,4.80011,0,27.625,31-08-2025 19:15,0,28.8,117277.1719,28.1,255.3
S9-karli River,16.054042,73.689425,0,-5285,4.80543,0,27.625,31-08-2025 19:15,0,28.8,117248.5703,28.1,255.2
S9-karli River,16.054042,73.689425,0,-5278,4.78149,0,27.625,31-08-2025 19:15,0,28.8,117305.7734,28.1,255.3
S9-karli River,16.054042,73.689425,0,-5290,4.79479,0,27.625,31-08-2025 19:16,0,28.8,117312.9297,28.1,255.1
S9-karli River,16.054042,73.689425,0,-5298,4.80011,0,27.625,31-08-2025 19:16,0,28.8,117273.6016,28.1,255.2
S9-karli River,16.054042,73.689425,0,-5300,4.80011,0,27.625,31-08-2025 19:16,0,28.8,117119.875,28.1,255.1
S9-karli River,16.054042,73.689425,0,-5308,4.81607,0,27.625,31-08-2025 19:17,0,28.8,117041.2344,28.1,255.1
S9-karli River,16.054042,73.689425,0,-5308,4.80809,0,27.625,31-08-2025 19:17,0,28.8,117048.3828,28.1,255.1
S9-karli River,16.054042,73.689425,0,-5316,4.81075,0,27.5625,31-08-2025 19:17,0,28.8,117041.2344,28.1,255.1
S9-karli River,16.054042,73.689425,65.303,-5325,4.80809,615.44891,27.625,31-08-2025 19:18,0,28.8,116998.3438,28.1,255.1
S9-karli River,16.054042,73.689425,130.686,-5315,4.83202,2141.4729,27.625,31-08-2025 19:18,0,28.8,116951.875,28.1,255.1
S9-karli River,16.054042,73.689425,130.686,-5312,4.81075,2141.4729,27.5625,31-08-2025 19:18,0,28.8,116930.4219,28.1,255
S9-karli River,16.054042,73.689425,130.686,-5279,4.80543,2147.41821,27.5625,31-08-2025 19:19,0,28.8,117034.0781,28.1,255
S9-karli River,16.054042,73.689425,130.686,-5208,4.80809,2147.41821,27.5625,31-08-2025 19:19,0,28.8,117177.0703,28.1,255
S9-karli River,16.054042,73.689425,130.686,-5158,4.80809,2147.41821,27.625,31-08-2025 19:19,0,28.9,116851.8047,28.1,254.9
S9-karli River,16.054042,73.689425,130.686,-5170,4.84266,2141.4729,27.5625,31-08-2025 19:20,0,28.9,116719.5703,28.1,254.9
S9-karli River,16.054042,73.689425,130.686,-5188,4.81607,2147.41821,27.5625,31-08-2025 19:20,0,28.9,116569.4922,28.1,254.9
S9-karli River,16.054042,73.689425,130.686,-5193,4.85596,2147.41821,27.5625,31-08-2025 19:20,0,28.9,116573.0703,28.1,254.9
S9-karli River,16.054042,73.689425,130.686,-5197,4.80277,2147.41821,27.625,31-08-2025 19:21,0,28.9,116605.2266,28.2,255.2
S9-karli River,16.054042,73.689425,130.686,-5206,4.80277,2141.4729,27.5625,31-08-2025 19:21,0,28.9,116569.4922,28.2,255.2
S9-karli River,16.054042,73.689425,130.686,-5221,4.81607,2147.41821,27.5625,31-08-2025 19:21,0,28.9,116623.0938,28.2,255.2
S9-karli River,16.054042,73.689425,130.686,-5226,4.80809,2147.41821,27.5625,31-08-2025 19:22,0,28.9,116791.0469,28.1,254.9
S9-karli River,16.054042,73.689425,130.686,-5229,4.83202,2147.41821,27.5625,31-08-2025 19:22,0,28.9,116848.2266,28.2,255.1
S9-karli River,16.054042,73.689425,130.686,-5230,4.83202,2147.41821,27.625,31-08-2025 19:22,0,28.9,116716,28.2,255
S9-karli River,16.054042,73.689425,130.686,-5221,4.82138,2141.4729,27.5625,31-08-2025 19:23,0,28.9,116412.2969,28.2,255
S9-karli River,16.054042,73.689425,130.686,-5232,4.82404,2147.41821,27.5625,31-08-2025 19:23,0,28.9,116344.4297,28.2,255
S9-karli River,16.054042,73.689425,130.686,-5253,4.81075,2147.41821,27.5625,31-08-2025 19:23,0,28.9,116419.4453,28.2,255
S9-karli River,16.054042,73.689425,130.686,-5248,4.80809,2147.41821,27.5625,31-08-2025 19:24,0,28.9,116512.3281,28.2,255
S9-karli River,16.054042,73.689425,130.686,-5240,4.81075,2147.41821,27.5625,31-08-2025 19:24,0,28.9,116519.4766,28.2,254.8
S9-karli River,16.054042,73.689425,130.686,-5242,4.83468,2147.41821,27.5625,31-08-2025 19:24,0,28.9,116430.1562,28.2,254.9
S9-karli River,16.054042,73.689425,130.686,-5213,4.84532,2147.41821,27.5625,31-08-2025 19:25,0,28.9,116344.4297,28.2,254.8
S9-karli River,16.054042,73.689425,130.686,-5214,4.81873,2147.41821,27.5625,31-08-2025 19:25,0,28.9,116330.1328,28.2,254.9
S9-karli River,16.054042,73.689425,130.686,-5205,4.80809,2147.41821,27.625,31-08-2025 19:25,0,28.9,116405.1484,28.2,254.8
S9-karli River,16.054042,73.689425,130.686,-5202,4.8267,2141.4729,27.625,31-08-2025 19:26,0,28.9,116465.8906,28.2,254.8
S9-karli River,16.054042,73.689425,130.686,-5192,4.84798,2141.4729,27.5625,31-08-2025 19:26,0,28.9,116565.9219,28.2,254.8
S9-karli River,16.054042,73.689425,130.686,-5199,4.82404,2147.41821,27.5625,31-08-2025 19:26,0,28.9,116483.75,28.2,254.8
S9-karli River,16.054042,73.689425,130.686,-5206,4.83202,2147.41821,27.625,31-08-2025 19:27,0,28.9,116401.5859,28.2,254.8
S9-karli River,16.054042,73.689425,130.686,-5164,4.80809,2141.4729,27.625,31-08-2025 19:27,0,28.9,116212.2578,28.2,254.8
S9-karli River,16.054042,73.689425,130.686,-5162,4.82138,2141.4729,27.5625,31-08-2025 19:27,0,28.9,116244.3984,28.2,254.8
S9-karli River,16.054042,73.689425,130.686,-5173,4.81607,2147.41821,27.5625,31-08-2025 19:28,0,28.9,116272.9844,28.2,254.7
S9-karli River,16.054042,73.689425,130.686,-5189,4.83468,2147.41821,27.5625,31-08-2025 19:28,0,28.9,116394.4375,28.2,254.7
S9-karli River,16.054042,73.689425,130.686,-5180,4.81607,2147.41821,27.625,31-08-2025 19:28,0,29,116194.3984,28.2,254.6
S9-karli River,16.054042,73.689425,130.686,-5166,4.80809,2141.4729,27.5625,31-08-2025 19:29,0,29,116258.6953,28.2,254.7
S9-karli River,16.054042,73.689425,130.686,-5076,4.80809,2147.41821,27.625,31-08-2025 19:29,0,29,116197.9609,28.2,254.6
S9-karli River,16.054042,73.689425,130.686,-5003,4.84,2141.4729,27.625,31-08-2025 19:29,0,29,116165.8203,28.2,254.5
S9-karli River,16.054042,73.689425,130.686,-5011,4.83468,2141.4729,27.625,31-08-2025 19:30,0,29,116072.9609,28.2,254.5
S9-karli River,16.054042,73.689425,130.686,-5027,4.84798,2141.4729,27.5625,31-08-2025 19:30,0,29,115972.9609,28.2,254.5
S9-karli River,16.054042,73.689425,130.686,-5058,4.81607,2147.41821,27.625,31-08-2025 19:30,0,29,115833.7031,28.2,254.5
S9-karli River,16.054042,73.689425,130.686,-5074,4.83468,2141.4729,27.625,31-08-2025 19:31,0,29,115912.2656,28.2,254.4
S9-karli River,16.054042,73.689425,130.686,-5079,4.83734,2141.4729,27.625,31-08-2025 19:31,0,29,115897.9766,28.2,254.4
S9-karli River,16.054042,73.689425,130.686,-5076,4.80809,2141.4729,27.625,31-08-2025 19:31,0,29,115947.9688,28.2,254.4
S9-karli River,16.054042,73.689425,130.686,-5080,4.81075,2141.4729,27.625,31-08-2025 19:32,0,29,115955.1094,28.2,254.4
S9-karli River,16.054042,73.689425,130.686,-5096,4.81075,2141.4729,27.625,31-08-2025 19:32,0,29,115915.8281,28.2,254.3
S9-karli River,16.054042,73.689425,130.686,-5117,4.83202,2141.4729,27.625,31-08-2025 19:32,0,29,115876.5469,28.2,254.4
S9-karli River,16.054042,73.689425,130.686,-5118,4.80809,2141.4729,27.625,31-08-2025 19:33,0,29,115855.1328,28.2,254.3
S9-karli River,16.054042,73.689425,130.686,-5117,4.8267,2141.4729,27.625,31-08-2025 19:33,0,29,115919.4062,28.2,254.4
S9-karli River,16.054042,73.689425,130.686,-5122,4.8267,2141.4729,27.625,31-08-2025 19:33,0,29,115897.9766,28.2,254.2
S9-karli River,16.054042,73.689425,130.686,-5118,4.80809,2141.4729,27.625,31-08-2025 19:34,0,29,115830.1406,28.3,254.6
S9-karli River,16.054042,73.689425,130.686,-5111,4.81607,2141.4729,27.625,31-08-2025 19:34,0,29,115833.7031,28.2,254.2
S9-karli River,16.054042,73.689425,130.686,-5125,4.82138,2141.4729,27.625,31-08-2025 19:34,0,29,115847.9922,28.2,254.2
S9-karli River,16.054042,73.689425,130.686,-5152,4.80809,2141.4729,27.625,31-08-2025 19:35,0,29,115912.2656,28.2,254.2
S9-karli River,16.054042,73.689425,130.686,-5144,4.81075,2141.4729,27.625,31-08-2025 19:35,0,29,115880.125,28.2,254.2
S9-karli River,16.054042,73.689425,130.686,-5144,4.80809,2141.4729,27.625,31-08-2025 19:35,0,29,115869.4141,28.2,254.1
S9-karli River,16.054042,73.689425,130.686,-5164,4.7682,2141.4729,27.625,31-08-2025 19:36,0,29.1,115619.4844,28.2,254.1
S9-karli River,16.054042,73.689425,130.686,-5173,4.83734,2141.4729,27.625,31-08-2025 19:36,0,29.1,115705.1641,28.2,254
S9-karli River,16.054042,73.689425,130.686,-5169,4.81075,2141.4729,27.625,31-08-2025 19:36,0,29.1,115658.75,28.3,254.4
S9-karli River,16.054042,73.689425,130.686,-5186,4.83468,2141.4729,27.6875,31-08-2025 19:37,0,29.1,115458.8438,28.3,254.4
S9-karli River,16.054042,73.689425,130.686,-5195,4.82138,2135.55591,27.6875,31-08-2025 19:37,0,29.1,115330.3672,28.3,254.3
S9-karli River,16.054042,73.689425,130.686,-5214,4.84798,2135.55591,27.6875,31-08-2025 19:37,0,29.1,115273.25,28.3,254.3
S9-karli River,16.054042,73.689425,130.686,-5232,4.82404,2135.55591,27.6875,31-08-2025 19:38,0,29.1,115387.4688,28.3,254.2
S9-karli River,16.054042,73.689425,130.686,-5247,4.8533,2135.55591,27.6875,31-08-2025 19:38,0,29.1,115465.9844,28.3,254.2
S9-karli River,16.054042,73.689425,130.686,-5246,4.81341,2135.55591,27.6875,31-08-2025 19:38,0,29.1,115530.2344,28.3,254.2
S9-karli River,16.054042,73.689425,130.686,-5237,4.80809,2135.55591,27.6875,31-08-2025 19:39,0,29.1,115501.6875,28.3,254.2
S9-karli River,16.054042,73.689425,130.686,-5251,4.84266,2135.55591,27.6875,31-08-2025 19:39,0,29.1,115490.9688,28.3,254.1
S9-karli River,16.054042,73.689425,130.686,-5263,4.83468,2135.55591,27.6875,31-08-2025 19:39,0,29.1,115487.4062,28.3,254.1
S9-karli River,16.054042,73.689425,130.686,-5269,4.80809,2135.55591,27.6875,31-08-2025 19:40,0,29.1,115515.9688,28.3,254.1
S9-karli River,16.054042,73.689425,130.686,-5268,4.81607,2135.55591,27.6875,31-08-2025 19:40,0,29.1,115530.2344,28.4,254.3
S9-karli River,16.054042,73.689425,130.686,-5263,4.81873,2135.55591,27.6875,31-08-2025 19:40,0,29.1,115490.9688,28.3,254.1
S9-karli River,16.054042,73.689425,130.686,-5241,4.81341,2129.66724,27.6875,31-08-2025 19:41,0,29.1,115308.9453,28.3,254.1
S9-karli River,16.054042,73.689425,130.686,-5243,4.82936,2129.66724,27.75,31-08-2025 19:41,0,29.1,115194.75,28.4,254.3
S9-karli River,16.054042,73.689425,130.686,-5245,4.8267,2129.66724,27.75,31-08-2025 19:41,0,29.1,115237.5703,28.4,254.2
S9-karli River,16.054042,73.689425,130.686,-5240,4.83468,2129.66724,27.75,31-08-2025 19:42,0,29.1,115366.0469,28.4,254.2
S9-karli River,16.054042,73.689425,130.686,-5240,4.83468,2129.66724,27.75,31-08-2025 19:42,0,29.1,115423.1562,28.4,254.2
S9-karli River,16.054042,73.689425,130.686,-5248,4.80809,2129.66724,27.75,31-08-2025 19:42,0,29.1,115344.6328,28.4,254.2
S9-karli River,16.054042,73.689425,130.686,-5229,4.81075,2129.66724,27.75,31-08-2025 19:43,0,29.1,115216.1562,28.4,254.2
S9-karli River,16.054042,73.689425,130.686,-5233,4.83468,2129.66724,27.75,31-08-2025 19:43,0,29.1,115269.6875,28.4,254.1
S9-karli River,16.054042,73.689425,130.686,-5219,4.83202,2129.66724,27.75,31-08-2025 19:43,0,29.1,115526.6719,28.4,254.2
S9-karli River,16.054042,73.689425,130.686,-5206,4.82138,2129.66724,27.75,31-08-2025 19:44,0,29.1,115580.2266,28.4,254.2
S9-karli River,16.054042,73.689425,130.686,-5208,4.81607,2129.66724,27.75,31-08-2025 19:44,0,29.1,115448.1406,28.4,254.2
S9-karli River,16.054042,73.689425,130.686,-5199,4.81341,2129.66724,27.75,31-08-2025 19:44,0,29.1,115391.0312,28.4,254.2
S9-karli River,16.054042,73.689425,130.686,-5194,4.81607,2129.66724,27.75,31-08-2025 19:45,0,29.1,115458.8438,28.4,254.1
S9-karli River,16.054042,73.689425,130.686,-5196,4.80809,2129.66724,27.75,31-08-2025 19:45,0,29.1,115508.8281,28.4,254.1
S9-karli River,16.054042,73.689425,130.686,-5206,4.84532,2129.66724,27.75,31-08-2025 19:45,0,29.1,115351.7734,28.4,254.1
S9-karli River,16.054042,73.689425,130.686,-5213,4.84266,2129.66724,27.75,31-08-2025 19:46,0,29.1,115301.8047,28.4,254.1
S9-karli River,16.054042,73.689425,130.686,-5220,4.82404,2129.66724,27.8125,31-08-2025 19:46,0,29.2,115023.4609,28.4,254
S9-karli River,16.054042,73.689425,130.686,-5211,4.82404,2123.80542,27.8125,31-08-2025 19:46,0,29.2,115169.7734,28.4,254
S9-karli River,16.054042,73.689425,130.686,-5199,4.84266,2123.80542,27.8125,31-08-2025 19:47,0,29.2,115123.375,28.4,254
S9-karli River,16.054042,73.689425,130.686,-5201,4.83734,2123.80542,27.8125,31-08-2025 19:47,0,29.2,115076.9922,28.4,254
S9-karli River,16.054042,73.689425,130.686,-5197,4.8533,2123.80542,27.75,31-08-2025 19:47,0,29.2,115037.7344,28.4,254
S9-karli River,16.054042,73.689425,130.686,-5206,4.8267,2129.66724,27.8125,31-08-2025 19:48,0,29.2,115034.1719,28.4,254
S9-karli River,16.054042,73.689425,130.686,-5223,4.80809,2123.80542,27.8125,31-08-2025 19:48,0,29.2,115041.3125,28.4,254
S9-karli River,16.054042,73.689425,130.686,-5222,4.81341,2123.80542,27.8125,31-08-2025 19:48,0,29.2,115012.7656,28.4,253.9
S9-karli River,16.054042,73.689425,130.686,-5227,4.81075,2123.80542,27.8125,31-08-2025 19:49,0,29.2,115023.4609,28.4,254
S9-karli River,16.054042,73.689425,130.686,-5225,4.80809,2123.80542,27.8125,31-08-2025 19:49,0,29.2,114934.2656,28.4,253.9
S9-karli River,16.054042,73.689425,130.686,-5233,4.81075,2123.80542,27.8125,31-08-2025 19:49,0,29.2,114837.9453,28.4,253.9
S9-karli River,16.054042,73.689425,130.686,-5233,4.81607,2123.80542,27.8125,31-08-2025 19:50,0,29.2,114812.9688,28.4,253.9
S9-karli River,16.054042,73.689425,130.686,-5229,4.83468,2123.80542,27.8125,31-08-2025 19:50,0,29.2,114884.3203,28.4,253.8
S9-karli River,16.054042,73.689425,130.686,-5235,4.81341,2123.80542,27.875,31-08-2025 19:50,0,29.2,114884.3203,28.4,253.8
S9-karli River,16.054042,73.689425,130.686,-5230,4.75224,2117.97095,27.8125,31-08-2025 19:51,0,28.1,122674.25,27.8,258.1
S9-karli River,16.054042,73.689425,130.686,-5221,4.8267,2123.80542,27.8125,31-08-2025 19:51,0,28.1,121467.9297,27.8,257.9
S9-karli River,16.054042,73.689425,130.686,-5217,4.78415,2123.80542,27.8125,31-08-2025 19:51,0,28.1,120875.9922,27.8,257.8
S9-karli River,16.054042,73.689425,130.686,-5217,4.81607,2123.80542,27.875,31-08-2025 19:52,0,28.1,120381.1562,27.8,257.8
S9-karli River,16.054042,73.689425,130.686,-5212,4.82138,2117.97095,27.8125,31-08-2025 19:52,0,28.1,120262.8516,27.8,257.6
S9-karli River,16.054042,73.689425,130.686,-5199,4.81607,2123.80542,27.8125,31-08-2025 19:52,0,28.2,119879.3672,27.8,257.6
S9-karli River,16.054042,73.689425,130.686,-5197,4.80543,2123.80542,27.8125,31-08-2025 19:53,0,28.2,119635.7188,27.8,257.4
S9-karli River,16.054042,73.689425,130.686,-5184,4.83468,2123.80542,27.8125,31-08-2025 19:53,0,28.2,119256.0156,27.8,257.4
S9-karli River,16.054042,73.689425,130.686,-5217,4.82404,2123.80542,27.8125,31-08-2025 19:53,0,28.2,118940.8906,27.8,257.4
S9-karli River,16.054042,73.689425,130.686,-5281,4.80543,2123.80542,27.875,31-08-2025 19:54,0,28.2,118640.1562,27.8,257.3
S9-karli River,16.054042,73.689425,130.686,-5289,4.80809,2117.97095,27.875,31-08-2025 19:54,0,28.3,118085.4688,27.8,257.2
S9-karli River,16.054042,73.689425,130.686,-5249,4.8267,2117.97095,27.875,31-08-2025 19:54,0,28.3,117835.0547,27.8,257.2
S9-karli River,16.054042,73.689425,130.686,-5257,4.80011,2117.97095,27.875,31-08-2025 19:55,0,28.3,117548.9219,27.9,257.2
S9-karli River,16.054042,73.689425,130.686,-5289,4.84798,2117.97095,27.875,31-08-2025 19:55,0,28.3,117427.3438,27.9,257.2
S9-karli River,16.054042,73.689425,130.686,-5263,4.83468,2117.97095,27.875,31-08-2025 19:55,0,28.3,117312.9297,27.8,257
S9-karli River,16.054042,73.689425,130.686,-5245,4.80809,2117.97095,27.875,31-08-2025 19:56,0,28.3,117094.8516,27.9,257.2
S9-karli River,16.054042,73.689425,130.686,-5279,4.84532,2117.97095,27.875,31-08-2025 19:56,0,28.3,116833.9297,27.9,257.1
S9-karli River,16.054042,73.689425,130.686,-5306,4.83734,2117.97095,27.875,31-08-2025 19:56,0,28.3,116640.9531,27.9,257.2
S9-karli River,16.054042,73.689425,130.686,-5292,4.83202,2117.97095,27.875,31-08-2025 19:57,0,28.3,117713.4297,27.9,257.2
S9-karli River,16.054042,73.689425,130.686,-5247,4.83202,2117.97095,27.875,31-08-2025 19:57,0,28.4,118672.375,27.9,257.2
S9-karli River,16.054042,73.689425,130.686,-5262,4.81075,2117.97095,27.875,31-08-2025 19:57,0,28.3,120280.7891,27.9,257.1
S9-karli River,16.054042,73.689425,130.686,-5266,4.8267,2117.97095,27.9375,31-08-2025 19:58,0,28.4,120087.2266,27.9,257.1
S9-karli River,16.054042,73.689425,130.686,-5231,4.82404,2112.16382,27.9375,31-08-2025 19:58,0,28.4,120184,27.9,257.1
S9-karli River,16.054042,73.689425,130.528,-5291,4.80809,2112.16382,27.875,31-08-2025 19:58,0,28.4,120105.1484,27.9,257.1
S9-karli River,16.054042,73.689425,130.25,-5344,4.84266,2117.97095,27.875,31-08-2025 19:59,0,28.4,120227.0156,27.9,257
S9-karli River,16.054042,73.689425,128.864,-5319,4.81607,2117.97095,27.875,31-08-2025 19:59,0,28.4,120162.4922,27.9,257
S9-karli River,16.054042,73.689425,127.32,-5275,4.84266,2117.97095,27.875,31-08-2025 19:59,0,28.4,120108.7266,27.9,257
S9-karli River,16.054042,73.689425,0,0,4.81075,0,28,31-08-2025 20:00,0,28.4,119940.2891,27.9,256.9
S9-karli River,16.054042,73.689425,0,-2949,4.81341,0,27.625,31-08-2025 20:00,0,28.4,119872.1953,27.9,256.9
S9-karli River,16.054042,73.689425,0,-5488,4.79213,0,27.625,31-08-2025 20:00,0,28.5,119531.8281,27.9,256.8
S9-karli River,16.054042,73.689425,0,-5363,4.80809,0,27.625,31-08-2025 20:01,0,28.5,119402.8672,27.9,256.8
S9-karli River,16.054042,73.689425,0,-5315,4.80809,0,27.625,31-08-2025 20:01,0,28.5,119384.9609,27.9,256.7
S9-karli River,16.054042,73.689425,0,-5286,4.80809,0,27.625,31-08-2025 20:01,0,28.5,119445.8516,27.9,256.7
S9-karli River,16.054042,73.689425,0,-5283,4.80011,0,27.625,31-08-2025 20:02,0,28.5,119431.5156,28,257
S9-karli River,16.054042,73.689425,0,-5285,4.80543,0,27.625,31-08-2025 20:02,0,28.5,119427.9375,28,257
S9-karli River,16.054042,73.689425,0,-5278,4.78149,0,27.625,31-08-2025 20:02,0,28.5,119349.1328,27.9,256.7
S9-karli River,16.054042,73.689425,0,-5290,4.79479,0,27.625,31-08-2025 20:03,0,28.5,119356.2969,28,256.9
S9-karli River,16.054042,73.689425,0,-5298,4.80011,0,27.625,31-08-2025 20:03,0,28.5,119463.7578,28,256.9
S9-karli River,16.054042,73.689425,0,-5300,4.80011,0,27.625,31-08-2025 20:03,0,28.5,119402.8672,28,256.9
S9-karli River,16.054042,73.689425,0,-5308,4.81607,0,27.625,31-08-2025 20:04,0,28.5,119248.8516,28,256.7
S9-karli River,16.054042,73.689425,0,-5308,4.80809,0,27.625,31-08-2025 20:04,0,28.5,119030.4062,28,256.7
S9-karli River,16.054042,73.689425,0,-5316,4.81075,0,27.5625,31-08-2025 20:04,0,28.5,119012.5078,28,256.5
S9-karli River,16.054042,73.689425,65.303,-5325,4.80809,615.44891,27.625,31-08-2025 20:05,0,28.5,118998.1797,28,256.5
S9-karli River,16.054042,73.689425,130.686,-5315,4.83202,2141.4729,27.625,31-08-2025 20:05,0,28.5,118983.8516,28,256.5
S9-karli River,16.054042,73.689425,130.686,-5312,4.81075,2141.4729,27.5625,31-08-2025 20:05,0,28.5,118994.5938,28,256.5
S9-karli River,16.054042,73.689425,130.686,-5279,4.80543,2147.41821,27.5625,31-08-2025 20:06,0,28.6,118733.2344,28,256.5
S9-karli River,16.054042,73.689425,130.686,-5208,4.80809,2147.41821,27.5625,31-08-2025 20:06,0,28.6,118708.1797,28,256.4
S9-karli River,16.054042,73.689425,130.686,-5158,4.80809,2147.41821,27.625,31-08-2025 20:06,0,28.6,118701.0156,28,256.4
S9-karli River,16.054042,73.689425,130.686,-5170,4.84266,2141.4729,27.5625,31-08-2025 20:07,0,28.6,118604.3672,28,256.3
S9-karli River,16.054042,73.689425,130.686,-5188,4.81607,2147.41821,27.5625,31-08-2025 20:07,0,28.6,118643.7422,28,256.3
S9-karli River,16.054042,73.689425,130.686,-5193,4.85596,2147.41821,27.5625,31-08-2025 20:07,0,28.6,118679.5391,28,256.3
S9-karli River,16.054042,73.689425,130.686,-5197,4.80277,2147.41821,27.625,31-08-2025 20:08,0,28.6,118686.6953,28,256.3
S9-karli River,16.054042,73.689425,130.686,-5206,4.80277,2141.4729,27.5625,31-08-2025 20:08,0,28.6,118629.4219,28,256.2
S9-karli River,16.054042,73.689425,130.686,-5221,4.81607,2147.41821,27.5625,31-08-2025 20:08,0,28.6,118564.9922,28,256.2
S9-karli River,16.054042,73.689425,130.686,-5226,4.80809,2147.41821,27.5625,31-08-2025 20:09,0,28.6,118532.7812,28,256.1
S9-karli River,16.054042,73.689425,130.686,-5229,4.83202,2147.41821,27.5625,31-08-2025 20:09,0,28.6,118489.8359,28,256.1
S9-karli River,16.054042,73.689425,130.686,-5230,4.83202,2147.41821,27.625,31-08-2025 20:09,0,28.6,118325.2031,28,256
S9-karli River,16.054042,73.689425,130.686,-5221,4.82138,2141.4729,27.5625,31-08-2025 20:10,0,28.6,118382.4609,28,256
S9-karli River,16.054042,73.689425,130.686,-5232,4.82404,2147.41821,27.5625,31-08-2025 20:10,0,28.6,118285.8359,28,256
S9-karli River,16.054042,73.689425,130.686,-5253,4.81075,2147.41821,27.5625,31-08-2025 20:10,0,28.6,118357.4141,28,255.9
S9-karli River,16.054042,73.689425,130.686,-5248,4.80809,2147.41821,27.5625,31-08-2025 20:11,0,28.7,117956.6797,28,255.8
S9-karli River,16.054042,73.689425,130.686,-5240,4.81075,2147.41821,27.5625,31-08-2025 20:11,0,28.7,118021.0703,28,255.9
S9-karli River,16.054042,73.689425,130.686,-5242,4.83468,2147.41821,27.5625,31-08-2025 20:11,0,28.7,118010.3359,28,255.8
S9-karli River,16.054042,73.689425,130.686,-5213,4.84532,2147.41821,27.5625,31-08-2025 20:12,0,28.7,118017.4922,28,255.8
S9-karli River,16.054042,73.689425,130.686,-5214,4.81873,2147.41821,27.5625,31-08-2025 20:12,0,28.7,117970.9766,28,255.8
S9-karli River,16.054042,73.689425,130.686,-5205,4.80809,2147.41821,27.625,31-08-2025 20:12,0,28.7,117863.6641,28,255.8
S9-karli River,16.054042,73.689425,130.686,-5202,4.8267,2141.4729,27.625,31-08-2025 20:13,0,28.7,117849.3516,28,255.6
S9-karli River,16.054042,73.689425,130.686,-5192,4.84798,2141.4729,27.5625,31-08-2025 20:13,0,28.7,117795.7031,28,255.6
S9-karli River,16.054042,73.689425,130.686,-5199,4.82404,2147.41821,27.5625,31-08-2025 20:13,0,28.7,117827.8984,28,255.7
S9-karli River,16.054042,73.689425,130.686,-5206,4.83202,2147.41821,27.625,31-08-2025 20:14,0,28.7,117767.0859,28,255.6
S9-karli River,16.054042,73.689425,130.686,-5164,4.80809,2141.4729,27.625,31-08-2025 20:14,0,28.7,117895.8594,28,255.6
S9-karli River,16.054042,73.689425,130.686,-5162,4.82138,2141.4729,27.5625,31-08-2025 20:14,0,28.7,117931.6406,28,255.5
S9-karli River,16.054042,73.689425,130.686,-5173,4.81607,2147.41821,27.5625,31-08-2025 20:15,0,28.7,118131.9766,28,255.5
S9-karli River,16.054042,73.689425,130.686,-5189,4.83468,2147.41821,27.5625,31-08-2025 20:15,0,28.7,117970.9766,28,255.6
S9-karli River,16.054042,73.689425,130.686,-5180,4.81607,2147.41821,27.625,31-08-2025 20:15,0,28.7,117820.7422,28,255.6
S9-karli River,16.054042,73.689425,130.686,-5166,4.80809,2141.4729,27.5625,31-08-2025 20:16,0,28.7,117702.7031,28,255.6
S9-karli River,16.054042,73.689425,130.686,-5076,4.80809,2147.41821,27.625,31-08-2025 20:16,0,28.7,117860.0938,28,255.4
S9-karli River,16.054042,73.689425,130.686,-5003,4.84,2141.4729,27.625,31-08-2025 20:16,0,28.7,117970.9766,28,255.4
S9-karli River,16.054042,73.689425,130.686,-5011,4.83468,2141.4729,27.625,31-08-2025 20:17,0,28.7,117974.5625,28,255.4
S9-karli River,16.054042,73.689425,130.686,-5027,4.84798,2141.4729,27.5625,31-08-2025 20:17,0,28.7,117920.8984,28,255.3
S9-karli River,16.054042,73.689425,130.686,-5058,4.81607,2147.41821,27.625,31-08-2025 20:17,0,28.7,117813.5859,28,255.3
S9-karli River,16.054042,73.689425,130.686,-5074,4.83468,2141.4729,27.625,31-08-2025 20:18,0,28.7,117699.1328,28,255.3
S9-karli River,16.054042,73.689425,130.686,-5079,4.83734,2141.4729,27.625,31-08-2025 20:18,0,28.7,117538.1953,28,255.3
S9-karli River,16.054042,73.689425,130.686,-5076,4.80809,2141.4729,27.625,31-08-2025 20:18,0,28.7,117609.7266,28,255.3
S9-karli River,16.054042,73.689425,130.686,-5080,4.81075,2141.4729,27.625,31-08-2025 20:19,0,28.7,117588.2656,28,255.2
S9-karli River,16.054042,73.689425,130.686,-5096,4.81075,2141.4729,27.625,31-08-2025 20:19,0,28.8,117316.5,28,255.2
S9-karli River,16.054042,73.689425,130.686,-5117,4.83202,2141.4729,27.625,31-08-2025 20:19,0,28.8,117262.875,28.1,255.5
S9-karli River,16.054042,73.689425,130.686,-5118,4.80809,2141.4729,27.625,31-08-2025 20:20,0,28.8,117402.3125,28,255.2
S9-karli River,16.054042,73.689425,130.686,-5117,4.8267,2141.4729,27.625,31-08-2025 20:20,0,28.8,117420.1875,28.1,255.3
S9-karli River,16.054042,73.689425,130.686,-5122,4.8267,2141.4729,27.625,31-08-2025 20:20,0,28.8,117416.6172,28.1,255.3
S9-karli River,16.054042,73.689425,130.686,-5118,4.80809,2141.4729,27.625,31-08-2025 20:21,0,28.8,117277.1719,28.1,255.3
S9-karli River,16.054042,73.689425,130.686,-5111,4.81607,2141.4729,27.625,31-08-2025 20:21,0,28.8,117248.5703,28.1,255.2
S9-karli River,16.054042,73.689425,130.686,-5125,4.82138,2141.4729,27.625,31-08-2025 20:21,0,28.8,117305.7734,28.1,255.3
S9-karli River,16.054042,73.689425,130.686,-5152,4.80809,2141.4729,27.625,31-08-2025 20:22,0,28.8,117312.9297,28.1,255.1
S9-karli River,16.054042,73.689425,130.686,-5144,4.81075,2141.4729,27.625,31-08-2025 20:22,0,28.8,117273.6016,28.1,255.2
S9-karli River,16.054042,73.689425,130.686,-5144,4.80809,2141.4729,27.625,31-08-2025 20:22,0,28.8,117119.875,28.1,255.1
S9-karli River,16.054042,73.689425,130.686,-5164,4.7682,2141.4729,27.625,31-08-2025 20:23,0,28.8,117041.2344,28.1,255.1
S9-karli River,16.054042,73.689425,130.686,-5173,4.83734,2141.4729,27.625,31-08-2025 20:23,0,28.8,117048.3828,28.1,255.1
S9-karli River,16.054042,73.689425,130.686,-5169,4.81075,2141.4729,27.625,31-08-2025 20:23,0,28.8,117041.2344,28.1,255.1
S9-karli River,16.054042,73.689425,130.686,-5186,4.83468,2141.4729,27.6875,31-08-2025 20:24,0,28.8,116998.3438,28.1,255.1
S9-karli River,16.054042,73.689425,130.686,-5195,4.82138,2135.55591,27.6875,31-08-2025 20:24,0,28.8,116951.875,28.1,255.1
S9-karli River,16.054042,73.689425,130.686,-5214,4.84798,2135.55591,27.6875,31-08-2025 20:24,0,28.8,116930.4219,28.1,255
S9-karli River,16.054042,73.689425,130.686,-5232,4.82404,2135.55591,27.6875,31-08-2025 20:25,0,28.8,117034.0781,28.1,255
S9-karli River,16.054042,73.689425,130.686,-5247,4.8533,2135.55591,27.6875,31-08-2025 20:25,0,28.8,117177.0703,28.1,255
S9-karli River,16.054042,73.689425,130.686,-5246,4.81341,2135.55591,27.6875,31-08-2025 20:25,0,28.9,116851.8047,28.1,254.9
S9-karli River,16.054042,73.689425,130.686,-5237,4.80809,2135.55591,27.6875,31-08-2025 20:26,0,28.9,116719.5703,28.1,254.9
S9-karli River,16.054042,73.689425,130.686,-5251,4.84266,2135.55591,27.6875,31-08-2025 20:26,0,28.9,116569.4922,28.1,254.9
S9-karli River,16.054042,73.689425,130.686,-5263,4.83468,2135.55591,27.6875,31-08-2025 20:26,0,28.9,116573.0703,28.1,254.9
S9-karli River,16.054042,73.689425,130.686,-5269,4.80809,2135.55591,27.6875,31-08-2025 20:27,0,28.9,116605.2266,28.2,255.2
S9-karli River,16.054042,73.689425,130.686,-5268,4.81607,2135.55591,27.6875,31-08-2025 20:27,0,28.9,116569.4922,28.2,255.2
S9-karli River,16.054042,73.689425,130.686,-5263,4.81873,2135.55591,27.6875,31-08-2025 20:27,0,28.9,116623.0938,28.2,255.2
S9-karli River,16.054042,73.689425,130.686,-5241,4.81341,2129.66724,27.6875,31-08-2025 20:28,0,28.9,116791.0469,28.1,254.9
S9-karli River,16.054042,73.689425,130.686,-5243,4.82936,2129.66724,27.75,31-08-2025 20:28,0,28.9,116848.2266,28.2,255.1
S9-karli River,16.054042,73.689425,130.686,-5245,4.8267,2129.66724,27.75,31-08-2025 20:28,0,28.9,116716,28.2,255
S9-karli River,16.054042,73.689425,130.686,-5240,4.83468,2129.66724,27.75,31-08-2025 20:29,0,28.9,116412.2969,28.2,255
S9-karli River,16.054042,73.689425,130.686,-5240,4.83468,2129.66724,27.75,31-08-2025 20:29,0,28.9,116344.4297,28.2,255
S9-karli River,16.054042,73.689425,130.686,-5248,4.80809,2129.66724,27.75,31-08-2025 20:29,0,28.9,116419.4453,28.2,255
S9-karli River,16.054042,73.689425,130.686,-5229,4.81075,2129.66724,27.75,31-08-2025 20:30,0,28.9,116512.3281,28.2,255
S9-karli River,16.054042,73.689425,130.686,-5233,4.83468,2129.66724,27.75,31-08-2025 20:30,0,28.9,116519.4766,28.2,254.8
S9-karli River,16.054042,73.689425,130.686,-5219,4.83202,2129.66724,27.75,31-08-2025 20:30,0,28.9,116430.1562,28.2,254.9
S9-karli River,16.054042,73.689425,130.686,-5206,4.82138,2129.66724,27.75,31-08-2025 20:31,0,28.9,116344.4297,28.2,254.8
S9-karli River,16.054042,73.689425,130.686,-5208,4.81607,2129.66724,27.75,31-08-2025 20:31,0,28.9,116330.1328,28.2,254.9
S9-karli River,16.054042,73.689425,130.686,-5199,4.81341,2129.66724,27.75,31-08-2025 20:31,0,28.9,116405.1484,28.2,254.8
S9-karli River,16.054042,73.689425,130.686,-5194,4.81607,2129.66724,27.75,31-08-2025 20:32,0,28.9,116465.8906,28.2,254.8
S9-karli River,16.054042,73.689425,130.686,-5196,4.80809,2129.66724,27.75,31-08-2025 20:32,0,28.9,116565.9219,28.2,254.8
S9-karli River,16.054042,73.689425,130.686,-5206,4.84532,2129.66724,27.75,31-08-2025 20:32,0,28.9,116483.75,28.2,254.8
S9-karli River,16.054042,73.689425,130.686,-5213,4.84266,2129.66724,27.75,31-08-2025 20:33,0,28.9,116401.5859,28.2,254.8
S9-karli River,16.054042,73.689425,130.686,-5220,4.82404,2129.66724,27.8125,31-08-2025 20:33,0,28.9,116212.2578,28.2,254.8
S9-karli River,16.054042,73.689425,130.686,-5211,4.82404,2123.80542,27.8125,31-08-2025 20:33,0,28.9,116244.3984,28.2,254.8
S9-karli River,16.054042,73.689425,130.686,-5199,4.84266,2123.80542,27.8125,31-08-2025 20:34,0,28.9,116272.9844,28.2,254.7
S9-karli River,16.054042,73.689425,130.686,-5201,4.83734,2123.80542,27.8125,31-08-2025 20:34,0,28.9,116394.4375,28.2,254.7
S9-karli River,16.054042,73.689425,130.686,-5197,4.8533,2123.80542,27.75,31-08-2025 20:34,0,29,116194.3984,28.2,254.6
S9-karli River,16.054042,73.689425,130.686,-5206,4.8267,2129.66724,27.8125,31-08-2025 20:35,0,29,116258.6953,28.2,254.7
S9-karli River,16.054042,73.689425,130.686,-5223,4.80809,2123.80542,27.8125,31-08-2025 20:35,0,29,116197.9609,28.2,254.6
S9-karli River,16.054042,73.689425,130.686,-5222,4.81341,2123.80542,27.8125,31-08-2025 20:35,0,29,116165.8203,28.2,254.5
S9-karli River,16.054042,73.689425,130.686,-5227,4.81075,2123.80542,27.8125,31-08-2025 20:36,0,29,116072.9609,28.2,254.5
S9-karli River,16.054042,73.689425,130.686,-5225,4.80809,2123.80542,27.8125,31-08-2025 20:36,0,29,115972.9609,28.2,254.5
S9-karli River,16.054042,73.689425,130.686,-5233,4.81075,2123.80542,27.8125,31-08-2025 20:36,0,29,115833.7031,28.2,254.5
S9-karli River,16.054042,73.689425,130.686,-5233,4.81607,2123.80542,27.8125,31-08-2025 20:37,0,29,115912.2656,28.2,254.4
S9-karli River,16.054042,73.689425,130.686,-5229,4.83468,2123.80542,27.8125,31-08-2025 20:37,0,29,115897.9766,28.2,254.4
S9-karli River,16.054042,73.689425,130.686,-5235,4.81341,2123.80542,27.875,31-08-2025 20:37,0,29,115947.9688,28.2,254.4
S9-karli River,16.054042,73.689425,130.686,-5230,4.75224,2117.97095,27.8125,31-08-2025 20:38,0,29,115955.1094,28.2,254.4
S9-karli River,16.054042,73.689425,130.686,-5221,4.8267,2123.80542,27.8125,31-08-2025 20:38,0,29,115915.8281,28.2,254.3
S9-karli River,16.054042,73.689425,130.686,-5217,4.78415,2123.80542,27.8125,31-08-2025 20:38,0,29,115876.5469,28.2,254.4
S9-karli River,16.054042,73.689425,130.686,-5217,4.81607,2123.80542,27.875,31-08-2025 20:39,0,29,115855.1328,28.2,254.3
S9-karli River,16.054042,73.689425,130.686,-5212,4.82138,2117.97095,27.8125,31-08-2025 20:39,0,29,115919.4062,28.2,254.4
S9-karli River,16.054042,73.689425,130.686,-5199,4.81607,2123.80542,27.8125,31-08-2025 20:39,0,29,115897.9766,28.2,254.2
S9-karli River,16.054042,73.689425,130.686,-5197,4.80543,2123.80542,27.8125,31-08-2025 20:40,0,29,115830.1406,28.3,254.6
S9-karli River,16.054042,73.689425,130.686,-5184,4.83468,2123.80542,27.8125,31-08-2025 20:40,0,29,115833.7031,28.2,254.2
S9-karli River,16.054042,73.689425,130.686,-5217,4.82404,2123.80542,27.8125,31-08-2025 20:40,0,29,115847.9922,28.2,254.2
S9-karli River,16.054042,73.689425,130.686,-5281,4.80543,2123.80542,27.875,31-08-2025 20:41,0,29,115912.2656,28.2,254.2
S9-karli River,16.054042,73.689425,130.686,-5289,4.80809,2117.97095,27.875,31-08-2025 20:41,0,29,115880.125,28.2,254.2
S9-karli River,16.054042,73.689425,130.686,-5249,4.8267,2117.97095,27.875,31-08-2025 20:41,0,29,115869.4141,28.2,254.1
S9-karli River,16.054042,73.689425,130.686,-5257,4.80011,2117.97095,27.875,31-08-2025 20:42,0,29.1,115619.4844,28.2,254.1
S9-karli River,16.054042,73.689425,130.686,-5289,4.84798,2117.97095,27.875,31-08-2025 20:42,0,29.1,115705.1641,28.2,254
S9-karli River,16.054042,73.689425,130.686,-5263,4.83468,2117.97095,27.875,31-08-2025 20:42,0,29.1,115658.75,28.3,254.4
S9-karli River,16.054042,73.689425,130.686,-5245,4.80809,2117.97095,27.875,31-08-2025 20:43,0,29.1,115458.8438,28.3,254.4
S9-karli River,16.054042,73.689425,130.686,-5279,4.84532,2117.97095,27.875,31-08-2025 20:43,0,29.1,115330.3672,28.3,254.3
S9-karli River,16.054042,73.689425,130.686,-5306,4.83734,2117.97095,27.875,31-08-2025 20:43,0,29.1,115273.25,28.3,254.3
S9-karli River,16.054042,73.689425,130.686,-5292,4.83202,2117.97095,27.875,31-08-2025 20:44,0,29.1,115387.4688,28.3,254.2
S9-karli River,16.054042,73.689425,130.686,-5247,4.83202,2117.97095,27.875,31-08-2025 20:44,0,29.1,115465.9844,28.3,254.2
S9-karli River,16.054042,73.689425,130.686,-5262,4.81075,2117.97095,27.875,31-08-2025 20:44,0,29.1,115530.2344,28.3,254.2
S9-karli River,16.054042,73.689425,130.686,-5266,4.8267,2117.97095,27.9375,31-08-2025 20:45,0,29.1,115501.6875,28.3,254.2
S9-karli River,16.054042,73.689425,130.686,-5231,4.82404,2112.16382,27.9375,31-08-2025 20:45,0,29.1,115490.9688,28.3,254.1
S9-karli River,16.054042,73.689425,130.528,-5291,4.80809,2112.16382,27.875,31-08-2025 20:45,0,29.1,115487.4062,28.3,254.1
S9-karli River,16.054042,73.689425,130.25,-5344,4.84266,2117.97095,27.875,31-08-2025 20:46,0,29.1,115515.9688,28.3,254.1
S9-karli River,16.054042,73.689425,128.864,-5319,4.81607,2117.97095,27.875,31-08-2025 20:46,0,29.1,115530.2344,28.4,254.3
S9-karli River,16.054042,73.689425,127.32,-5275,4.84266,2117.97095,27.875,31-08-2025 20:46,0,29.1,115490.9688,28.3,254.1
S10-Chivla River,16.04156,73.28391,0,0,4.81607,0,28,29-08-2025 19:00,0,28.5,161558.6406,28.1,204.9
S10-Chivla River,16.04156,73.28391,0,-2718,4.80277,0,27.8125,29-08-2025 19:00,0,28.5,161529.0938,28.1,204.7
S10-Chivla River,16.04156,73.28391,0,-3646,4.80543,0,27.75,29-08-2025 19:00,0,28.5,161577.125,28.1,204.7
S10-Chivla River,16.04156,73.28391,0,-3498,4.81607,0,27.75,29-08-2025 19:01,0,28.5,161488.4375,28.1,204.7
S10-Chivla River,16.04156,73.28391,0,-3444,4.80809,0,27.8125,29-08-2025 19:01,0,28.5,161580.8125,28.1,204.7
S10-Chivla River,16.04156,73.28391,0,-3409,4.79479,0,27.75,29-08-2025 19:01,0,28.6,161133.7656,28.1,204.7
S10-Chivla River,16.04156,73.28391,0,-3426,4.8267,0,27.75,29-08-2025 19:02,0,28.6,161130.0781,28.1,204.7
S10-Chivla River,16.04156,73.28391,0,-3429,4.8267,0,27.8125,29-08-2025 19:02,0,28.6,160841.9531,28.1,204.5
S10-Chivla River,16.04156,73.28391,0,-3439,4.81341,0,27.8125,29-08-2025 19:02,0,28.6,160952.7656,28.1,204.5
S10-Chivla River,16.04156,73.28391,0,-3484,4.82138,0,27.8125,29-08-2025 19:03,0,28.6,160915.8281,28.1,204.5
S10-Chivla River,16.04156,73.28391,0,-3529,4.82138,0,27.8125,29-08-2025 19:03,0,28.6,160982.3125,28.1,204.5
S10-Chivla River,16.04156,73.28391,0,-3577,4.81075,0,27.8125,29-08-2025 19:03,0,28.7,160339.7188,28.1,204.5
S10-Chivla River,16.04156,73.28391,0,-3607,4.81607,0,27.8125,29-08-2025 19:04,0,28.7,160284.3281,28.2,204.7
S10-Chivla River,16.04156,73.28391,0,-3613,4.82138,0,27.8125,29-08-2025 19:04,0,28.7,160236.3281,28.2,204.7
S10-Chivla River,16.04156,73.28391,0,-3604,4.81607,0,27.75,29-08-2025 19:04,0,28.7,160180.9531,28.2,204.7
S10-Chivla River,16.04156,73.28391,47.68,-3601,4.81341,612.55444,27.75,29-08-2025 19:05,0,28.7,160180.9531,28.2,204.6
S10-Chivla River,16.04156,73.28391,96.549,-3614,4.80543,2129.66724,27.75,29-08-2025 19:05,0,28.7,160125.5625,28.2,204.6
S10-Chivla River,16.04156,73.28391,97.183,-3636,4.84266,2129.66724,27.8125,29-08-2025 19:05,0,28.7,160066.5,28.2,204.6
S10-Chivla River,16.04156,73.28391,97.183,-3632,4.81607,2123.80542,27.8125,29-08-2025 19:06,0,28.7,159907.7656,28.2,204.5
S10-Chivla River,16.04156,73.28391,97.183,-3616,4.82138,2123.80542,27.75,29-08-2025 19:06,0,28.7,159749.0469,28.2,204.5
S10-Chivla River,16.04156,73.28391,97.183,-3612,4.84266,2129.66724,27.75,29-08-2025 19:06,0,28.7,159870.8594,28.2,204.4
S10-Chivla River,16.04156,73.28391,97.183,-3584,4.86659,2129.66724,27.75,29-08-2025 19:07,0,28.7,160077.5625,28.2,204.3
S10-Chivla River,16.04156,73.28391,97.183,-3584,4.80809,2129.66724,27.75,29-08-2025 19:07,0,28.8,159800.7188,28.2,204.3
S10-Chivla River,16.04156,73.28391,97.183,-3611,4.83468,2129.66724,27.75,29-08-2025 19:07,0,28.8,159630.9375,28.2,204.3
S10-Chivla River,16.04156,73.28391,97.183,-3613,4.83202,2129.66724,27.75,29-08-2025 19:08,0,28.8,159638.3125,28.1,204
S10-Chivla River,16.04156,73.28391,97.183,-3591,4.80809,2129.66724,27.75,29-08-2025 19:08,0,28.8,159582.9531,28.1,203.9
S10-Chivla River,16.04156,73.28391,97.183,-3586,4.82138,2129.66724,27.75,29-08-2025 19:08,0,28.8,159523.9062,28.2,204
S10-Chivla River,16.04156,73.28391,97.183,-3593,4.81607,2129.66724,27.75,29-08-2025 19:09,0,28.8,159247.1406,28.2,204
S10-Chivla River,16.04156,73.28391,97.183,-3581,4.82138,2129.66724,27.75,29-08-2025 19:09,0,28.8,159125.375,28.1,203.8
S10-Chivla River,16.04156,73.28391,97.183,-3580,4.80809,2129.66724,27.75,29-08-2025 19:09,0,28.8,159022.0781,28.2,204
S10-Chivla River,16.04156,73.28391,97.183,-3586,4.81873,2129.66724,27.75,29-08-2025 19:10,0,28.8,158944.5938,28.2,204
S10-Chivla River,16.04156,73.28391,96.47,-3579,4.84798,2129.66724,27.6875,29-08-2025 19:10,0,28.8,158959.3594,28.2,203.9
S10-Chivla River,16.04156,73.28391,96.153,-3568,4.80809,2135.55591,27.75,29-08-2025 19:10,0,28.8,159029.4531,28.2,203.8
S10-Chivla River,16.04156,73.28391,95.836,-3562,4.82404,2129.66724,27.75,29-08-2025 19:11,0,28.8,159051.5938,28.2,203.8
S10-Chivla River,16.04156,73.28391,95.44,-3572,4.82404,2129.66724,27.75,29-08-2025 19:11,0,28.8,158951.9844,28.2,203.8
S10-Chivla River,16.04156,73.28391,95.282,-3572,4.81341,2129.66724,27.75,29-08-2025 19:11,0,28.8,159022.0781,28.2,203.8
S10-Chivla River,16.04156,73.28391,95.084,-3580,4.82404,2129.66724,27.75,29-08-2025 19:12,0,28.8,159003.625,28.2,203.8
S10-Chivla River,16.04156,73.28391,95.005,-3581,4.80809,2129.66724,27.75,29-08-2025 19:12,0,28.9,158594.1719,28.2,203.8
S10-Chivla River,16.04156,73.28391,94.807,-3583,4.8267,2129.66724,27.75,29-08-2025 19:12,0,28.9,158483.5312,28.2,203.7
S10-Chivla River,16.04156,73.28391,94.331,-3560,4.8267,2129.66724,27.75,29-08-2025 19:13,0,28.9,158420.8281,28.2,203.6
S10-Chivla River,16.04156,73.28391,94.331,-3545,4.80809,2129.66724,27.75,29-08-2025 19:13,0,28.9,158328.625,28.2,203.6
S10-Chivla River,16.04156,73.28391,93.935,-3541,4.81607,2129.66724,27.75,29-08-2025 19:13,0,28.9,158302.8125,28.2,203.5
S10-Chivla River,16.04156,73.28391,93.935,-3545,4.81075,2129.66724,27.75,29-08-2025 19:14,0,28.9,158302.8125,28.2,203.5
S10-Chivla River,16.04156,73.28391,93.856,-3551,4.80543,2129.66724,27.75,29-08-2025 19:14,0,28.9,158324.9531,28.2,203.3
S10-Chivla River,16.04156,73.28391,93.737,-3526,4.8267,2129.66724,27.75,29-08-2025 19:14,0,28.9,158380.25,28.2,203.5
S10-Chivla River,16.04156,73.28391,93.698,-3521,4.77352,2129.66724,27.75,29-08-2025 19:15,0,28.9,158387.6406,28.2,203.6
S10-Chivla River,16.04156,73.28391,93.579,-3549,4.81075,2129.66724,27.75,29-08-2025 19:15,0,28.9,158328.625,28.2,203.6
S10-Chivla River,16.04156,73.28391,93.46,-3540,4.81607,2129.66724,27.75,29-08-2025 19:15,0,28.9,158365.5,28.2,203.6
S10-Chivla River,16.04156,73.28391,93.381,-3535,4.81607,2129.66724,27.75,29-08-2025 19:16,0,28.9,158350.7656,28.2,203.6
S10-Chivla River,16.04156,73.28391,93.381,-3542,4.81873,2129.66724,27.75,29-08-2025 19:16,0,28.9,158321.25,28.2,203.6
S10-Chivla River,16.04156,73.28391,93.341,-3541,4.78149,2129.66724,27.75,29-08-2025 19:16,0,28.9,158195.875,28.2,203.6
S10-Chivla River,16.04156,73.28391,93.104,-3552,4.84,2123.80542,27.75,29-08-2025 19:17,0,28.9,158140.5625,28.2,203.6
S10-Chivla River,16.04156,73.28391,92.985,-3530,4.80543,2129.66724,27.8125,29-08-2025 19:17,0,28.9,158221.6875,28.2,203.6
S10-Chivla River,16.04156,73.28391,92.866,-3519,4.80809,2123.80542,27.75,29-08-2025 19:17,0,28.9,158243.8125,28.2,203.4
S10-Chivla River,16.04156,73.28391,92.747,-3493,4.81607,2129.66724,27.75,29-08-2025 19:18,0,28.9,158243.8125,28.2,203.4
S10-Chivla River,16.04156,73.28391,92.708,-3485,4.81075,2129.66724,27.8125,29-08-2025 19:18,0,28.9,158181.125,28.2,203.5
S10-Chivla River,16.04156,73.28391,92.708,-3537,4.80809,2123.80542,27.8125,29-08-2025 19:18,0,28.9,158096.3125,28.2,203.3
S10-Chivla River,16.04156,73.28391,92.668,-3536,4.79213,2123.80542,27.8125,29-08-2025 19:19,0,28.9,158018.8906,28.2,203.4
S10-Chivla River,16.04156,73.28391,92.589,-3525,4.82404,2123.80542,27.75,29-08-2025 19:19,0,28.9,158044.7031,28.2,203.3
S10-Chivla River,16.04156,73.28391,92.668,-3551,4.77352,2129.66724,27.75,29-08-2025 19:19,0,28.9,158103.6875,28.2,203.4
S10-Chivla River,16.04156,73.28391,92.589,-3549,4.83468,2129.66724,27.8125,29-08-2025 19:20,0,28.9,158225.375,28.2,203.3
S10-Chivla River,16.04156,73.28391,92.47,-3548,4.81341,2123.80542,27.75,29-08-2025 19:20,0,28.9,158225.375,28.2,203.3
S10-Chivla River,16.04156,73.28391,92.351,-3574,4.8533,2129.66724,27.8125,29-08-2025 19:20,0,28.9,158214.3125,28.2,203.3
S10-Chivla River,16.04156,73.28391,92.193,-3598,4.81607,2123.80542,27.8125,29-08-2025 19:21,0,28.9,158170.0625,28.2,203.3
S10-Chivla River,16.04156,73.28391,92.035,-3577,4.83734,2123.80542,27.8125,29-08-2025 19:21,0,28.9,158114.75,28.2,203.2
S10-Chivla River,16.04156,73.28391,92.035,-3562,4.80809,2123.80542,27.8125,29-08-2025 19:21,0,28.9,158077.8906,28.2,203.1
S10-Chivla River,16.04156,73.28391,92.035,-3568,4.82404,2123.80542,27.75,29-08-2025 19:22,0,28.9,158070.5156,28.2,202.9
S10-Chivla River,16.04156,73.28391,91.955,-3584,4.80809,2129.66724,27.8125,29-08-2025 19:22,0,28.9,158074.1875,28.2,202.8
S10-Chivla River,16.04156,73.28391,91.916,-3583,4.83202,2123.80542,27.8125,29-08-2025 19:22,0,29,157635.4844,28.2,202.6
S10-Chivla River,16.04156,73.28391,91.876,-3580,4.81075,2123.80542,27.8125,29-08-2025 19:23,0,28.9,157934.0938,28.2,202.4
S10-Chivla River,16.04156,73.28391,91.797,-3584,4.82138,2123.80542,27.8125,29-08-2025 19:23,0,29,157712.8906,28.2,202.4
S10-Chivla River,16.04156,73.28391,91.559,-3586,4.83734,2123.80542,27.8125,29-08-2025 19:23,0,29,157849.2969,28.2,202.2
S10-Chivla River,16.04156,73.28391,91.322,-3598,4.80809,2123.80542,27.8125,29-08-2025 19:24,0,29,157937.7812,28.2,202.2
S10-Chivla River,16.04156,73.28391,91.282,-3589,4.81075,2123.80542,27.8125,29-08-2025 19:24,0,29,157838.2344,28.2,202
S10-Chivla River,16.04156,73.28391,91.242,-3591,4.8267,2123.80542,27.75,29-08-2025 19:24,0,29,157676.0312,28.2,202
S10-Chivla River,16.04156,73.28391,91.203,-3592,4.80543,2129.66724,27.75,29-08-2025 19:25,0,29,157613.375,28.2,202
S10-Chivla River,16.04156,73.28391,91.124,-3587,4.83468,2129.66724,27.8125,29-08-2025 19:25,0,29,157558.0781,28.2,202
S10-Chivla River,16.04156,73.28391,91.044,-3603,4.84798,2123.80542,27.8125,29-08-2025 19:25,0,29,157676.0312,28.2,202
S10-Chivla River,16.04156,73.28391,90.886,-3599,4.80277,2123.80542,27.8125,29-08-2025 19:26,0,29,157794,28.2,202
S10-Chivla River,16.04156,73.28391,90.728,-3582,4.76022,2123.80542,27.8125,29-08-2025 19:26,0,29,157904.5938,28.2,202
S10-Chivla River,16.04156,73.28391,90.53,-3586,4.82404,2123.80542,27.8125,29-08-2025 19:26,0,29,157867.7344,28.2,202
S10-Chivla River,16.04156,73.28391,90.371,-3610,4.82404,2123.80542,27.8125,29-08-2025 19:27,0,29,157838.2344,28.2,202
S10-Chivla River,16.04156,73.28391,90.332,-3614,4.80809,2123.80542,27.8125,29-08-2025 19:27,0,29,157735.0156,28.2,202.2
S10-Chivla River,16.04156,73.28391,90.134,-3610,4.81873,2123.80542,27.8125,29-08-2025 19:27,0,29,157731.3281,28.2,202.2
S10-Chivla River,16.04156,73.28391,89.856,-3597,4.80543,2123.80542,27.8125,29-08-2025 19:28,0,29,157676.0312,28.2,202.2
S10-Chivla River,16.04156,73.28391,89.619,-3615,4.80543,2123.80542,27.8125,29-08-2025 19:28,0,29,157698.1562,28.2,202.4
S10-Chivla River,16.04156,73.28391,89.579,-3648,4.80809,2123.80542,27.8125,29-08-2025 19:28,0,29,157779.25,28.2,202.4
S10-Chivla River,16.04156,73.28391,89.342,-3627,4.81607,2123.80542,27.8125,29-08-2025 19:29,0,29,157915.6562,28.2,202.4
S10-Chivla River,16.04156,73.28391,89.064,-3629,4.86925,2123.80542,27.8125,29-08-2025 19:29,0,29,157900.9062,28.2,202.4
S10-Chivla River,16.04156,73.28391,88.866,-3660,4.84532,2123.80542,27.8125,29-08-2025 19:29,0,29,157945.1562,28.2,202.4
S10-Chivla River,16.04156,73.28391,88.748,-3669,4.80809,2123.80542,27.8125,29-08-2025 19:30,0,29,157723.9531,28.2,202.4
S10-Chivla River,16.04156,73.28391,88.51,-3658,4.80543,2123.80542,27.8125,29-08-2025 19:30,0,29,157598.625,28.2,202.4
S10-Chivla River,16.04156,73.28391,88.272,-3664,4.81075,2123.80542,27.8125,29-08-2025 19:30,0,29,157488.0469,28.2,202.4
S10-Chivla River,16.04156,73.28391,87.916,-3681,4.82404,2123.80542,27.8125,29-08-2025 19:31,0,29,157532.2812,28.2,202.4
S10-Chivla River,16.04156,73.28391,87.599,-3688,4.82404,2123.80542,27.8125,29-08-2025 19:31,0,29,157443.8281,28.2,202.4
S10-Chivla River,16.04156,73.28391,87.441,-3665,4.83468,2123.80542,27.8125,29-08-2025 19:31,0,29,157392.2188,28.2,202.4
S10-Chivla River,16.04156,73.28391,87.322,-3663,4.84798,2123.80542,27.8125,29-08-2025 19:32,0,29,157370.1094,28.2,202.4
S10-Chivla River,16.04156,73.28391,87.124,-3689,4.81075,2123.80542,27.8125,29-08-2025 19:32,0,29,157447.5,28.2,202.4
S10-Chivla River,16.04156,73.28391,86.926,-3686,4.82404,2123.80542,27.8125,29-08-2025 19:32,0,29,157517.5312,28.2,202.2
S10-Chivla River,16.04156,73.28391,86.767,-3689,4.81075,2123.80542,27.8125,29-08-2025 19:33,0,29,157620.75,28.2,202.2
S10-Chivla River,16.04156,73.28391,86.451,-3699,4.79745,2123.80542,27.8125,29-08-2025 19:33,0,29,157617.0469,28.2,202.2
S10-Chivla River,16.04156,73.28391,86.213,-3708,4.80809,2123.80542,27.8125,29-08-2025 19:33,0,29,157676.0312,28.2,202.2
S10-Chivla River,16.04156,73.28391,85.579,-3694,4.8267,2123.80542,27.8125,29-08-2025 19:34,0,29,157746.0781,28.2,202.2
S10-Chivla River,16.04156,73.28391,84.827,-3696,4.80809,2123.80542,27.8125,29-08-2025 19:34,0,29,158004.1406,28.2,202.2
S10-Chivla River,16.04156,73.28391,84.629,-3716,4.82138,2123.80542,27.8125,29-08-2025 19:34,0,29,157900.9062,28.2,202.2
S10-Chivla River,16.04156,73.28391,84.391,-3693,4.81873,2123.80542,27.8125,29-08-2025 19:35,0,29,157749.75,28.2,202.2
S10-Chivla River,16.04156,73.28391,84.193,-3697,4.84532,2123.80542,27.8125,29-08-2025 19:35,0,29,157458.5625,28.2,202
S10-Chivla River,16.04156,73.28391,84.114,-3695,4.8267,2123.80542,27.8125,29-08-2025 19:35,0,29,157580.1875,28.2,202.2
S10-Chivla River,16.04156,73.28391,84.035,-3696,4.81607,2123.80542,27.8125,29-08-2025 19:36,0,29,157547.0156,28.2,202.2
S10-Chivla River,16.04156,73.28391,83.837,-3726,4.83468,2123.80542,27.8125,29-08-2025 19:36,0,29,157768.2031,28.2,202
S10-Chivla River,16.04156,73.28391,83.282,-3723,4.80809,2123.80542,27.8125,29-08-2025 19:36,0,29,157878.7969,28.2,202.2
S10-Chivla River,16.04156,73.28391,82.847,-3733,4.81607,2123.80542,27.8125,29-08-2025 19:37,0,29,157956.2031,28.2,202.2
S10-Chivla River,16.04156,73.28391,82.174,-3733,4.82138,2123.80542,27.8125,29-08-2025 19:37,0,29,157790.3125,28.2,202
S10-Chivla River,16.04156,73.28391,81.659,-3722,4.8267,2123.80542,27.8125,29-08-2025 19:37,0,29,157628.1094,28.2,202
S10-Chivla River,16.04156,73.28391,81.5,-3718,4.82404,2123.80542,27.8125,29-08-2025 19:38,0,29,157617.0469,28.2,202
S10-Chivla River,16.04156,73.28391,81.342,-3734,4.82404,2123.80542,27.8125,29-08-2025 19:38,0,29,157491.7344,28.2,202
S10-Chivla River,16.04156,73.28391,81.223,-3732,4.83734,2123.80542,27.875,29-08-2025 19:38,0,29,157484.3594,28.2,202
S10-Chivla River,16.04156,73.28391,80.867,-3723,4.81341,2117.97095,27.8125,29-08-2025 19:39,0,29,157488.0469,28.2,202
S10-Chivla River,16.04156,73.28391,80.51,-3744,4.81873,2123.80542,27.8125,29-08-2025 19:39,0,29,157672.3438,28.2,202
S10-Chivla River,16.04156,73.28391,80.352,-3753,4.81075,2123.80542,27.8125,29-08-2025 19:39,0,29,157882.4688,28.2,202
S10-Chivla River,16.04156,73.28391,79.877,-3727,4.84266,2123.80542,27.8125,29-08-2025 19:40,0,29,157690.7812,28.2,202
S10-Chivla River,16.04156,73.28391,79.322,-3732,4.82138,2123.80542,27.8125,29-08-2025 19:40,0,29,157624.4219,28.2,202
S10-Chivla River,16.04156,73.28391,78.926,-3769,4.84532,2123.80542,27.8125,29-08-2025 19:40,0,29.1,156964.75,28.2,202
S10-Chivla River,16.04156,73.28391,78.411,-3758,4.83468,2123.80542,27.875,29-08-2025 19:41,0,29.1,157174.7812,28.2,202
S10-Chivla River,16.04156,73.28391,78.095,-3753,4.81607,2117.97095,27.875,29-08-2025 19:41,0,29.1,157351.6719,28.2,202
S10-Chivla River,16.04156,73.28391,77.857,-3763,4.84532,2117.97095,27.8125,29-08-2025 19:41,0,29.1,157480.6719,28.2,202
S10-Chivla River,16.04156,73.28391,77.58,-3781,4.81873,2123.80542,27.8125,29-08-2025 19:42,0,29.1,157233.75,28.2,202
S10-Chivla River,16.04156,73.28391,77.501,-3756,4.81341,2123.80542,27.8125,29-08-2025 19:42,0,29.1,157141.625,28.2,202
S10-Chivla River,16.04156,73.28391,77.421,-3737,4.84,2123.80542,27.8125,29-08-2025 19:42,0,29.1,157126.875,28.2,202
S10-Chivla River,16.04156,73.28391,77.342,-3775,4.80809,2123.80542,27.8125,29-08-2025 19:43,0,29.1,157156.3594,28.2,201.9
S10-Chivla River,16.04156,73.28391,77.184,-3747,4.82138,2123.80542,27.8125,29-08-2025 19:43,0,29.1,157185.8281,28.3,202.1
S10-Chivla River,16.04156,73.28391,77.025,-3760,4.82936,2123.80542,27.875,29-08-2025 19:43,0,29.1,157167.4062,28.2,201.9
S10-Chivla River,16.04156,73.28391,76.946,-3780,4.81341,2117.97095,27.8125,29-08-2025 19:44,0,29.1,157193.2031,28.3,202.2
S10-Chivla River,16.04156,73.28391,76.709,-3767,4.81341,2123.80542,27.8125,29-08-2025 19:44,0,29.1,157311.1406,28.3,202.1
S10-Chivla River,16.04156,73.28391,76.431,-3793,4.82404,2123.80542,27.8125,29-08-2025 19:44,0,29.1,157377.4844,28.3,202.1
S10-Chivla River,16.04156,73.28391,76.273,-3774,4.81075,2123.80542,27.8125,29-08-2025 19:45,0,29.1,157314.8281,28.3,202
S10-Chivla River,16.04156,73.28391,76.075,-3743,4.80809,2123.80542,27.8125,29-08-2025 19:45,0,29.1,157053.1719,28.3,202
S10-Chivla River,16.04156,73.28391,76.075,-3724,4.81607,2123.80542,27.8125,29-08-2025 19:45,0,29.1,157016.3438,28.3,202
S10-Chivla River,16.04156,73.28391,75.917,-3758,4.81607,2123.80542,27.8125,29-08-2025 19:46,0,29.1,157001.5938,28.3,202
S10-Chivla River,16.04156,73.28391,75.6,-3781,4.83734,2123.80542,27.875,29-08-2025 19:46,0,29.1,157078.9844,28.3,202
S10-Chivla River,16.04156,73.28391,75.322,-3777,4.83202,2117.97095,27.875,29-08-2025 19:46,0,29.1,156964.75,28.3,202
S10-Chivla River,16.04156,73.28391,75.085,-3760,4.80543,2117.97095,27.875,29-08-2025 19:47,0,29.1,156986.8594,28.3,202
S10-Chivla River,16.04156,73.28391,75.006,-3778,4.81607,2117.97095,27.875,29-08-2025 19:47,0,29.1,156979.5,28.3,201.7
S10-Chivla River,16.04156,73.28391,74.768,-3777,4.81873,2117.97095,27.8125,29-08-2025 19:47,0,29.1,157016.3438,28.3,201.9
S10-Chivla River,16.04156,73.28391,74.491,-3775,4.79745,2123.80542,27.875,29-08-2025 19:48,0,29.1,156964.75,28.3,201.9
S10-Chivla River,16.04156,73.28391,74.412,-3776,4.81075,2117.97095,27.875,29-08-2025 19:48,0,29.1,156997.9219,28.3,201.7
S10-Chivla River,16.04156,73.28391,74.293,-3777,4.83468,2117.97095,27.875,29-08-2025 19:48,0,29.1,156990.5469,28.3,201.9
S10-Chivla River,16.04156,73.28391,74.293,-3790,4.84266,2117.97095,27.875,29-08-2025 19:49,0,29.1,157071.6094,28.3,201.7
S10-Chivla River,16.04156,73.28391,73.936,-3815,4.79479,2117.97095,27.875,29-08-2025 19:49,0,29.1,156972.125,28.3,201.7
S10-Chivla River,16.04156,73.28391,73.62,-3802,4.82138,2117.97095,27.875,29-08-2025 19:49,0,29.1,156972.125,28.3,201.7
S10-Chivla River,16.04156,73.28391,73.461,-3777,4.86127,2117.97095,27.875,29-08-2025 19:50,0,29.1,156887.3906,28.3,201.6
S10-Chivla River,16.04156,73.28391,73.303,-3781,4.80809,2117.97095,27.875,29-08-2025 19:50,0,29.1,157171.1094,28.3,201.7
S10-Chivla River,16.04156,73.28391,73.263,-3797,4.76288,2117.97095,27.875,29-08-2025 19:50,0,29.1,157322.2031,28.3,201.7
S10-Chivla River,16.04156,73.28391,73.263,-3799,4.82138,2117.97095,27.875,29-08-2025 19:51,0,29.1,157392.2188,28.3,201.6
S10-Chivla River,16.04156,73.28391,73.105,-3806,4.83734,2117.97095,27.875,29-08-2025 19:51,0,29.1,157123.2031,28.3,201.7
S10-Chivla River,16.04156,73.28391,72.946,-3807,4.81341,2117.97095,27.875,29-08-2025 19:51,0,29.1,156894.75,28.3,201.7
S10-Chivla River,16.04156,73.28391,72.788,-3802,4.80809,2117.97095,27.9375,29-08-2025 19:52,0,29.1,156902.1094,28.3,201.7
S10-Chivla River,16.04156,73.28391,72.63,-3795,4.80809,2112.16382,27.9375,29-08-2025 19:52,0,29.1,156905.7969,28.4,202
S10-Chivla River,16.04156,73.28391,0,0,4.81607,0,28,29-08-2025 19:52,0,29.1,157001.5938,28.3,201.7
S10-Chivla River,16.04156,73.28391,0,-2718,4.80277,0,27.8125,29-08-2025 19:53,0,29.1,156927.9062,28.3,201.6
S10-Chivla River,16.04156,73.28391,0,-3646,4.80543,0,27.75,29-08-2025 19:53,0,29.1,157060.5469,28.4,201.9
S10-Chivla River,16.04156,73.28391,0,-3498,4.81607,0,27.75,29-08-2025 19:53,0,29.1,157031.0781,28.3,201.5
S10-Chivla River,16.04156,73.28391,0,-3444,4.80809,0,27.8125,29-08-2025 19:54,0,29.1,157045.8125,28.4,201.7
S10-Chivla River,16.04156,73.28391,0,-3409,4.79479,0,27.75,29-08-2025 19:54,0,29.1,157056.875,28.4,201.7
S10-Chivla River,16.04156,73.28391,0,-3426,4.8267,0,27.75,29-08-2025 19:54,0,29.1,156905.7969,28.4,201.7
S10-Chivla River,16.04156,73.28391,0,-3429,4.8267,0,27.8125,29-08-2025 19:55,0,29.1,156810,28.4,201.7
S10-Chivla River,16.04156,73.28391,0,-3439,4.81341,0,27.8125,29-08-2025 19:55,0,29.1,156703.1719,28.4,201.6
S10-Chivla River,16.04156,73.28391,0,-3484,4.82138,0,27.8125,29-08-2025 19:55,0,29.1,156791.5938,28.4,201.6
S10-Chivla River,16.04156,73.28391,0,-3529,4.82138,0,27.8125,29-08-2025 19:56,0,29.1,156802.6406,28.4,201.5
S10-Chivla River,16.04156,73.28391,0,-3577,4.81075,0,27.8125,29-08-2025 19:56,0,29.2,156390.0625,28.4,201.5
S10-Chivla River,16.04156,73.28391,0,-3607,4.81607,0,27.8125,29-08-2025 19:56,0,29.2,156607.3906,28.4,201.6
S10-Chivla River,16.04156,73.28391,0,-3613,4.82138,0,27.8125,29-08-2025 19:57,0,29.2,156732.6406,28.4,201.6
S10-Chivla River,16.04156,73.28391,0,-3604,4.81607,0,27.75,29-08-2025 19:57,0,29.2,156762.1094,28.4,201.5
S10-Chivla River,16.04156,73.28391,47.68,-3601,4.81341,612.55444,27.75,29-08-2025 19:57,0,29.2,156467.4219,28.4,201.5
S10-Chivla River,16.04156,73.28391,96.549,-3614,4.80543,2129.66724,27.75,29-08-2025 19:58,0,29.2,156412.1562,28.4,201.5
S10-Chivla River,16.04156,73.28391,97.183,-3636,4.84266,2129.66724,27.8125,29-08-2025 19:58,0,29.2,156426.8906,28.4,201.5
S10-Chivla River,16.04156,73.28391,97.183,-3632,4.81607,2123.80542,27.8125,29-08-2025 19:58,0,29.2,156489.5156,28.4,201.4
S10-Chivla River,16.04156,73.28391,97.183,-3616,4.82138,2123.80542,27.75,29-08-2025 19:59,0,29.2,156434.2656,28.4,201.5
S10-Chivla River,16.04156,73.28391,97.183,-3612,4.84266,2129.66724,27.75,29-08-2025 19:59,0,29.2,156386.375,28.4,201.5
S10-Chivla River,16.04156,73.28391,97.183,-3584,4.86659,2129.66724,27.75,29-08-2025 19:59,0,29.2,156397.4219,28.4,201.4
S10-Chivla River,16.04156,73.28391,97.183,-3584,4.80809,2129.66724,27.75,29-08-2025 20:00,0,29.2,156434.2656,28.4,201.4
S10-Chivla River,16.04156,73.28391,97.183,-3611,4.83468,2129.66724,27.75,29-08-2025 20:00,0,29.2,156463.7188,28.4,201.4
S10-Chivla River,16.04156,73.28391,97.183,-3613,4.83202,2129.66724,27.75,29-08-2025 20:00,0,29.2,156449,28.4,201.4
S10-Chivla River,16.04156,73.28391,97.183,-3591,4.80809,2129.66724,27.75,29-08-2025 20:01,0,29.2,156390.0625,28.4,201.3
S10-Chivla River,16.04156,73.28391,97.183,-3586,4.82138,2129.66724,27.75,29-08-2025 20:01,0,29.2,156180.1406,28.4,201.4
S10-Chivla River,16.04156,73.28391,97.183,-3593,4.81607,2129.66724,27.75,29-08-2025 20:01,0,29.2,155981.2812,28.4,201.3
S10-Chivla River,16.04156,73.28391,97.183,-3581,4.82138,2129.66724,27.75,29-08-2025 20:02,0,29.2,156018.1094,28.4,201.3
S10-Chivla River,16.04156,73.28391,97.183,-3580,4.80809,2129.66724,27.75,29-08-2025 20:02,0,29.2,156084.3906,28.4,201.2
S10-Chivla River,16.04156,73.28391,97.183,-3586,4.81873,2129.66724,27.75,29-08-2025 20:02,0,29.2,156161.7188,28.4,201.2
S10-Chivla River,16.04156,73.28391,96.47,-3579,4.84798,2129.66724,27.6875,29-08-2025 20:03,0,29.2,156180.1406,28.4,201.2
S10-Chivla River,16.04156,73.28391,96.153,-3568,4.80809,2135.55591,27.75,29-08-2025 20:03,0,29.2,156367.9688,28.4,201.1
S10-Chivla River,16.04156,73.28391,95.836,-3562,4.82404,2129.66724,27.75,29-08-2025 20:03,0,29.2,156320.0781,28.4,201.2
S10-Chivla River,16.04156,73.28391,95.44,-3572,4.82404,2129.66724,27.75,29-08-2025 20:04,0,29.2,156253.7969,28.4,201
S10-Chivla River,16.04156,73.28391,95.282,-3572,4.81341,2129.66724,27.75,29-08-2025 20:04,0,29.3,155760.3594,28.4,201.1
S10-Chivla River,16.04156,73.28391,95.084,-3580,4.82404,2129.66724,27.75,29-08-2025 20:04,0,29.3,155845.0469,28.4,201
S10-Chivla River,16.04156,73.28391,95.005,-3581,4.80809,2129.66724,27.75,29-08-2025 20:05,0,29.3,155867.1406,28.4,201
S10-Chivla River,16.04156,73.28391,94.807,-3583,4.8267,2129.66724,27.75,29-08-2025 20:05,0,29.3,155988.6406,28.4,201
S10-Chivla River,16.04156,73.28391,94.331,-3560,4.8267,2129.66724,27.75,29-08-2025 20:05,0,29.3,156198.5469,28.4,201
S10-Chivla River,16.04156,73.28391,94.331,-3545,4.80809,2129.66724,27.75,29-08-2025 20:06,0,29.3,156323.7812,28.4,201
S10-Chivla River,16.04156,73.28391,93.935,-3541,4.81607,2129.66724,27.75,29-08-2025 20:06,0,29.3,156187.5,28.4,200.9
S10-Chivla River,16.04156,73.28391,93.935,-3545,4.81075,2129.66724,27.75,29-08-2025 20:06,0,29.3,156036.5156,28.4,201
S10-Chivla River,16.04156,73.28391,93.856,-3551,4.80543,2129.66724,27.75,29-08-2025 20:07,0,29.3,155867.1406,28.4,201
S10-Chivla River,16.04156,73.28391,93.737,-3526,4.8267,2129.66724,27.75,29-08-2025 20:07,0,29.3,155852.4062,28.4,200.9
S10-Chivla River,16.04156,73.28391,93.698,-3521,4.77352,2129.66724,27.75,29-08-2025 20:07,0,29.3,155918.6875,28.4,200.9
S10-Chivla River,16.04156,73.28391,93.579,-3549,4.81075,2129.66724,27.75,29-08-2025 20:08,0,29.3,156047.5625,28.4,200.8
S10-Chivla River,16.04156,73.28391,93.46,-3540,4.81607,2129.66724,27.75,29-08-2025 20:08,0,29.3,156209.5938,28.4,200.9
S10-Chivla River,16.04156,73.28391,93.381,-3535,4.81607,2129.66724,27.75,29-08-2025 20:08,0,29.3,156117.5312,28.5,201
S10-Chivla River,16.04156,73.28391,93.381,-3542,4.81873,2129.66724,27.75,29-08-2025 20:09,0,29.3,156113.8438,28.5,201
S10-Chivla River,16.04156,73.28391,93.341,-3541,4.78149,2129.66724,27.75,29-08-2025 20:09,0,29.3,156117.5312,28.5,201.1
S10-Chivla River,16.04156,73.28391,93.104,-3552,4.84,2123.80542,27.75,29-08-2025 20:09,0,29.3,156124.9062,28.5,201
S10-Chivla River,16.04156,73.28391,92.985,-3530,4.80543,2129.66724,27.8125,29-08-2025 20:10,0,29.3,156121.2188,28.5,201
S10-Chivla River,16.04156,73.28391,92.866,-3519,4.80809,2123.80542,27.75,29-08-2025 20:10,0,29.3,156091.75,28.5,201
S10-Chivla River,16.04156,73.28391,92.747,-3493,4.81607,2129.66724,27.75,29-08-2025 20:10,0,29.3,156169.0938,28.5,200.9
S10-Chivla River,16.04156,73.28391,92.708,-3485,4.81075,2129.66724,27.8125,29-08-2025 20:11,0,29.3,156191.1875,28.5,200.8
S10-Chivla River,16.04156,73.28391,92.708,-3537,4.80809,2123.80542,27.8125,29-08-2025 20:11,0,29.3,156121.2188,28.5,200.8
S10-Chivla River,16.04156,73.28391,92.668,-3536,4.79213,2123.80542,27.8125,29-08-2025 20:11,0,29.3,156121.2188,28.5,200.9
S10-Chivla River,16.04156,73.28391,92.589,-3525,4.82404,2123.80542,27.75,29-08-2025 20:12,0,28.5,161558.6406,28.1,204.9
S10-Chivla River,16.04156,73.28391,92.668,-3551,4.77352,2129.66724,27.75,29-08-2025 20:12,0,28.5,161529.0938,28.1,204.7
S10-Chivla River,16.04156,73.28391,92.589,-3549,4.83468,2129.66724,27.8125,29-08-2025 20:12,0,28.5,161577.125,28.1,204.7
S10-Chivla River,16.04156,73.28391,92.47,-3548,4.81341,2123.80542,27.75,29-08-2025 20:13,0,28.5,161488.4375,28.1,204.7
S10-Chivla River,16.04156,73.28391,92.351,-3574,4.8533,2129.66724,27.8125,29-08-2025 20:13,0,28.5,161580.8125,28.1,204.7
S10-Chivla River,16.04156,73.28391,92.193,-3598,4.81607,2123.80542,27.8125,29-08-2025 20:13,0,28.6,161133.7656,28.1,204.7
S10-Chivla River,16.04156,73.28391,92.035,-3577,4.83734,2123.80542,27.8125,29-08-2025 20:14,0,28.6,161130.0781,28.1,204.7
S10-Chivla River,16.04156,73.28391,92.035,-3562,4.80809,2123.80542,27.8125,29-08-2025 20:14,0,28.6,160841.9531,28.1,204.5
S10-Chivla River,16.04156,73.28391,92.035,-3568,4.82404,2123.80542,27.75,29-08-2025 20:14,0,28.6,160952.7656,28.1,204.5
S10-Chivla River,16.04156,73.28391,91.955,-3584,4.80809,2129.66724,27.8125,29-08-2025 20:15,0,28.6,160915.8281,28.1,204.5
S10-Chivla River,16.04156,73.28391,91.916,-3583,4.83202,2123.80542,27.8125,29-08-2025 20:15,0,28.6,160982.3125,28.1,204.5
S10-Chivla River,16.04156,73.28391,91.876,-3580,4.81075,2123.80542,27.8125,29-08-2025 20:15,0,28.7,160339.7188,28.1,204.5
S10-Chivla River,16.04156,73.28391,91.797,-3584,4.82138,2123.80542,27.8125,29-08-2025 20:16,0,28.7,160284.3281,28.2,204.7
S10-Chivla River,16.04156,73.28391,91.559,-3586,4.83734,2123.80542,27.8125,29-08-2025 20:16,0,28.7,160236.3281,28.2,204.7
S10-Chivla River,16.04156,73.28391,91.322,-3598,4.80809,2123.80542,27.8125,29-08-2025 20:16,0,28.7,160180.9531,28.2,204.7
S10-Chivla River,16.04156,73.28391,91.282,-3589,4.81075,2123.80542,27.8125,29-08-2025 20:17,0,28.7,160180.9531,28.2,204.6
S10-Chivla River,16.04156,73.28391,91.242,-3591,4.8267,2123.80542,27.75,29-08-2025 20:17,0,28.7,160125.5625,28.2,204.6
S10-Chivla River,16.04156,73.28391,91.203,-3592,4.80543,2129.66724,27.75,29-08-2025 20:17,0,28.7,160066.5,28.2,204.6
S10-Chivla River,16.04156,73.28391,91.124,-3587,4.83468,2129.66724,27.8125,29-08-2025 20:18,0,28.7,159907.7656,28.2,204.5
S10-Chivla River,16.04156,73.28391,91.044,-3603,4.84798,2123.80542,27.8125,29-08-2025 20:18,0,28.7,159749.0469,28.2,204.5
S10-Chivla River,16.04156,73.28391,90.886,-3599,4.80277,2123.80542,27.8125,29-08-2025 20:18,0,28.7,159870.8594,28.2,204.4
S10-Chivla River,16.04156,73.28391,90.728,-3582,4.76022,2123.80542,27.8125,29-08-2025 20:19,0,28.7,160077.5625,28.2,204.3
S10-Chivla River,16.04156,73.28391,90.53,-3586,4.82404,2123.80542,27.8125,29-08-2025 20:19,0,28.8,159800.7188,28.2,204.3
S10-Chivla River,16.04156,73.28391,90.371,-3610,4.82404,2123.80542,27.8125,29-08-2025 20:19,0,28.8,159630.9375,28.2,204.3
S10-Chivla River,16.04156,73.28391,90.332,-3614,4.80809,2123.80542,27.8125,29-08-2025 20:20,0,28.8,159638.3125,28.1,204
S10-Chivla River,16.04156,73.28391,90.134,-3610,4.81873,2123.80542,27.8125,29-08-2025 20:20,0,28.8,159582.9531,28.1,203.9
S10-Chivla River,16.04156,73.28391,89.856,-3597,4.80543,2123.80542,27.8125,29-08-2025 20:20,0,28.8,159523.9062,28.2,204
S10-Chivla River,16.04156,73.28391,89.619,-3615,4.80543,2123.80542,27.8125,29-08-2025 20:21,0,28.8,159247.1406,28.2,204
S10-Chivla River,16.04156,73.28391,89.579,-3648,4.80809,2123.80542,27.8125,29-08-2025 20:21,0,28.8,159125.375,28.1,203.8
S10-Chivla River,16.04156,73.28391,89.342,-3627,4.81607,2123.80542,27.8125,29-08-2025 20:21,0,28.8,159022.0781,28.2,204
S10-Chivla River,16.04156,73.28391,89.064,-3629,4.86925,2123.80542,27.8125,29-08-2025 20:22,0,28.8,158944.5938,28.2,204
S10-Chivla River,16.04156,73.28391,88.866,-3660,4.84532,2123.80542,27.8125,29-08-2025 20:22,0,28.8,158959.3594,28.2,203.9
S10-Chivla River,16.04156,73.28391,88.748,-3669,4.80809,2123.80542,27.8125,29-08-2025 20:22,0,28.8,159029.4531,28.2,203.8
S10-Chivla River,16.04156,73.28391,88.51,-3658,4.80543,2123.80542,27.8125,29-08-2025 20:23,0,28.8,159051.5938,28.2,203.8
S10-Chivla River,16.04156,73.28391,88.272,-3664,4.81075,2123.80542,27.8125,29-08-2025 20:23,0,28.8,158951.9844,28.2,203.8
S10-Chivla River,16.04156,73.28391,87.916,-3681,4.82404,2123.80542,27.8125,29-08-2025 20:23,0,28.8,159022.0781,28.2,203.8
S10-Chivla River,16.04156,73.28391,87.599,-3688,4.82404,2123.80542,27.8125,29-08-2025 20:24,0,28.8,159003.625,28.2,203.8
S10-Chivla River,16.04156,73.28391,87.441,-3665,4.83468,2123.80542,27.8125,29-08-2025 20:24,0,28.9,158594.1719,28.2,203.8
S10-Chivla River,16.04156,73.28391,87.322,-3663,4.84798,2123.80542,27.8125,29-08-2025 20:24,0,28.9,158483.5312,28.2,203.7
S10-Chivla River,16.04156,73.28391,87.124,-3689,4.81075,2123.80542,27.8125,29-08-2025 20:25,0,28.9,158420.8281,28.2,203.6
S10-Chivla River,16.04156,73.28391,86.926,-3686,4.82404,2123.80542,27.8125,29-08-2025 20:25,0,28.9,158328.625,28.2,203.6
S10-Chivla River,16.04156,73.28391,86.767,-3689,4.81075,2123.80542,27.8125,29-08-2025 20:25,0,28.9,158302.8125,28.2,203.5
S10-Chivla River,16.04156,73.28391,86.451,-3699,4.79745,2123.80542,27.8125,29-08-2025 20:26,0,28.9,158302.8125,28.2,203.5
S10-Chivla River,16.04156,73.28391,86.213,-3708,4.80809,2123.80542,27.8125,29-08-2025 20:26,0,28.9,158324.9531,28.2,203.3
S10-Chivla River,16.04156,73.28391,85.579,-3694,4.8267,2123.80542,27.8125,29-08-2025 20:26,0,28.9,158380.25,28.2,203.5
S10-Chivla River,16.04156,73.28391,84.827,-3696,4.80809,2123.80542,27.8125,29-08-2025 20:27,0,28.9,158387.6406,28.2,203.6
S10-Chivla River,16.04156,73.28391,84.629,-3716,4.82138,2123.80542,27.8125,29-08-2025 20:27,0,28.9,158328.625,28.2,203.6
S10-Chivla River,16.04156,73.28391,84.391,-3693,4.81873,2123.80542,27.8125,29-08-2025 20:27,0,28.9,158365.5,28.2,203.6
S10-Chivla River,16.04156,73.28391,84.193,-3697,4.84532,2123.80542,27.8125,29-08-2025 20:28,0,28.9,158350.7656,28.2,203.6
S10-Chivla River,16.04156,73.28391,84.114,-3695,4.8267,2123.80542,27.8125,29-08-2025 20:28,0,28.9,158321.25,28.2,203.6
S10-Chivla River,16.04156,73.28391,84.035,-3696,4.81607,2123.80542,27.8125,29-08-2025 20:28,0,28.9,158195.875,28.2,203.6
S10-Chivla River,16.04156,73.28391,83.837,-3726,4.83468,2123.80542,27.8125,29-08-2025 20:29,0,28.9,158140.5625,28.2,203.6
S10-Chivla River,16.04156,73.28391,83.282,-3723,4.80809,2123.80542,27.8125,29-08-2025 20:29,0,28.9,158221.6875,28.2,203.6
S10-Chivla River,16.04156,73.28391,82.847,-3733,4.81607,2123.80542,27.8125,29-08-2025 20:29,0,28.9,158243.8125,28.2,203.4
S10-Chivla River,16.04156,73.28391,82.174,-3733,4.82138,2123.80542,27.8125,29-08-2025 20:30,0,28.9,158243.8125,28.2,203.4
S10-Chivla River,16.04156,73.28391,81.659,-3722,4.8267,2123.80542,27.8125,29-08-2025 20:30,0,28.9,158181.125,28.2,203.5
S10-Chivla River,16.04156,73.28391,81.5,-3718,4.82404,2123.80542,27.8125,29-08-2025 20:30,0,28.9,158096.3125,28.2,203.3
S10-Chivla River,16.04156,73.28391,81.342,-3734,4.82404,2123.80542,27.8125,29-08-2025 20:31,0,28.9,158018.8906,28.2,203.4
S10-Chivla River,16.04156,73.28391,81.223,-3732,4.83734,2123.80542,27.875,29-08-2025 20:31,0,28.9,158044.7031,28.2,203.3
S10-Chivla River,16.04156,73.28391,80.867,-3723,4.81341,2117.97095,27.8125,29-08-2025 20:31,0,28.9,158103.6875,28.2,203.4
S10-Chivla River,16.04156,73.28391,80.51,-3744,4.81873,2123.80542,27.8125,29-08-2025 20:32,0,28.9,158225.375,28.2,203.3
S10-Chivla River,16.04156,73.28391,80.352,-3753,4.81075,2123.80542,27.8125,29-08-2025 20:32,0,28.9,158225.375,28.2,203.3
S10-Chivla River,16.04156,73.28391,79.877,-3727,4.84266,2123.80542,27.8125,29-08-2025 20:32,0,28.9,158214.3125,28.2,203.3
S10-Chivla River,16.04156,73.28391,79.322,-3732,4.82138,2123.80542,27.8125,29-08-2025 20:33,0,28.9,158170.0625,28.2,203.3
S10-Chivla River,16.04156,73.28391,78.926,-3769,4.84532,2123.80542,27.8125,29-08-2025 20:33,0,28.9,158114.75,28.2,203.2
S10-Chivla River,16.04156,73.28391,78.411,-3758,4.83468,2123.80542,27.875,29-08-2025 20:33,0,28.9,158077.8906,28.2,203.1
S10-Chivla River,16.04156,73.28391,78.095,-3753,4.81607,2117.97095,27.875,29-08-2025 20:34,0,28.9,158070.5156,28.2,202.9
S10-Chivla River,16.04156,73.28391,77.857,-3763,4.84532,2117.97095,27.8125,29-08-2025 20:34,0,28.9,158074.1875,28.2,202.8
S10-Chivla River,16.04156,73.28391,77.58,-3781,4.81873,2123.80542,27.8125,29-08-2025 20:34,0,29,157635.4844,28.2,202.6
S10-Chivla River,16.04156,73.28391,77.501,-3756,4.81341,2123.80542,27.8125,29-08-2025 20:35,0,28.9,157934.0938,28.2,202.4
S10-Chivla River,16.04156,73.28391,77.421,-3737,4.84,2123.80542,27.8125,29-08-2025 20:35,0,29,157712.8906,28.2,202.4
S10-Chivla River,16.04156,73.28391,77.342,-3775,4.80809,2123.80542,27.8125,29-08-2025 20:35,0,29,157849.2969,28.2,202.2
S10-Chivla River,16.04156,73.28391,77.184,-3747,4.82138,2123.80542,27.8125,29-08-2025 20:36,0,29,157937.7812,28.2,202.2
S10-Chivla River,16.04156,73.28391,77.025,-3760,4.82936,2123.80542,27.875,29-08-2025 20:36,0,29,157838.2344,28.2,202
S10-Chivla River,16.04156,73.28391,76.946,-3780,4.81341,2117.97095,27.8125,29-08-2025 20:36,0,29,157676.0312,28.2,202
S10-Chivla River,16.04156,73.28391,76.709,-3767,4.81341,2123.80542,27.8125,29-08-2025 20:37,0,29,157613.375,28.2,202
S10-Chivla River,16.04156,73.28391,76.431,-3793,4.82404,2123.80542,27.8125,29-08-2025 20:37,0,29,157558.0781,28.2,202
S10-Chivla River,16.04156,73.28391,76.273,-3774,4.81075,2123.80542,27.8125,29-08-2025 20:37,0,29,157676.0312,28.2,202
S10-Chivla River,16.04156,73.28391,76.075,-3743,4.80809,2123.80542,27.8125,29-08-2025 20:38,0,29,157794,28.2,202
S10-Chivla River,16.04156,73.28391,76.075,-3724,4.81607,2123.80542,27.8125,29-08-2025 20:38,0,29,157904.5938,28.2,202
S10-Chivla River,16.04156,73.28391,75.917,-3758,4.81607,2123.80542,27.8125,29-08-2025 20:38,0,29,157867.7344,28.2,202
S10-Chivla River,16.04156,73.28391,75.6,-3781,4.83734,2123.80542,27.875,29-08-2025 20:39,0,29,157838.2344,28.2,202
S10-Chivla River,16.04156,73.28391,75.322,-3777,4.83202,2117.97095,27.875,29-08-2025 20:39,0,29,157735.0156,28.2,202.2
S10-Chivla River,16.04156,73.28391,75.085,-3760,4.80543,2117.97095,27.875,29-08-2025 20:39,0,29,157731.3281,28.2,202.2
S10-Chivla River,16.04156,73.28391,75.006,-3778,4.81607,2117.97095,27.875,29-08-2025 20:40,0,29,157676.0312,28.2,202.2
S10-Chivla River,16.04156,73.28391,74.768,-3777,4.81873,2117.97095,27.8125,29-08-2025 20:40,0,29,157698.1562,28.2,202.4
S10-Chivla River,16.04156,73.28391,74.491,-3775,4.79745,2123.80542,27.875,29-08-2025 20:40,0,29,157779.25,28.2,202.4
S10-Chivla River,16.04156,73.28391,74.412,-3776,4.81075,2117.97095,27.875,29-08-2025 20:41,0,29,157915.6562,28.2,202.4
S10-Chivla River,16.04156,73.28391,74.293,-3777,4.83468,2117.97095,27.875,29-08-2025 20:41,0,29,157900.9062,28.2,202.4
S10-Chivla River,16.04156,73.28391,74.293,-3790,4.84266,2117.97095,27.875,29-08-2025 20:41,0,29,157945.1562,28.2,202.4
S10-Chivla River,16.04156,73.28391,73.936,-3815,4.79479,2117.97095,27.875,29-08-2025 20:42,0,29,157723.9531,28.2,202.4
S10-Chivla River,16.04156,73.28391,73.62,-3802,4.82138,2117.97095,27.875,29-08-2025 20:42,0,29,157598.625,28.2,202.4
S10-Chivla River,16.04156,73.28391,73.461,-3777,4.86127,2117.97095,27.875,29-08-2025 20:42,0,29,157488.0469,28.2,202.4
S10-Chivla River,16.04156,73.28391,73.303,-3781,4.80809,2117.97095,27.875,29-08-2025 20:43,0,29,157532.2812,28.2,202.4
S10-Chivla River,16.04156,73.28391,73.263,-3797,4.76288,2117.97095,27.875,29-08-2025 20:43,0,29,157443.8281,28.2,202.4
S10-Chivla River,16.04156,73.28391,73.263,-3799,4.82138,2117.97095,27.875,29-08-2025 20:43,0,29,157392.2188,28.2,202.4
S10-Chivla River,16.04156,73.28391,73.105,-3806,4.83734,2117.97095,27.875,29-08-2025 20:44,0,29,157370.1094,28.2,202.4
S10-Chivla River,16.04156,73.28391,72.946,-3807,4.81341,2117.97095,27.875,29-08-2025 20:44,0,29,157447.5,28.2,202.4
S10-Chivla River,16.04156,73.28391,72.788,-3802,4.80809,2117.97095,27.9375,29-08-2025 20:44,0,29,157517.5312,28.2,202.2
S10-Chivla River,16.04156,73.28391,72.63,-3795,4.80809,2112.16382,27.9375,29-08-2025 20:45,0,29,157620.75,28.2,202.2
S10-Chivla River,16.04156,73.28391,0,0,4.81607,0,28,29-08-2025 20:45,0,29,157617.0469,28.2,202.2
S10-Chivla River,16.04156,73.28391,0,-2718,4.80277,0,27.8125,29-08-2025 20:45,0,29,157676.0312,28.2,202.2
S10-Chivla River,16.04156,73.28391,0,-3646,4.80543,0,27.75,29-08-2025 20:46,0,29,157746.0781,28.2,202.2
S10-Chivla River,16.04156,73.28391,0,-3498,4.81607,0,27.75,29-08-2025 20:46,0,29,158004.1406,28.2,202.2
S10-Chivla River,16.04156,73.28391,0,-3444,4.80809,0,27.8125,29-08-2025 20:46,0,29,157900.9062,28.2,202.2
S10-Chivla River,16.04156,73.28391,0,-3409,4.79479,0,27.75,29-08-2025 20:47,0,29,157749.75,28.2,202.2
S10-Chivla River,16.04156,73.28391,0,-3426,4.8267,0,27.75,29-08-2025 20:47,0,29,157458.5625,28.2,202
S10-Chivla River,16.04156,73.28391,0,-3429,4.8267,0,27.8125,29-08-2025 20:47,0,29,157580.1875,28.2,202.2
S10-Chivla River,16.04156,73.28391,0,-3439,4.81341,0,27.8125,29-08-2025 20:48,0,29,157547.0156,28.2,202.2
S10-Chivla River,16.04156,73.28391,0,-3484,4.82138,0,27.8125,29-08-2025 20:48,0,29,157768.2031,28.2,202
S10-Chivla River,16.04156,73.28391,0,-3529,4.82138,0,27.8125,29-08-2025 20:48,0,29,157878.7969,28.2,202.2
S10-Chivla River,16.04156,73.28391,0,-3577,4.81075,0,27.8125,29-08-2025 20:49,0,29,157956.2031,28.2,202.2
S10-Chivla River,16.04156,73.28391,0,-3607,4.81607,0,27.8125,29-08-2025 20:49,0,29,157790.3125,28.2,202
S10-Chivla River,16.04156,73.28391,0,-3613,4.82138,0,27.8125,29-08-2025 20:49,0,29,157628.1094,28.2,202
S10-Chivla River,16.04156,73.28391,0,-3604,4.81607,0,27.75,29-08-2025 20:50,0,29,157617.0469,28.2,202
S10-Chivla River,16.04156,73.28391,47.68,-3601,4.81341,612.55444,27.75,29-08-2025 20:50,0,29,157491.7344,28.2,202
S10-Chivla River,16.04156,73.28391,96.549,-3614,4.80543,2129.66724,27.75,29-08-2025 20:50,0,29,157484.3594,28.2,202
S10-Chivla River,16.04156,73.28391,97.183,-3636,4.84266,2129.66724,27.8125,29-08-2025 20:51,0,29,157488.0469,28.2,202
S10-Chivla River,16.04156,73.28391,97.183,-3632,4.81607,2123.80542,27.8125,29-08-2025 20:51,0,29,157672.3438,28.2,202
S10-Chivla River,16.04156,73.28391,97.183,-3616,4.82138,2123.80542,27.75,29-08-2025 20:51,0,29,157882.4688,28.2,202
S10-Chivla River,16.04156,73.28391,97.183,-3612,4.84266,2129.66724,27.75,29-08-2025 20:52,0,29,157690.7812,28.2,202
S10-Chivla River,16.04156,73.28391,97.183,-3584,4.86659,2129.66724,27.75,29-08-2025 20:52,0,29,157624.4219,28.2,202
S10-Chivla River,16.04156,73.28391,97.183,-3584,4.80809,2129.66724,27.75,29-08-2025 20:52,0,29.1,156964.75,28.2,202
S10-Chivla River,16.04156,73.28391,97.183,-3611,4.83468,2129.66724,27.75,29-08-2025 20:53,0,29.1,157174.7812,28.2,202
S10-Chivla River,16.04156,73.28391,97.183,-3613,4.83202,2129.66724,27.75,29-08-2025 20:53,0,29.1,157351.6719,28.2,202
S10-Chivla River,16.04156,73.28391,97.183,-3591,4.80809,2129.66724,27.75,29-08-2025 20:53,0,29.1,157480.6719,28.2,202
S10-Chivla River,16.04156,73.28391,97.183,-3586,4.82138,2129.66724,27.75,29-08-2025 20:54,0,29.1,157233.75,28.2,202
S10-Chivla River,16.04156,73.28391,97.183,-3593,4.81607,2129.66724,27.75,29-08-2025 20:54,0,29.1,157141.625,28.2,202
S10-Chivla River,16.04156,73.28391,97.183,-3581,4.82138,2129.66724,27.75,29-08-2025 20:54,0,29.1,157126.875,28.2,202
S10-Chivla River,16.04156,73.28391,97.183,-3580,4.80809,2129.66724,27.75,29-08-2025 20:55,0,29.1,157156.3594,28.2,201.9
S10-Chivla River,16.04156,73.28391,97.183,-3586,4.81873,2129.66724,27.75,29-08-2025 20:55,0,29.1,157185.8281,28.3,202.1
S10-Chivla River,16.04156,73.28391,96.47,-3579,4.84798,2129.66724,27.6875,29-08-2025 20:55,0,29.1,157167.4062,28.2,201.9
S10-Chivla River,16.04156,73.28391,96.153,-3568,4.80809,2135.55591,27.75,29-08-2025 20:56,0,29.1,157193.2031,28.3,202.2
S10-Chivla River,16.04156,73.28391,95.836,-3562,4.82404,2129.66724,27.75,29-08-2025 20:56,0,29.1,157311.1406,28.3,202.1
S10-Chivla River,16.04156,73.28391,95.44,-3572,4.82404,2129.66724,27.75,29-08-2025 20:56,0,29.1,157377.4844,28.3,202.1
S10-Chivla River,16.04156,73.28391,95.282,-3572,4.81341,2129.66724,27.75,29-08-2025 20:57,0,29.1,157314.8281,28.3,202
S10-Chivla River,16.04156,73.28391,95.084,-3580,4.82404,2129.66724,27.75,29-08-2025 20:57,0,29.1,157053.1719,28.3,202
S10-Chivla River,16.04156,73.28391,95.005,-3581,4.80809,2129.66724,27.75,29-08-2025 20:57,0,29.1,157016.3438,28.3,202
S10-Chivla River,16.04156,73.28391,94.807,-3583,4.8267,2129.66724,27.75,29-08-2025 20:58,0,29.1,157001.5938,28.3,202
S10-Chivla River,16.04156,73.28391,94.331,-3560,4.8267,2129.66724,27.75,29-08-2025 20:58,0,29.1,157078.9844,28.3,202
S10-Chivla River,16.04156,73.28391,94.331,-3545,4.80809,2129.66724,27.75,29-08-2025 20:58,0,29.1,156964.75,28.3,202
S10-Chivla River,16.04156,73.28391,93.935,-3541,4.81607,2129.66724,27.75,29-08-2025 20:59,0,29.1,156986.8594,28.3,202
S10-Chivla River,16.04156,73.28391,93.935,-3545,4.81075,2129.66724,27.75,29-08-2025 20:59,0,29.1,156979.5,28.3,201.7
S10-Chivla River,16.04156,73.28391,93.856,-3551,4.80543,2129.66724,27.75,29-08-2025 20:59,0,29.1,157016.3438,28.3,201.9
S10-Chivla River,16.04156,73.28391,93.737,-3526,4.8267,2129.66724,27.75,29-08-2025 21:00,0,29.1,156964.75,28.3,201.9
S10-Chivla River,16.04156,73.28391,93.698,-3521,4.77352,2129.66724,27.75,29-08-2025 21:00,0,29.1,156997.9219,28.3,201.7
S10-Chivla River,16.04156,73.28391,93.579,-3549,4.81075,2129.66724,27.75,29-08-2025 21:00,0,29.1,156990.5469,28.3,201.9
S10-Chivla River,16.04156,73.28391,93.46,-3540,4.81607,2129.66724,27.75,29-08-2025 21:01,0,29.1,157071.6094,28.3,201.7
S10-Chivla River,16.04156,73.28391,93.381,-3535,4.81607,2129.66724,27.75,29-08-2025 21:01,0,29.1,156972.125,28.3,201.7
S10-Chivla River,16.04156,73.28391,93.381,-3542,4.81873,2129.66724,27.75,29-08-2025 21:01,0,29.1,156972.125,28.3,201.7
S10-Chivla River,16.04156,73.28391,93.341,-3541,4.78149,2129.66724,27.75,29-08-2025 21:02,0,29.1,156887.3906,28.3,201.6
S10-Chivla River,16.04156,73.28391,93.104,-3552,4.84,2123.80542,27.75,29-08-2025 21:02,0,29.1,157171.1094,28.3,201.7
S10-Chivla River,16.04156,73.28391,92.985,-3530,4.80543,2129.66724,27.8125,29-08-2025 21:02,0,29.1,157322.2031,28.3,201.7
S10-Chivla River,16.04156,73.28391,92.866,-3519,4.80809,2123.80542,27.75,29-08-2025 21:03,0,29.1,157392.2188,28.3,201.6
S10-Chivla River,16.04156,73.28391,92.747,-3493,4.81607,2129.66724,27.75,29-08-2025 21:03,0,29.1,157123.2031,28.3,201.7
S10-Chivla River,16.04156,73.28391,92.708,-3485,4.81075,2129.66724,27.8125,29-08-2025 21:03,0,29.1,156894.75,28.3,201.7
S10-Chivla River,16.04156,73.28391,92.708,-3537,4.80809,2123.80542,27.8125,29-08-2025 21:04,0,29.1,156902.1094,28.3,201.7
S10-Chivla River,16.04156,73.28391,92.668,-3536,4.79213,2123.80542,27.8125,29-08-2025 21:04,0,29.1,156905.7969,28.4,202
S10-Chivla River,16.04156,73.28391,92.589,-3525,4.82404,2123.80542,27.75,29-08-2025 21:04,0,29.1,157001.5938,28.3,201.7
S10-Chivla River,16.04156,73.28391,92.668,-3551,4.77352,2129.66724,27.75,29-08-2025 21:05,0,29.1,156927.9062,28.3,201.6
S10-Chivla River,16.04156,73.28391,92.589,-3549,4.83468,2129.66724,27.8125,29-08-2025 21:05,0,29.1,157060.5469,28.4,201.9
S10-Chivla River,16.04156,73.28391,92.47,-3548,4.81341,2123.80542,27.75,29-08-2025 21:05,0,29.1,157031.0781,28.3,201.5
S10-Chivla River,16.04156,73.28391,92.351,-3574,4.8533,2129.66724,27.8125,29-08-2025 21:06,0,29.1,157045.8125,28.4,201.7
S10-Chivla River,16.04156,73.28391,92.193,-3598,4.81607,2123.80542,27.8125,29-08-2025 21:06,0,29.1,157056.875,28.4,201.7
S10-Chivla River,16.04156,73.28391,92.035,-3577,4.83734,2123.80542,27.8125,29-08-2025 21:06,0,29.1,156905.7969,28.4,201.7
S10-Chivla River,16.04156,73.28391,92.035,-3562,4.80809,2123.80542,27.8125,29-08-2025 21:07,0,29.1,156810,28.4,201.7
S10-Chivla River,16.04156,73.28391,92.035,-3568,4.82404,2123.80542,27.75,29-08-2025 21:07,0,29.1,156703.1719,28.4,201.6
S10-Chivla River,16.04156,73.28391,91.955,-3584,4.80809,2129.66724,27.8125,29-08-2025 21:07,0,29.1,156791.5938,28.4,201.6
S10-Chivla River,16.04156,73.28391,91.916,-3583,4.83202,2123.80542,27.8125,29-08-2025 21:08,0,29.1,156802.6406,28.4,201.5
S10-Chivla River,16.04156,73.28391,91.876,-3580,4.81075,2123.80542,27.8125,29-08-2025 21:08,0,29.2,156390.0625,28.4,201.5
S10-Chivla River,16.04156,73.28391,91.797,-3584,4.82138,2123.80542,27.8125,29-08-2025 21:08,0,29.2,156607.3906,28.4,201.6
S10-Chivla River,16.04156,73.28391,91.559,-3586,4.83734,2123.80542,27.8125,29-08-2025 21:09,0,29.2,156732.6406,28.4,201.6
S10-Chivla River,16.04156,73.28391,91.322,-3598,4.80809,2123.80542,27.8125,29-08-2025 21:09,0,29.2,156762.1094,28.4,201.5
S10-Chivla River,16.04156,73.28391,91.282,-3589,4.81075,2123.80542,27.8125,29-08-2025 21:09,0,29.2,156467.4219,28.4,201.5
S10-Chivla River,16.04156,73.28391,91.242,-3591,4.8267,2123.80542,27.75,29-08-2025 21:10,0,29.2,156412.1562,28.4,201.5
S10-Chivla River,16.04156,73.28391,91.203,-3592,4.80543,2129.66724,27.75,29-08-2025 21:10,0,29.2,156426.8906,28.4,201.5
S10-Chivla River,16.04156,73.28391,91.124,-3587,4.83468,2129.66724,27.8125,29-08-2025 21:10,0,29.2,156489.5156,28.4,201.4
S10-Chivla River,16.04156,73.28391,91.044,-3603,4.84798,2123.80542,27.8125,29-08-2025 21:11,0,29.2,156434.2656,28.4,201.5
S10-Chivla River,16.04156,73.28391,90.886,-3599,4.80277,2123.80542,27.8125,29-08-2025 21:11,0,29.2,156386.375,28.4,201.5
S10-Chivla River,16.04156,73.28391,90.728,-3582,4.76022,2123.80542,27.8125,29-08-2025 21:11,0,29.2,156397.4219,28.4,201.4
S10-Chivla River,16.04156,73.28391,90.53,-3586,4.82404,2123.80542,27.8125,29-08-2025 21:12,0,29.2,156434.2656,28.4,201.4
S10-Chivla River,16.04156,73.28391,90.371,-3610,4.82404,2123.80542,27.8125,29-08-2025 21:12,0,29.2,156463.7188,28.4,201.4
S10-Chivla River,16.04156,73.28391,90.332,-3614,4.80809,2123.80542,27.8125,29-08-2025 21:12,0,29.2,156449,28.4,201.4
S10-Chivla River,16.04156,73.28391,90.134,-3610,4.81873,2123.80542,27.8125,29-08-2025 21:13,0,29.2,156390.0625,28.4,201.3
S10-Chivla River,16.04156,73.28391,89.856,-3597,4.80543,2123.80542,27.8125,29-08-2025 21:13,0,29.2,156180.1406,28.4,201.4
S10-Chivla River,16.04156,73.28391,89.619,-3615,4.80543,2123.80542,27.8125,29-08-2025 21:13,0,29.2,155981.2812,28.4,201.3
S10-Chivla River,16.04156,73.28391,89.579,-3648,4.80809,2123.80542,27.8125,29-08-2025 21:14,0,29.2,156018.1094,28.4,201.3
S10-Chivla River,16.04156,73.28391,89.342,-3627,4.81607,2123.80542,27.8125,29-08-2025 21:14,0,29.2,156084.3906,28.4,201.2
S10-Chivla River,16.04156,73.28391,89.064,-3629,4.86925,2123.80542,27.8125,29-08-2025 21:14,0,29.2,156161.7188,28.4,201.2
S10-Chivla River,16.04156,73.28391,88.866,-3660,4.84532,2123.80542,27.8125,29-08-2025 21:15,0,29.2,156180.1406,28.4,201.2
S10-Chivla River,16.04156,73.28391,88.748,-3669,4.80809,2123.80542,27.8125,29-08-2025 21:15,0,29.2,156367.9688,28.4,201.1
S10-Chivla River,16.04156,73.28391,88.51,-3658,4.80543,2123.80542,27.8125,29-08-2025 21:15,0,29.2,156320.0781,28.4,201.2
S10-Chivla River,16.04156,73.28391,88.272,-3664,4.81075,2123.80542,27.8125,29-08-2025 21:16,0,29.2,156253.7969,28.4,201
S10-Chivla River,16.04156,73.28391,87.916,-3681,4.82404,2123.80542,27.8125,29-08-2025 21:16,0,29.3,155760.3594,28.4,201.1
S10-Chivla River,16.04156,73.28391,87.599,-3688,4.82404,2123.80542,27.8125,29-08-2025 21:16,0,29.3,155845.0469,28.4,201
S10-Chivla River,16.04156,73.28391,87.441,-3665,4.83468,2123.80542,27.8125,29-08-2025 21:17,0,29.3,155867.1406,28.4,201
S10-Chivla River,16.04156,73.28391,87.322,-3663,4.84798,2123.80542,27.8125,29-08-2025 21:17,0,29.3,155988.6406,28.4,201
S10-Chivla River,16.04156,73.28391,87.124,-3689,4.81075,2123.80542,27.8125,29-08-2025 21:17,0,29.3,156198.5469,28.4,201
S10-Chivla River,16.04156,73.28391,86.926,-3686,4.82404,2123.80542,27.8125,29-08-2025 21:18,0,29.3,156323.7812,28.4,201
S10-Chivla River,16.04156,73.28391,86.767,-3689,4.81075,2123.80542,27.8125,29-08-2025 21:18,0,29.3,156187.5,28.4,200.9
S10-Chivla River,16.04156,73.28391,86.451,-3699,4.79745,2123.80542,27.8125,29-08-2025 21:18,0,29.3,156036.5156,28.4,201
S10-Chivla River,16.04156,73.28391,86.213,-3708,4.80809,2123.80542,27.8125,29-08-2025 21:19,0,29.3,155867.1406,28.4,201
S10-Chivla River,16.04156,73.28391,85.579,-3694,4.8267,2123.80542,27.8125,29-08-2025 21:19,0,29.3,155852.4062,28.4,200.9
S10-Chivla River,16.04156,73.28391,84.827,-3696,4.80809,2123.80542,27.8125,29-08-2025 21:19,0,29.3,155918.6875,28.4,200.9
S10-Chivla River,16.04156,73.28391,84.629,-3716,4.82138,2123.80542,27.8125,29-08-2025 21:20,0,29.3,156047.5625,28.4,200.8
S10-Chivla River,16.04156,73.28391,84.391,-3693,4.81873,2123.80542,27.8125,29-08-2025 21:20,0,29.3,156209.5938,28.4,200.9
S10-Chivla River,16.04156,73.28391,84.193,-3697,4.84532,2123.80542,27.8125,29-08-2025 21:20,0,29.3,156117.5312,28.5,201
S10-Chivla River,16.04156,73.28391,84.114,-3695,4.8267,2123.80542,27.8125,29-08-2025 21:21,0,29.3,156113.8438,28.5,201
S10-Chivla River,16.04156,73.28391,84.035,-3696,4.81607,2123.80542,27.8125,29-08-2025 21:21,0,29.3,156117.5312,28.5,201.1
S10-Chivla River,16.04156,73.28391,83.837,-3726,4.83468,2123.80542,27.8125,29-08-2025 21:21,0,29.3,156124.9062,28.5,201
S10-Chivla River,16.04156,73.28391,83.282,-3723,4.80809,2123.80542,27.8125,29-08-2025 21:22,0,29.3,156121.2188,28.5,201
S10-Chivla River,16.04156,73.28391,82.847,-3733,4.81607,2123.80542,27.8125,29-08-2025 21:22,0,29.3,156091.75,28.5,201
S10-Chivla River,16.04156,73.28391,82.174,-3733,4.82138,2123.80542,27.8125,29-08-2025 21:22,0,29.3,156169.0938,28.5,200.9
S10-Chivla River,16.04156,73.28391,81.659,-3722,4.8267,2123.80542,27.8125,29-08-2025 21:23,0,29.3,156191.1875,28.5,200.8
S10-Chivla River,16.04156,73.28391,81.5,-3718,4.82404,2123.80542,27.8125,29-08-2025 21:23,0,29.3,156121.2188,28.5,200.8
S10-Chivla River,16.04156,73.28391,81.342,-3734,4.82404,2123.80542,27.8125,29-08-2025 21:23,0,29.3,156121.2188,28.5,200.9
S10-Chivla River,16.04156,73.28391,81.223,-3732,4.83734,2123.80542,27.875,29-08-2025 21:24,0,28.5,161558.6406,28.1,204.9
S10-Chivla River,16.04156,73.28391,80.867,-3723,4.81341,2117.97095,27.8125,29-08-2025 21:24,0,28.5,161529.0938,28.1,204.7
S10-Chivla River,16.04156,73.28391,80.51,-3744,4.81873,2123.80542,27.8125,29-08-2025 21:24,0,28.5,161577.125,28.1,204.7
S10-Chivla River,16.04156,73.28391,80.352,-3753,4.81075,2123.80542,27.8125,29-08-2025 21:25,0,28.5,161488.4375,28.1,204.7
S10-Chivla River,16.04156,73.28391,79.877,-3727,4.84266,2123.80542,27.8125,29-08-2025 21:25,0,28.5,161580.8125,28.1,204.7
S10-Chivla River,16.04156,73.28391,79.322,-3732,4.82138,2123.80542,27.8125,29-08-2025 21:25,0,28.6,161133.7656,28.1,204.7
S10-Chivla River,16.04156,73.28391,78.926,-3769,4.84532,2123.80542,27.8125,29-08-2025 21:26,0,28.6,161130.0781,28.1,204.7
S10-Chivla River,16.04156,73.28391,78.411,-3758,4.83468,2123.80542,27.875,29-08-2025 21:26,0,28.6,160841.9531,28.1,204.5
S10-Chivla River,16.04156,73.28391,78.095,-3753,4.81607,2117.97095,27.875,29-08-2025 21:26,0,28.6,160952.7656,28.1,204.5
S10-Chivla River,16.04156,73.28391,77.857,-3763,4.84532,2117.97095,27.8125,29-08-2025 21:27,0,28.6,160915.8281,28.1,204.5
S10-Chivla River,16.04156,73.28391,77.58,-3781,4.81873,2123.80542,27.8125,29-08-2025 21:27,0,28.6,160982.3125,28.1,204.5
S10-Chivla River,16.04156,73.28391,77.501,-3756,4.81341,2123.80542,27.8125,29-08-2025 21:27,0,28.7,160339.7188,28.1,204.5
S10-Chivla River,16.04156,73.28391,77.421,-3737,4.84,2123.80542,27.8125,29-08-2025 21:28,0,28.7,160284.3281,28.2,204.7
S10-Chivla River,16.04156,73.28391,77.342,-3775,4.80809,2123.80542,27.8125,29-08-2025 21:28,0,28.7,160236.3281,28.2,204.7
S10-Chivla River,16.04156,73.28391,77.184,-3747,4.82138,2123.80542,27.8125,29-08-2025 21:28,0,28.7,160180.9531,28.2,204.7
S10-Chivla River,16.04156,73.28391,77.025,-3760,4.82936,2123.80542,27.875,29-08-2025 21:29,0,28.7,160180.9531,28.2,204.6
S10-Chivla River,16.04156,73.28391,76.946,-3780,4.81341,2117.97095,27.8125,29-08-2025 21:29,0,28.7,160125.5625,28.2,204.6
S10-Chivla River,16.04156,73.28391,76.709,-3767,4.81341,2123.80542,27.8125,29-08-2025 21:29,0,28.7,160066.5,28.2,204.6
S10-Chivla River,16.04156,73.28391,76.431,-3793,4.82404,2123.80542,27.8125,29-08-2025 21:30,0,28.7,159907.7656,28.2,204.5
S10-Chivla River,16.04156,73.28391,76.273,-3774,4.81075,2123.80542,27.8125,29-08-2025 21:30,0,28.7,159749.0469,28.2,204.5
S10-Chivla River,16.04156,73.28391,76.075,-3743,4.80809,2123.80542,27.8125,29-08-2025 21:30,0,28.7,159870.8594,28.2,204.4
S10-Chivla River,16.04156,73.28391,76.075,-3724,4.81607,2123.80542,27.8125,29-08-2025 21:31,0,28.7,160077.5625,28.2,204.3
S10-Chivla River,16.04156,73.28391,75.917,-3758,4.81607,2123.80542,27.8125,29-08-2025 21:31,0,28.8,159800.7188,28.2,204.3
S10-Chivla River,16.04156,73.28391,75.6,-3781,4.83734,2123.80542,27.875,29-08-2025 21:31,0,28.8,159630.9375,28.2,204.3
S10-Chivla River,16.04156,73.28391,75.322,-3777,4.83202,2117.97095,27.875,29-08-2025 21:32,0,28.8,159638.3125,28.1,204
S10-Chivla River,16.04156,73.28391,75.085,-3760,4.80543,2117.97095,27.875,29-08-2025 21:32,0,28.8,159582.9531,28.1,203.9
S10-Chivla River,16.04156,73.28391,75.006,-3778,4.81607,2117.97095,27.875,29-08-2025 21:32,0,28.8,159523.9062,28.2,204
S10-Chivla River,16.04156,73.28391,74.768,-3777,4.81873,2117.97095,27.8125,29-08-2025 21:33,0,28.8,159247.1406,28.2,204
S10-Chivla River,16.04156,73.28391,74.491,-3775,4.79745,2123.80542,27.875,29-08-2025 21:33,0,28.8,159125.375,28.1,203.8
S10-Chivla River,16.04156,73.28391,74.412,-3776,4.81075,2117.97095,27.875,29-08-2025 21:33,0,28.8,159022.0781,28.2,204
S10-Chivla River,16.04156,73.28391,74.293,-3777,4.83468,2117.97095,27.875,29-08-2025 21:34,0,28.8,158944.5938,28.2,204
S10-Chivla River,16.04156,73.28391,74.293,-3790,4.84266,2117.97095,27.875,29-08-2025 21:34,0,28.8,158959.3594,28.2,203.9
S10-Chivla River,16.04156,73.28391,73.936,-3815,4.79479,2117.97095,27.875,29-08-2025 21:34,0,28.8,159029.4531,28.2,203.8
S10-Chivla River,16.04156,73.28391,73.62,-3802,4.82138,2117.97095,27.875,29-08-2025 21:35,0,28.8,159051.5938,28.2,203.8
S10-Chivla River,16.04156,73.28391,73.461,-3777,4.86127,2117.97095,27.875,29-08-2025 21:35,0,28.8,158951.9844,28.2,203.8
S10-Chivla River,16.04156,73.28391,73.303,-3781,4.80809,2117.97095,27.875,29-08-2025 21:35,0,28.8,159022.0781,28.2,203.8
S10-Chivla River,16.04156,73.28391,73.263,-3797,4.76288,2117.97095,27.875,29-08-2025 21:36,0,28.8,159003.625,28.2,203.8
S10-Chivla River,16.04156,73.28391,73.263,-3799,4.82138,2117.97095,27.875,29-08-2025 21:36,0,28.9,158594.1719,28.2,203.8
S10-Chivla River,16.04156,73.28391,73.105,-3806,4.83734,2117.97095,27.875,29-08-2025 21:36,0,28.9,158483.5312,28.2,203.7
S10-Chivla River,16.04156,73.28391,72.946,-3807,4.81341,2117.97095,27.875,29-08-2025 21:37,0,28.9,158420.8281,28.2,203.6
S10-Chivla River,16.04156,73.28391,72.788,-3802,4.80809,2117.97095,27.9375,29-08-2025 21:37,0,28.9,158328.625,28.2,203.6
S10-Chivla River,16.04156,73.28391,72.63,-3795,4.80809,2112.16382,27.9375,29-08-2025 21:37,0,28.9,158302.8125,28.2,203.5
S10-Chivla River,16.04156,73.28391,0,0,4.81607,0,28,29-08-2025 21:38,0,28.9,158302.8125,28.2,203.5
S10-Chivla River,16.04156,73.28391,0,-2718,4.80277,0,27.8125,29-08-2025 21:38,0,28.9,158324.9531,28.2,203.3
S10-Chivla River,16.04156,73.28391,0,-3646,4.80543,0,27.75,29-08-2025 21:38,0,28.9,158380.25,28.2,203.5
S10-Chivla River,16.04156,73.28391,0,-3498,4.81607,0,27.75,29-08-2025 21:39,0,28.9,158387.6406,28.2,203.6
S10-Chivla River,16.04156,73.28391,0,-3444,4.80809,0,27.8125,29-08-2025 21:39,0,28.9,158328.625,28.2,203.6
S10-Chivla River,16.04156,73.28391,0,-3409,4.79479,0,27.75,29-08-2025 21:39,0,28.9,158365.5,28.2,203.6
S10-Chivla River,16.04156,73.28391,0,-3426,4.8267,0,27.75,29-08-2025 21:40,0,28.9,158350.7656,28.2,203.6
S10-Chivla River,16.04156,73.28391,0,-3429,4.8267,0,27.8125,29-08-2025 21:40,0,28.9,158321.25,28.2,203.6
S10-Chivla River,16.04156,73.28391,0,-3439,4.81341,0,27.8125,29-08-2025 21:40,0,28.9,158195.875,28.2,203.6
S10-Chivla River,16.04156,73.28391,0,-3484,4.82138,0,27.8125,29-08-2025 21:41,0,28.9,158140.5625,28.2,203.6
S10-Chivla River,16.04156,73.28391,0,-3529,4.82138,0,27.8125,29-08-2025 21:41,0,28.9,158221.6875,28.2,203.6
S10-Chivla River,16.04156,73.28391,0,-3577,4.81075,0,27.8125,29-08-2025 21:41,0,28.9,158243.8125,28.2,203.4
S10-Chivla River,16.04156,73.28391,0,-3607,4.81607,0,27.8125,29-08-2025 21:42,0,28.9,158243.8125,28.2,203.4
S10-Chivla River,16.04156,73.28391,0,-3613,4.82138,0,27.8125,29-08-2025 21:42,0,28.9,158181.125,28.2,203.5
S10-Chivla River,16.04156,73.28391,0,-3604,4.81607,0,27.75,29-08-2025 21:42,0,28.9,158096.3125,28.2,203.3
S10-Chivla River,16.04156,73.28391,47.68,-3601,4.81341,612.55444,27.75,29-08-2025 21:43,0,28.9,158018.8906,28.2,203.4
S10-Chivla River,16.04156,73.28391,96.549,-3614,4.80543,2129.66724,27.75,29-08-2025 21:43,0,28.9,158044.7031,28.2,203.3
S10-Chivla River,16.04156,73.28391,97.183,-3636,4.84266,2129.66724,27.8125,29-08-2025 21:43,0,28.9,158103.6875,28.2,203.4
S10-Chivla River,16.04156,73.28391,97.183,-3632,4.81607,2123.80542,27.8125,29-08-2025 21:44,0,28.9,158225.375,28.2,203.3
S10-Chivla River,16.04156,73.28391,97.183,-3616,4.82138,2123.80542,27.75,29-08-2025 21:44,0,28.9,158225.375,28.2,203.3
S10-Chivla River,16.04156,73.28391,97.183,-3612,4.84266,2129.66724,27.75,29-08-2025 21:44,0,28.9,158214.3125,28.2,203.3
S10-Chivla River,16.04156,73.28391,97.183,-3584,4.86659,2129.66724,27.75,29-08-2025 21:45,0,28.9,158170.0625,28.2,203.3
S10-Chivla River,16.04156,73.28391,97.183,-3584,4.80809,2129.66724,27.75,29-08-2025 21:45,0,28.9,158114.75,28.2,203.2
S10-Chivla River,16.04156,73.28391,97.183,-3611,4.83468,2129.66724,27.75,29-08-2025 21:45,0,28.9,158077.8906,28.2,203.1
S10-Chivla River,16.04156,73.28391,97.183,-3613,4.83202,2129.66724,27.75,29-08-2025 21:46,0,28.9,158070.5156,28.2,202.9
S10-Chivla River,16.04156,73.28391,97.183,-3591,4.80809,2129.66724,27.75,29-08-2025 21:46,0,28.9,158074.1875,28.2,202.8
S10-Chivla River,16.04156,73.28391,97.183,-3586,4.82138,2129.66724,27.75,29-08-2025 21:46,0,29,157635.4844,28.2,202.6
S10-Chivla River,16.04156,73.28391,97.183,-3593,4.81607,2129.66724,27.75,29-08-2025 21:47,0,28.9,157934.0938,28.2,202.4
S10-Chivla River,16.04156,73.28391,97.183,-3581,4.82138,2129.66724,27.75,29-08-2025 21:47,0,29,157712.8906,28.2,202.4
S10-Chivla River,16.04156,73.28391,97.183,-3580,4.80809,2129.66724,27.75,29-08-2025 21:47,0,29,157849.2969,28.2,202.2
S10-Chivla River,16.04156,73.28391,97.183,-3586,4.81873,2129.66724,27.75,29-08-2025 21:48,0,29,157937.7812,28.2,202.2
S10-Chivla River,16.04156,73.28391,96.47,-3579,4.84798,2129.66724,27.6875,29-08-2025 21:48,0,29,157838.2344,28.2,202
S10-Chivla River,16.04156,73.28391,96.153,-3568,4.80809,2135.55591,27.75,29-08-2025 21:48,0,29,157676.0312,28.2,202
S10-Chivla River,16.04156,73.28391,95.836,-3562,4.82404,2129.66724,27.75,29-08-2025 21:49,0,29,157613.375,28.2,202
S10-Chivla River,16.04156,73.28391,95.44,-3572,4.82404,2129.66724,27.75,29-08-2025 21:49,0,29,157558.0781,28.2,202
S10-Chivla River,16.04156,73.28391,95.282,-3572,4.81341,2129.66724,27.75,29-08-2025 21:49,0,29,157676.0312,28.2,202
S10-Chivla River,16.04156,73.28391,95.084,-3580,4.82404,2129.66724,27.75,29-08-2025 21:50,0,29,157794,28.2,202
S10-Chivla River,16.04156,73.28391,95.005,-3581,4.80809,2129.66724,27.75,29-08-2025 21:50,0,29,157904.5938,28.2,202
S10-Chivla River,16.04156,73.28391,94.807,-3583,4.8267,2129.66724,27.75,29-08-2025 21:50,0,29,157867.7344,28.2,202
S10-Chivla River,16.04156,73.28391,94.331,-3560,4.8267,2129.66724,27.75,29-08-2025 21:51,0,29,157838.2344,28.2,202
S10-Chivla River,16.04156,73.28391,94.331,-3545,4.80809,2129.66724,27.75,29-08-2025 21:51,0,29,157735.0156,28.2,202.2
S10-Chivla River,16.04156,73.28391,93.935,-3541,4.81607,2129.66724,27.75,29-08-2025 21:51,0,29,157731.3281,28.2,202.2
S10-Chivla River,16.04156,73.28391,93.935,-3545,4.81075,2129.66724,27.75,29-08-2025 21:52,0,29,157676.0312,28.2,202.2
S10-Chivla River,16.04156,73.28391,93.856,-3551,4.80543,2129.66724,27.75,29-08-2025 21:52,0,29,157698.1562,28.2,202.4
S10-Chivla River,16.04156,73.28391,93.737,-3526,4.8267,2129.66724,27.75,29-08-2025 21:52,0,29,157779.25,28.2,202.4
S10-Chivla River,16.04156,73.28391,93.698,-3521,4.77352,2129.66724,27.75,29-08-2025 21:53,0,29,157915.6562,28.2,202.4
S10-Chivla River,16.04156,73.28391,93.579,-3549,4.81075,2129.66724,27.75,29-08-2025 21:53,0,29,157900.9062,28.2,202.4
S10-Chivla River,16.04156,73.28391,93.46,-3540,4.81607,2129.66724,27.75,29-08-2025 21:53,0,29,157945.1562,28.2,202.4
S10-Chivla River,16.04156,73.28391,93.381,-3535,4.81607,2129.66724,27.75,29-08-2025 21:54,0,29,157723.9531,28.2,202.4
S10-Chivla River,16.04156,73.28391,93.381,-3542,4.81873,2129.66724,27.75,29-08-2025 21:54,0,29,157598.625,28.2,202.4
S10-Chivla River,16.04156,73.28391,93.341,-3541,4.78149,2129.66724,27.75,29-08-2025 21:54,0,29,157488.0469,28.2,202.4
S10-Chivla River,16.04156,73.28391,93.104,-3552,4.84,2123.80542,27.75,29-08-2025 21:55,0,29,157532.2812,28.2,202.4
S10-Chivla River,16.04156,73.28391,92.985,-3530,4.80543,2129.66724,27.8125,29-08-2025 21:55,0,29,157443.8281,28.2,202.4
S10-Chivla River,16.04156,73.28391,92.866,-3519,4.80809,2123.80542,27.75,29-08-2025 21:55,0,29,157392.2188,28.2,202.4
S10-Chivla River,16.04156,73.28391,92.747,-3493,4.81607,2129.66724,27.75,29-08-2025 21:56,0,29,157370.1094,28.2,202.4
S10-Chivla River,16.04156,73.28391,92.708,-3485,4.81075,2129.66724,27.8125,29-08-2025 21:56,0,29,157447.5,28.2,202.4
S10-Chivla River,16.04156,73.28391,92.708,-3537,4.80809,2123.80542,27.8125,29-08-2025 21:56,0,29,157517.5312,28.2,202.2
S10-Chivla River,16.04156,73.28391,92.668,-3536,4.79213,2123.80542,27.8125,29-08-2025 21:57,0,29,157620.75,28.2,202.2
S10-Chivla River,16.04156,73.28391,92.589,-3525,4.82404,2123.80542,27.75,29-08-2025 21:57,0,29,157617.0469,28.2,202.2
S10-Chivla River,16.04156,73.28391,92.668,-3551,4.77352,2129.66724,27.75,29-08-2025 21:57,0,29,157676.0312,28.2,202.2
S10-Chivla River,16.04156,73.28391,92.589,-3549,4.83468,2129.66724,27.8125,29-08-2025 21:58,0,29,157746.0781,28.2,202.2
S10-Chivla River,16.04156,73.28391,92.47,-3548,4.81341,2123.80542,27.75,29-08-2025 21:58,0,29,158004.1406,28.2,202.2
S10-Chivla River,16.04156,73.28391,92.351,-3574,4.8533,2129.66724,27.8125,29-08-2025 21:58,0,29,157900.9062,28.2,202.2
S10-Chivla River,16.04156,73.28391,92.193,-3598,4.81607,2123.80542,27.8125,29-08-2025 21:59,0,29,157749.75,28.2,202.2
S10-Chivla River,16.04156,73.28391,92.035,-3577,4.83734,2123.80542,27.8125,29-08-2025 21:59,0,29,157458.5625,28.2,202
S10-Chivla River,16.04156,73.28391,92.035,-3562,4.80809,2123.80542,27.8125,29-08-2025 21:59,0,29,157580.1875,28.2,202.2
S10-Chivla River,16.04156,73.28391,92.035,-3568,4.82404,2123.80542,27.75,29-08-2025 22:00,0,29,157547.0156,28.2,202.2
S10-Chivla River,16.04156,73.28391,91.955,-3584,4.80809,2129.66724,27.8125,29-08-2025 22:00,0,29,157768.2031,28.2,202
S10-Chivla River,16.04156,73.28391,91.916,-3583,4.83202,2123.80542,27.8125,29-08-2025 22:00,0,29,157878.7969,28.2,202.2
S10-Chivla River,16.04156,73.28391,91.876,-3580,4.81075,2123.80542,27.8125,29-08-2025 22:01,0,29,157956.2031,28.2,202.2
S10-Chivla River,16.04156,73.28391,91.797,-3584,4.82138,2123.80542,27.8125,29-08-2025 22:01,0,29,157790.3125,28.2,202
S10-Chivla River,16.04156,73.28391,91.559,-3586,4.83734,2123.80542,27.8125,29-08-2025 22:01,0,29,157628.1094,28.2,202
S10-Chivla River,16.04156,73.28391,91.322,-3598,4.80809,2123.80542,27.8125,29-08-2025 22:02,0,29,157617.0469,28.2,202
S10-Chivla River,16.04156,73.28391,91.282,-3589,4.81075,2123.80542,27.8125,29-08-2025 22:02,0,29,157491.7344,28.2,202
S10-Chivla River,16.04156,73.28391,91.242,-3591,4.8267,2123.80542,27.75,29-08-2025 22:02,0,29,157484.3594,28.2,202
S10-Chivla River,16.04156,73.28391,91.203,-3592,4.80543,2129.66724,27.75,29-08-2025 22:03,0,29,157488.0469,28.2,202
S10-Chivla River,16.04156,73.28391,91.124,-3587,4.83468,2129.66724,27.8125,29-08-2025 22:03,0,29,157672.3438,28.2,202
S10-Chivla River,16.04156,73.28391,91.044,-3603,4.84798,2123.80542,27.8125,29-08-2025 22:03,0,29,157882.4688,28.2,202
S10-Chivla River,16.04156,73.28391,90.886,-3599,4.80277,2123.80542,27.8125,29-08-2025 22:04,0,29,157690.7812,28.2,202
S10-Chivla River,16.04156,73.28391,90.728,-3582,4.76022,2123.80542,27.8125,29-08-2025 22:04,0,29,157624.4219,28.2,202
S10-Chivla River,16.04156,73.28391,90.53,-3586,4.82404,2123.80542,27.8125,29-08-2025 22:04,0,29.1,156964.75,28.2,202
S10-Chivla River,16.04156,73.28391,90.371,-3610,4.82404,2123.80542,27.8125,29-08-2025 22:05,0,29.1,157174.7812,28.2,202
S10-Chivla River,16.04156,73.28391,90.332,-3614,4.80809,2123.80542,27.8125,29-08-2025 22:05,0,29.1,157351.6719,28.2,202
S10-Chivla River,16.04156,73.28391,90.134,-3610,4.81873,2123.80542,27.8125,29-08-2025 22:05,0,29.1,157480.6719,28.2,202
S10-Chivla River,16.04156,73.28391,89.856,-3597,4.80543,2123.80542,27.8125,29-08-2025 22:06,0,29.1,157233.75,28.2,202
S10-Chivla River,16.04156,73.28391,89.619,-3615,4.80543,2123.80542,27.8125,29-08-2025 22:06,0,29.1,157141.625,28.2,202
S10-Chivla River,16.04156,73.28391,89.579,-3648,4.80809,2123.80542,27.8125,29-08-2025 22:06,0,29.1,157126.875,28.2,202
S10-Chivla River,16.04156,73.28391,89.342,-3627,4.81607,2123.80542,27.8125,29-08-2025 22:07,0,29.1,157156.3594,28.2,201.9
S10-Chivla River,16.04156,73.28391,89.064,-3629,4.86925,2123.80542,27.8125,29-08-2025 22:07,0,29.1,157185.8281,28.3,202.1
S10-Chivla River,16.04156,73.28391,88.866,-3660,4.84532,2123.80542,27.8125,29-08-2025 22:07,0,29.1,157167.4062,28.2,201.9
S10-Chivla River,16.04156,73.28391,88.748,-3669,4.80809,2123.80542,27.8125,29-08-2025 22:08,0,29.1,157193.2031,28.3,202.2
S10-Chivla River,16.04156,73.28391,88.51,-3658,4.80543,2123.80542,27.8125,29-08-2025 22:08,0,29.1,157311.1406,28.3,202.1
S10-Chivla River,16.04156,73.28391,88.272,-3664,4.81075,2123.80542,27.8125,29-08-2025 22:08,0,29.1,157377.4844,28.3,202.1
S10-Chivla River,16.04156,73.28391,87.916,-3681,4.82404,2123.80542,27.8125,29-08-2025 22:09,0,29.1,157314.8281,28.3,202
S10-Chivla River,16.04156,73.28391,87.599,-3688,4.82404,2123.80542,27.8125,29-08-2025 22:09,0,29.1,157053.1719,28.3,202
S10-Chivla River,16.04156,73.28391,87.441,-3665,4.83468,2123.80542,27.8125,29-08-2025 22:09,0,29.1,157016.3438,28.3,202
S10-Chivla River,16.04156,73.28391,87.322,-3663,4.84798,2123.80542,27.8125,29-08-2025 22:10,0,29.1,157001.5938,28.3,202
S10-Chivla River,16.04156,73.28391,87.124,-3689,4.81075,2123.80542,27.8125,29-08-2025 22:10,0,29.1,157078.9844,28.3,202
S10-Chivla River,16.04156,73.28391,86.926,-3686,4.82404,2123.80542,27.8125,29-08-2025 22:10,0,29.1,156964.75,28.3,202
S10-Chivla River,16.04156,73.28391,86.767,-3689,4.81075,2123.80542,27.8125,29-08-2025 22:11,0,29.1,156986.8594,28.3,202
S10-Chivla River,16.04156,73.28391,86.451,-3699,4.79745,2123.80542,27.8125,29-08-2025 22:11,0,29.1,156979.5,28.3,201.7
S10-Chivla River,16.04156,73.28391,86.213,-3708,4.80809,2123.80542,27.8125,29-08-2025 22:11,0,29.1,157016.3438,28.3,201.9
S10-Chivla River,16.04156,73.28391,85.579,-3694,4.8267,2123.80542,27.8125,29-08-2025 22:12,0,29.1,156964.75,28.3,201.9
S10-Chivla River,16.04156,73.28391,84.827,-3696,4.80809,2123.80542,27.8125,29-08-2025 22:12,0,29.1,156997.9219,28.3,201.7
S10-Chivla River,16.04156,73.28391,84.629,-3716,4.82138,2123.80542,27.8125,29-08-2025 22:12,0,29.1,156990.5469,28.3,201.9
S10-Chivla River,16.04156,73.28391,84.391,-3693,4.81873,2123.80542,27.8125,29-08-2025 22:13,0,29.1,157071.6094,28.3,201.7
S10-Chivla River,16.04156,73.28391,84.193,-3697,4.84532,2123.80542,27.8125,29-08-2025 22:13,0,29.1,156972.125,28.3,201.7
S10-Chivla River,16.04156,73.28391,84.114,-3695,4.8267,2123.80542,27.8125,29-08-2025 22:13,0,29.1,156972.125,28.3,201.7
S10-Chivla River,16.04156,73.28391,84.035,-3696,4.81607,2123.80542,27.8125,29-08-2025 22:14,0,29.1,156887.3906,28.3,201.6
S10-Chivla River,16.04156,73.28391,83.837,-3726,4.83468,2123.80542,27.8125,29-08-2025 22:14,0,29.1,157171.1094,28.3,201.7
S10-Chivla River,16.04156,73.28391,83.282,-3723,4.80809,2123.80542,27.8125,29-08-2025 22:14,0,29.1,157322.2031,28.3,201.7
S10-Chivla River,16.04156,73.28391,82.847,-3733,4.81607,2123.80542,27.8125,29-08-2025 22:15,0,29.1,157392.2188,28.3,201.6
S10-Chivla River,16.04156,73.28391,82.174,-3733,4.82138,2123.80542,27.8125,29-08-2025 22:15,0,29.1,157123.2031,28.3,201.7
S10-Chivla River,16.04156,73.28391,81.659,-3722,4.8267,2123.80542,27.8125,29-08-2025 22:15,0,29.1,156894.75,28.3,201.7
S10-Chivla River,16.04156,73.28391,81.5,-3718,4.82404,2123.80542,27.8125,29-08-2025 22:16,0,29.1,156902.1094,28.3,201.7
S10-Chivla River,16.04156,73.28391,81.342,-3734,4.82404,2123.80542,27.8125,29-08-2025 22:16,0,29.1,156905.7969,28.4,202
S10-Chivla River,16.04156,73.28391,81.223,-3732,4.83734,2123.80542,27.875,29-08-2025 22:16,0,29.1,157001.5938,28.3,201.7
S10-Chivla River,16.04156,73.28391,80.867,-3723,4.81341,2117.97095,27.8125,29-08-2025 22:17,0,29.1,156927.9062,28.3,201.6
S10-Chivla River,16.04156,73.28391,80.51,-3744,4.81873,2123.80542,27.8125,29-08-2025 22:17,0,29.1,157060.5469,28.4,201.9
S10-Chivla River,16.04156,73.28391,80.352,-3753,4.81075,2123.80542,27.8125,29-08-2025 22:17,0,29.1,157031.0781,28.3,201.5
S10-Chivla River,16.04156,73.28391,79.877,-3727,4.84266,2123.80542,27.8125,29-08-2025 22:18,0,29.1,157045.8125,28.4,201.7
S10-Chivla River,16.04156,73.28391,79.322,-3732,4.82138,2123.80542,27.8125,29-08-2025 22:18,0,29.1,157056.875,28.4,201.7
S10-Chivla River,16.04156,73.28391,78.926,-3769,4.84532,2123.80542,27.8125,29-08-2025 22:18,0,29.1,156905.7969,28.4,201.7
S10-Chivla River,16.04156,73.28391,78.411,-3758,4.83468,2123.80542,27.875,29-08-2025 22:19,0,29.1,156810,28.4,201.7
S10-Chivla River,16.04156,73.28391,78.095,-3753,4.81607,2117.97095,27.875,29-08-2025 22:19,0,29.1,156703.1719,28.4,201.6
S10-Chivla River,16.04156,73.28391,77.857,-3763,4.84532,2117.97095,27.8125,29-08-2025 22:19,0,29.1,156791.5938,28.4,201.6
S10-Chivla River,16.04156,73.28391,77.58,-3781,4.81873,2123.80542,27.8125,29-08-2025 22:20,0,29.1,156802.6406,28.4,201.5
S10-Chivla River,16.04156,73.28391,77.501,-3756,4.81341,2123.80542,27.8125,29-08-2025 22:20,0,29.2,156390.0625,28.4,201.5
S10-Chivla River,16.04156,73.28391,77.421,-3737,4.84,2123.80542,27.8125,29-08-2025 22:20,0,29.2,156607.3906,28.4,201.6
S10-Chivla River,16.04156,73.28391,77.342,-3775,4.80809,2123.80542,27.8125,29-08-2025 22:21,0,29.2,156732.6406,28.4,201.6
S10-Chivla River,16.04156,73.28391,77.184,-3747,4.82138,2123.80542,27.8125,29-08-2025 22:21,0,29.2,156762.1094,28.4,201.5
S10-Chivla River,16.04156,73.28391,77.025,-3760,4.82936,2123.80542,27.875,29-08-2025 22:21,0,29.2,156467.4219,28.4,201.5
S10-Chivla River,16.04156,73.28391,76.946,-3780,4.81341,2117.97095,27.8125,29-08-2025 22:22,0,29.2,156412.1562,28.4,201.5
S10-Chivla River,16.04156,73.28391,76.709,-3767,4.81341,2123.80542,27.8125,29-08-2025 22:22,0,29.2,156426.8906,28.4,201.5
S10-Chivla River,16.04156,73.28391,76.431,-3793,4.82404,2123.80542,27.8125,29-08-2025 22:22,0,29.2,156489.5156,28.4,201.4
S10-Chivla River,16.04156,73.28391,76.273,-3774,4.81075,2123.80542,27.8125,29-08-2025 22:23,0,29.2,156434.2656,28.4,201.5
S10-Chivla River,16.04156,73.28391,76.075,-3743,4.80809,2123.80542,27.8125,29-08-2025 22:23,0,29.2,156386.375,28.4,201.5
S10-Chivla River,16.04156,73.28391,76.075,-3724,4.81607,2123.80542,27.8125,29-08-2025 22:23,0,29.2,156397.4219,28.4,201.4
S10-Chivla River,16.04156,73.28391,75.917,-3758,4.81607,2123.80542,27.8125,29-08-2025 22:24,0,29.2,156434.2656,28.4,201.4
S10-Chivla River,16.04156,73.28391,75.6,-3781,4.83734,2123.80542,27.875,29-08-2025 22:24,0,29.2,156463.7188,28.4,201.4
S10-Chivla River,16.04156,73.28391,75.322,-3777,4.83202,2117.97095,27.875,29-08-2025 22:24,0,29.2,156449,28.4,201.4
S10-Chivla River,16.04156,73.28391,75.085,-3760,4.80543,2117.97095,27.875,29-08-2025 22:25,0,29.2,156390.0625,28.4,201.3
S10-Chivla River,16.04156,73.28391,75.006,-3778,4.81607,2117.97095,27.875,29-08-2025 22:25,0,29.2,156180.1406,28.4,201.4
S10-Chivla River,16.04156,73.28391,74.768,-3777,4.81873,2117.97095,27.8125,29-08-2025 22:25,0,29.2,155981.2812,28.4,201.3
S10-Chivla River,16.04156,73.28391,74.491,-3775,4.79745,2123.80542,27.875,29-08-2025 22:26,0,29.2,156018.1094,28.4,201.3
S10-Chivla River,16.04156,73.28391,74.412,-3776,4.81075,2117.97095,27.875,29-08-2025 22:26,0,29.2,156084.3906,28.4,201.2
S10-Chivla River,16.04156,73.28391,74.293,-3777,4.83468,2117.97095,27.875,29-08-2025 22:26,0,29.2,156161.7188,28.4,201.2
S10-Chivla River,16.04156,73.28391,74.293,-3790,4.84266,2117.97095,27.875,29-08-2025 22:27,0,29.2,156180.1406,28.4,201.2
S10-Chivla River,16.04156,73.28391,73.936,-3815,4.79479,2117.97095,27.875,29-08-2025 22:27,0,29.2,156367.9688,28.4,201.1
S10-Chivla River,16.04156,73.28391,73.62,-3802,4.82138,2117.97095,27.875,29-08-2025 22:27,0,29.2,156320.0781,28.4,201.2
S10-Chivla River,16.04156,73.28391,73.461,-3777,4.86127,2117.97095,27.875,29-08-2025 22:28,0,29.2,156253.7969,28.4,201
S10-Chivla River,16.04156,73.28391,73.303,-3781,4.80809,2117.97095,27.875,29-08-2025 22:28,0,29.3,155760.3594,28.4,201.1
S10-Chivla River,16.04156,73.28391,73.263,-3797,4.76288,2117.97095,27.875,29-08-2025 22:28,0,29.3,155845.0469,28.4,201
S10-Chivla River,16.04156,73.28391,73.263,-3799,4.82138,2117.97095,27.875,29-08-2025 22:29,0,29.3,155867.1406,28.4,201
S10-Chivla River,16.04156,73.28391,73.105,-3806,4.83734,2117.97095,27.875,29-08-2025 22:29,0,29.3,155988.6406,28.4,201
S10-Chivla River,16.04156,73.28391,72.946,-3807,4.81341,2117.97095,27.875,29-08-2025 22:29,0,29.3,156198.5469,28.4,201
S10-Chivla River,16.04156,73.28391,72.788,-3802,4.80809,2117.97095,27.9375,29-08-2025 22:30,0,29.3,156323.7812,28.4,201
S10-Chivla River,16.04156,73.28391,72.63,-3795,4.80809,2112.16382,27.9375,29-08-2025 22:30,0,29.3,156187.5,28.4,200.9
